case_id,activity,start_timestamp,timestamp,resource,line,cost_chf
CL-00076,Order released,2026-03-02 12:09:19.214929,2026-03-02 12:09:19.214929,Planner,CityLine,0.0
CL-00077,Order released,2026-03-02 12:20:37.298010,2026-03-02 12:20:37.298010,Planner,CityLine,0.0
CL-00084,Order released,2026-03-02 16:04:24.095316,2026-03-02 16:04:24.095316,Planner,CityLine,0.0
CL-00114,Order released,2026-03-03 05:02:06.308929,2026-03-03 05:02:06.308929,Planner,CityLine,0.0
CL-00121,Order released,2026-03-03 07:36:16.799691,2026-03-03 07:36:16.799691,Planner,CityLine,0.0
CL-00126,Order released,2026-03-03 09:39:26.899759,2026-03-03 09:39:26.899759,Planner,CityLine,0.0
CL-00127,Order released,2026-03-03 09:49:26.800691,2026-03-03 09:49:26.800691,Planner,CityLine,0.0
CL-00076,Frame & painting,2026-03-03 10:04:48.715663,2026-03-03 10:11:13.070288,Op-Paint,CityLine,0.0
CL-00128,Express release,2026-03-03 10:12:37.123502,2026-03-03 10:12:37.123502,Planner,CityLine,0.0
CL-00077,Frame & painting,2026-03-03 10:11:13.070288,2026-03-03 10:20:04.384640,Op-Paint,CityLine,0.0
CL-00129,Order released,2026-03-03 10:33:40.438444,2026-03-03 10:33:40.438444,Planner,CityLine,0.0
CL-00130,Order released,2026-03-03 11:02:42.832315,2026-03-03 11:02:42.832315,Planner,CityLine,0.0
CL-00131,Order released,2026-03-03 11:23:33.349718,2026-03-03 11:23:33.349718,Planner,CityLine,0.0
CL-00132,Order released,2026-03-03 11:36:07.131005,2026-03-03 11:36:07.131005,Planner,CityLine,0.0
CL-00133,Order released,2026-03-03 11:48:47.276958,2026-03-03 11:48:47.276958,Planner,CityLine,0.0
CL-00134,Order released,2026-03-03 12:11:15.685452,2026-03-03 12:11:15.685452,Planner,CityLine,0.0
CL-00084,Frame & painting,2026-03-03 12:16:01.917169,2026-03-03 12:30:39.142759,Op-Paint,CityLine,0.0
CL-00135,Order released,2026-03-03 12:33:57.857394,2026-03-03 12:33:57.857394,Planner,CityLine,0.0
CL-00136,Order released,2026-03-03 12:47:08.250587,2026-03-03 12:47:08.250587,Planner,CityLine,0.0
CL-00137,Order released,2026-03-03 12:53:48.859439,2026-03-03 12:53:48.859439,Planner,CityLine,0.0
CL-00138,Order released,2026-03-03 13:13:39.340451,2026-03-03 13:13:39.340451,Planner,CityLine,0.0
CL-00139,Order released,2026-03-03 13:41:39.994806,2026-03-03 13:41:39.994806,Planner,CityLine,0.0
CL-00140,Order released,2026-03-03 14:15:32.239101,2026-03-03 14:15:32.239101,Planner,CityLine,0.0
CL-00141,Order released,2026-03-03 14:24:45.305241,2026-03-03 14:24:45.305241,Planner,CityLine,0.0
CL-00142,Order released,2026-03-03 14:41:38.994579,2026-03-03 14:41:38.994579,Planner,CityLine,0.0
CL-00143,Order released,2026-03-03 15:00:39.747061,2026-03-03 15:00:39.747061,Planner,CityLine,0.0
CL-00144,Order released,2026-03-03 15:09:41.736860,2026-03-03 15:09:41.736860,Planner,CityLine,0.0
CL-00145,Order released,2026-03-03 15:42:29.229757,2026-03-03 15:42:29.229757,Planner,CityLine,0.0
CL-00146,Order released,2026-03-03 15:50:51.025621,2026-03-03 15:50:51.025621,Planner,CityLine,0.0
CL-00147,Order released,2026-03-03 16:26:49.172724,2026-03-03 16:26:49.172724,Planner,CityLine,0.0
CL-00148,Order released,2026-03-03 16:37:22.013876,2026-03-03 16:37:22.013876,Planner,CityLine,0.0
CL-00149,Order released,2026-03-03 16:54:50.172336,2026-03-03 16:54:50.172336,Planner,CityLine,0.0
CL-00150,Order released,2026-03-03 17:13:27.205435,2026-03-03 17:13:27.205435,Planner,CityLine,0.0
CL-00151,Order released,2026-03-03 17:22:25.192197,2026-03-03 17:22:25.192197,Planner,CityLine,0.0
CL-00152,Order released,2026-03-03 17:33:56.104102,2026-03-03 17:33:56.104102,Planner,CityLine,0.0
CL-00153,Order released,2026-03-03 18:03:03.137528,2026-03-03 18:03:03.137528,Planner,CityLine,0.0
CL-00154,Order released,2026-03-03 18:25:34.503294,2026-03-03 18:25:34.503294,Planner,CityLine,0.0
CL-00155,Order released,2026-03-03 18:39:46.588483,2026-03-03 18:39:46.588483,Planner,CityLine,0.0
CL-00156,Order released,2026-03-03 19:00:46.964540,2026-03-03 19:00:46.964540,Planner,CityLine,0.0
CL-00157,Order released,2026-03-03 19:08:04.971506,2026-03-03 19:08:04.971506,Planner,CityLine,0.0
CL-00158,Order released,2026-03-03 19:32:21.206217,2026-03-03 19:32:21.206217,Planner,CityLine,0.0
CL-00159,Order released,2026-03-03 19:46:53.104302,2026-03-03 19:46:53.104302,Planner,CityLine,0.0
CL-00160,Order released,2026-03-03 20:16:17.659452,2026-03-03 20:16:17.659452,Planner,CityLine,0.0
CL-00161,Order released,2026-03-03 20:37:46.699770,2026-03-03 20:37:46.699770,Planner,CityLine,0.0
CL-00162,Order released,2026-03-03 20:52:17.546253,2026-03-03 20:52:17.546253,Planner,CityLine,0.0
CL-00163,Order released,2026-03-03 21:13:09.923505,2026-03-03 21:13:09.923505,Planner,CityLine,0.0
CL-00114,Frame & painting,2026-03-03 21:06:53.936712,2026-03-03 21:22:32.898488,Op-Paint,CityLine,0.0
CL-00164,Order released,2026-03-03 21:33:10.831719,2026-03-03 21:33:10.831719,Planner,CityLine,0.0
CL-00165,Order released,2026-03-03 21:42:24.003198,2026-03-03 21:42:24.003198,Planner,CityLine,0.0
CL-00166,Order released,2026-03-03 22:05:55.053355,2026-03-03 22:05:55.053355,Planner,CityLine,0.0
CL-00167,Order released,2026-03-03 22:18:21.843360,2026-03-03 22:18:21.843360,Planner,CityLine,0.0
CL-00168,Order released,2026-03-03 22:44:17.010803,2026-03-03 22:44:17.010803,Planner,CityLine,0.0
CL-00169,Order released,2026-03-03 23:05:53.163887,2026-03-03 23:05:53.163887,Planner,CityLine,0.0
CL-00170,Order released,2026-03-03 23:19:32.657270,2026-03-03 23:19:32.657270,Planner,CityLine,0.0
CL-00171,Order released,2026-03-03 23:45:36.672778,2026-03-03 23:45:36.672778,Planner,CityLine,0.0
CL-00172,Order released,2026-03-03 23:51:23.929898,2026-03-03 23:51:23.929898,Planner,CityLine,0.0
CL-00173,Order released,2026-03-04 00:01:45.567992,2026-03-04 00:01:45.567992,Planner,CityLine,0.0
CL-00121,Frame & painting,2026-03-03 23:46:20.949737,2026-03-04 00:01:59.120416,Op-Paint,CityLine,0.0
CL-00174,Order released,2026-03-04 00:28:14.738032,2026-03-04 00:28:14.738032,Planner,CityLine,0.0
CL-00175,Order released,2026-03-04 00:45:21.986894,2026-03-04 00:45:21.986894,Planner,CityLine,0.0
CL-00176,Order released,2026-03-04 01:06:02.228795,2026-03-04 01:06:02.228795,Planner,CityLine,0.0
CL-00177,Order released,2026-03-04 01:19:02.290873,2026-03-04 01:19:02.290873,Planner,CityLine,0.0
CL-00126,Frame & painting,2026-03-04 01:14:53.799013,2026-03-04 01:23:06.077678,Op-Paint,CityLine,0.0
CL-00126,Fork & steering,2026-03-04 01:23:06.077678,2026-03-04 01:29:11.977883,Op-Fork,CityLine,0.0
CL-00178,Order released,2026-03-04 01:34:08.246546,2026-03-04 01:34:08.246546,Planner,CityLine,0.0
CL-00127,Frame & painting,2026-03-04 01:23:06.077678,2026-03-04 01:35:22.962228,Op-Paint,CityLine,0.0
CL-00076,Paint rework,2026-03-04 01:35:22.962228,2026-03-04 01:42:38.570940,Op-Paint,CityLine,30.0
CL-00127,Fork & steering,2026-03-04 01:35:22.962228,2026-03-04 01:42:48.445619,Op-Fork,CityLine,0.0
CL-00126,Wheels,2026-03-04 01:34:07.733859,2026-03-04 01:48:42.690025,Op-Wheels,CityLine,0.0
CL-00128,Frame & painting,2026-03-04 01:42:38.570940,2026-03-04 01:49:44.785248,Op-Paint,CityLine,0.0
CL-00076,Fork & steering,2026-03-04 01:42:48.445619,2026-03-04 01:52:15.851048,Op-Fork,CityLine,0.0
CL-00127,Wheels,2026-03-04 01:48:42.690025,2026-03-04 02:01:24.908246,Op-Wheels,CityLine,0.0
CL-00077,Paint rework,2026-03-04 01:49:44.785248,2026-03-04 02:02:06.300230,Op-Paint,CityLine,30.0
CL-00179,Order released,2026-03-04 02:04:07.430146,2026-03-04 02:04:07.430146,Planner,CityLine,0.0
CL-00077,Fork & steering,2026-03-04 02:02:06.300230,2026-03-04 02:08:15.792147,Op-Fork,CityLine,0.0
CL-00076,Wheels,2026-03-04 02:01:24.908246,2026-03-04 02:11:52.820254,Op-Wheels,CityLine,0.0
CL-00129,Frame & painting,2026-03-04 02:02:06.300230,2026-03-04 02:18:28.578981,Op-Paint,CityLine,0.0
CL-00180,Order released,2026-03-04 02:21:06.799092,2026-03-04 02:21:06.799092,Planner,CityLine,0.0
CL-00077,Wheels,2026-03-04 02:11:52.820254,2026-03-04 02:25:29.295869,Op-Wheels,CityLine,0.0
CL-00129,Fork & steering,2026-03-04 02:18:28.578981,2026-03-04 02:28:28.131939,Op-Fork,CityLine,0.0
CL-00181,Order released,2026-03-04 02:32:32.635369,2026-03-04 02:32:32.635369,Planner,CityLine,0.0
CL-00129,Wheels,2026-03-04 02:28:28.131939,2026-03-04 02:34:32.748626,Op-Wheels,CityLine,0.0
CL-00182,Order released,2026-03-04 02:40:36.746819,2026-03-04 02:40:36.746819,Planner,CityLine,0.0
CL-00183,Order released,2026-03-04 02:51:32.757603,2026-03-04 02:51:32.757603,Planner,CityLine,0.0
CL-00130,Color change,2026-03-04 02:18:28.578981,2026-03-04 03:02:28.343127,Op-Paint,CityLine,0.0
CL-00130,Frame & painting,2026-03-04 03:02:28.343127,2026-03-04 03:10:36.139991,Op-Paint,CityLine,0.0
CL-00184,Order released,2026-03-04 03:12:16.695535,2026-03-04 03:12:16.695535,Planner,CityLine,0.0
CL-00130,Fork & steering,2026-03-04 03:10:36.139991,2026-03-04 03:19:15.878880,Op-Fork,CityLine,0.0
CL-00131,Frame & painting,2026-03-04 03:10:36.139991,2026-03-04 03:22:02.479476,Op-Paint,CityLine,0.0
CL-00131,Fork & steering,2026-03-04 03:22:02.479476,2026-03-04 03:28:16.901989,Op-Fork,CityLine,0.0
CL-00132,Frame & painting,2026-03-04 03:22:02.479476,2026-03-04 03:31:24.527668,Op-Paint,CityLine,0.0
CL-00130,Wheels,2026-03-04 03:19:15.878880,2026-03-04 03:34:49.553814,Op-Wheels,CityLine,0.0
CL-00132,Fork & steering,2026-03-04 03:31:24.527668,2026-03-04 03:35:48.509191,Op-Fork,CityLine,0.0
CL-00133,Frame & painting,2026-03-04 03:31:24.527668,2026-03-04 03:40:27.502469,Op-Paint,CityLine,0.0
CL-00185,Order released,2026-03-04 03:41:59.155198,2026-03-04 03:41:59.155198,Planner,CityLine,0.0
CL-00126,Transmission,2026-03-04 03:35:20.449169,2026-03-04 03:44:12.167296,Op-Trans,CityLine,0.0
CL-00131,Wheels,2026-03-04 03:34:49.553814,2026-03-04 03:48:11.230208,Op-Wheels,CityLine,0.0
CL-00133,Fork & steering,2026-03-04 03:40:27.502469,2026-03-04 03:48:44.121320,Op-Fork,CityLine,0.0
CL-00134,Frame & painting,2026-03-04 03:40:27.502469,2026-03-04 03:51:18.949168,Op-Paint,CityLine,0.0
CL-00132,Wheels,2026-03-04 03:48:11.230208,2026-03-04 03:56:06.189648,Op-Wheels,CityLine,0.0
CL-00084,Paint rework,2026-03-04 03:51:18.949168,2026-03-04 03:57:37.729324,Op-Paint,CityLine,30.0
CL-00186,Order released,2026-03-04 03:59:13.877923,2026-03-04 03:59:13.877923,Planner,CityLine,0.0
CL-00127,Transmission,2026-03-04 03:44:12.167296,2026-03-04 03:59:48.372025,Op-Trans,CityLine,0.0
CL-00134,Fork & steering,2026-03-04 03:51:18.949168,2026-03-04 04:00:04.915387,Op-Fork,CityLine,0.0
CL-00084,Fork & steering,2026-03-04 04:00:04.915387,2026-03-04 04:09:13.392339,Op-Fork,CityLine,0.0
CL-00076,Transmission,2026-03-04 03:59:48.372025,2026-03-04 04:15:12.222682,Op-Trans,CityLine,0.0
CL-00133,Wheels,2026-03-04 03:56:06.189648,2026-03-04 04:18:52.222713,Op-Wheels,CityLine,0.0
CL-00126,Brakes,2026-03-04 04:12:25.165931,2026-03-04 04:25:11.289662,Op-Brakes,CityLine,0.0
CL-00187,Order released,2026-03-04 04:25:38.189673,2026-03-04 04:25:38.189673,Planner,CityLine,0.0
CL-00134,Wheels,2026-03-04 04:18:52.222713,2026-03-04 04:28:00.385117,Op-Wheels,CityLine,0.0
CL-00126,Accessories,2026-03-04 04:25:11.289662,2026-03-04 04:32:20.267494,Op-Access,CityLine,0.0
CL-00127,Brakes,2026-03-04 04:25:11.289662,2026-03-04 04:35:02.387525,Op-Brakes,CityLine,0.0
CL-00126,Final inspection,2026-03-04 04:32:20.267494,2026-03-04 04:36:00.193387,Op-Inspect,CityLine,0.0
CL-00188,Order released,2026-03-04 04:36:00.193387,2026-03-04 04:36:00.193387,Planner,CityLine,0.0
CL-00084,Wheels,2026-03-04 04:28:00.385117,2026-03-04 04:42:10.992287,Op-Wheels,CityLine,0.0
CL-00135,Color change,2026-03-04 03:57:37.729324,2026-03-04 04:44:02.335630,Op-Paint,CityLine,0.0
CL-00076,Brakes,2026-03-04 04:35:02.387525,2026-03-04 04:44:59.677004,Op-Brakes,CityLine,0.0
CL-00127,Accessories,2026-03-04 04:35:02.387525,2026-03-04 04:46:25.607700,Op-Access,CityLine,0.0
CL-00077,Transmission,2026-03-04 04:15:12.222682,2026-03-04 04:47:21.309578,Op-Trans,CityLine,0.0
CL-00135,Frame & painting,2026-03-04 04:44:02.335630,2026-03-04 04:51:23.853424,Op-Paint,CityLine,0.0
CL-00127,Final inspection,2026-03-04 04:46:25.607700,2026-03-04 04:56:48.347453,Op-Inspect,CityLine,0.0
CL-00189,Order released,2026-03-04 04:56:48.347453,2026-03-04 04:56:48.347453,Planner,CityLine,0.0
CL-00136,Frame & painting,2026-03-04 04:51:23.853424,2026-03-04 04:56:51.998762,Op-Paint,CityLine,0.0
CL-00129,Transmission,2026-03-04 04:47:21.309578,2026-03-04 04:57:22.908399,Op-Trans,CityLine,0.0
CL-00076,Accessories,2026-03-04 04:46:25.607700,2026-03-04 04:59:23.999142,Op-Access,CityLine,0.0
CL-00135,Fork & steering,2026-03-04 04:51:23.853424,2026-03-04 05:00:03.751538,Op-Fork,CityLine,0.0
CL-00136,Fork & steering,2026-03-04 05:00:03.751538,2026-03-04 05:02:54.703726,Op-Fork,CityLine,0.0
CL-00077,Brakes,2026-03-04 04:47:21.309578,2026-03-04 05:03:02.997594,Op-Brakes,CityLine,0.0
CL-00137,Frame & painting,2026-03-04 04:56:51.998762,2026-03-04 05:06:53.487907,Op-Paint,CityLine,0.0
CL-00076,Final inspection,2026-03-04 04:59:23.999142,2026-03-04 05:10:18.199150,Op-Inspect,CityLine,0.0
CL-00190,Order released,2026-03-04 05:10:18.199150,2026-03-04 05:10:18.199150,Planner,CityLine,0.0
CL-00077,Accessories,2026-03-04 05:03:02.997594,2026-03-04 05:10:40.544913,Op-Access,CityLine,0.0
CL-00129,Brakes,2026-03-04 05:03:02.997594,2026-03-04 05:13:45.583671,Op-Brakes,CityLine,0.0
CL-00137,Fork & steering,2026-03-04 05:06:53.487907,2026-03-04 05:14:41.279744,Op-Fork,CityLine,0.0
CL-00077,Final inspection,2026-03-04 05:10:40.544913,2026-03-04 05:15:30.913665,Op-Inspect,CityLine,0.0
CL-00191,Order released,2026-03-04 05:15:30.913665,2026-03-04 05:15:30.913665,Planner,CityLine,0.0
CL-00135,Wheels,2026-03-04 05:00:03.751538,2026-03-04 05:15:48.800820,Op-Wheels,CityLine,0.0
CL-00130,Transmission,2026-03-04 04:57:22.908399,2026-03-04 05:15:54.463681,Op-Trans,CityLine,0.0
CL-00129,Accessories,2026-03-04 05:13:45.583671,2026-03-04 05:20:31.189186,Op-Access,CityLine,0.0
CL-00138,Frame & painting,2026-03-04 05:06:53.487907,2026-03-04 05:21:19.285900,Op-Paint,CityLine,0.0
CL-00130,Brakes,2026-03-04 05:15:54.463681,2026-03-04 05:21:54.200437,Op-Brakes,CityLine,0.0
CL-00139,Frame & painting,2026-03-04 05:21:19.285900,2026-03-04 05:27:09.974363,Op-Paint,CityLine,0.0
CL-00136,Wheels,2026-03-04 05:15:48.800820,2026-03-04 05:27:57.735839,Op-Wheels,CityLine,0.0
CL-00129,Final inspection,2026-03-04 05:20:31.189186,2026-03-04 05:28:37.739564,Op-Inspect,CityLine,0.0
CL-00192,Order released,2026-03-04 05:28:37.739564,2026-03-04 05:28:37.739564,Planner,CityLine,0.0
CL-00138,Fork & steering,2026-03-04 05:21:19.285900,2026-03-04 05:30:30.243296,Op-Fork,CityLine,0.0
CL-00130,Accessories,2026-03-04 05:21:54.200437,2026-03-04 05:34:36.071984,Op-Access,CityLine,0.0
CL-00137,Wheels,2026-03-04 05:27:57.735839,2026-03-04 05:36:29.096310,Op-Wheels,CityLine,0.0
CL-00130,Final inspection,2026-03-04 05:34:36.071984,2026-03-04 05:42:50.810799,Op-Inspect,CityLine,0.0
CL-00193,Order released,2026-03-04 05:42:50.810799,2026-03-04 05:42:50.810799,Planner,CityLine,0.0
CL-00138,Wheels,2026-03-04 05:36:29.096310,2026-03-04 05:46:50.183211,Op-Wheels,CityLine,0.0
CL-00131,Transmission,2026-03-04 05:15:54.463681,2026-03-04 05:47:30.628289,Op-Trans,CityLine,0.0
CL-00132,Transmission,2026-03-04 05:47:30.628289,2026-03-04 05:57:21.450033,Op-Trans,CityLine,0.0
CL-00140,Color change,2026-03-04 05:27:09.974363,2026-03-04 06:05:54.761811,Op-Paint,CityLine,0.0
CL-00131,Brakes,2026-03-04 05:47:30.628289,2026-03-04 06:11:40.810157,Op-Brakes,CityLine,0.0
CL-00140,Frame & painting,2026-03-04 06:05:54.761811,2026-03-04 06:13:53.913727,Op-Paint,CityLine,0.0
CL-00132,Brakes,2026-03-04 06:11:40.810157,2026-03-04 06:20:09.475468,Op-Brakes,CityLine,0.0
CL-00133,Transmission,2026-03-04 05:57:21.450033,2026-03-04 06:23:07.032413,Op-Trans,CityLine,0.0
CL-00140,Fork & steering,2026-03-04 06:13:53.913727,2026-03-04 06:24:29.414074,Op-Fork,CityLine,0.0
CL-00131,Accessories,2026-03-04 06:11:40.810157,2026-03-04 06:25:12.237372,Op-Access,CityLine,0.0
CL-00141,Frame & painting,2026-03-04 06:13:53.913727,2026-03-04 06:27:01.740510,Op-Paint,CityLine,0.0
CL-00141,Fork & steering,2026-03-04 06:27:01.740510,2026-03-04 06:32:34.084964,Op-Fork,CityLine,0.0
CL-00131,Final inspection,2026-03-04 06:25:12.237372,2026-03-04 06:32:44.938442,Op-Inspect,CityLine,0.0
CL-00194,Order released,2026-03-04 06:32:44.938442,2026-03-04 06:32:44.938442,Planner,CityLine,0.0
CL-00140,Wheels,2026-03-04 06:24:29.414074,2026-03-04 06:34:09.556998,Op-Wheels,CityLine,0.0
CL-00133,Brakes,2026-03-04 06:23:07.032413,2026-03-04 06:34:33.114903,Op-Brakes,CityLine,0.0
CL-00134,Transmission,2026-03-04 06:23:07.032413,2026-03-04 06:38:42.148842,Op-Trans,CityLine,0.0
CL-00132,Accessories,2026-03-04 06:25:12.237372,2026-03-04 06:38:52.896189,Op-Access,CityLine,0.0
CL-00142,Frame & painting,2026-03-04 06:27:01.740510,2026-03-04 06:39:31.239653,Op-Paint,CityLine,0.0
CL-00133,Accessories,2026-03-04 06:38:52.896189,2026-03-04 06:43:45.211388,Op-Access,CityLine,0.0
CL-00132,Final inspection,2026-03-04 06:38:52.896189,2026-03-04 06:43:48.004655,Op-Inspect,CityLine,0.0
CL-00195,Order released,2026-03-04 06:43:48.004655,2026-03-04 06:43:48.004655,Planner,CityLine,0.0
CL-00142,Fork & steering,2026-03-04 06:39:31.239653,2026-03-04 06:46:51.620300,Op-Fork,CityLine,0.0
CL-00141,Wheels,2026-03-04 06:34:09.556998,2026-03-04 06:47:32.179599,Op-Wheels,CityLine,0.0
CL-00143,Frame & painting,2026-03-04 06:39:31.239653,2026-03-04 06:47:38.881698,Op-Paint,CityLine,0.0
CL-00134,Brakes,2026-03-04 06:38:42.148842,2026-03-04 06:49:01.934111,Op-Brakes,CityLine,0.0
CL-00084,Transmission,2026-03-04 06:38:42.148842,2026-03-04 06:50:56.300211,Op-Trans,CityLine,0.0
CL-00133,Final inspection,2026-03-04 06:43:48.004655,2026-03-04 06:53:28.274177,Op-Inspect,CityLine,0.0
CL-00196,Order released,2026-03-04 06:53:28.274177,2026-03-04 06:53:28.274177,Planner,CityLine,0.0
CL-00144,Frame & painting,2026-03-04 06:47:38.881698,2026-03-04 06:53:31.858608,Op-Paint,CityLine,0.0
CL-00142,Wheels,2026-03-04 06:47:32.179599,2026-03-04 06:55:49.149044,Op-Wheels,CityLine,0.0
CL-00144,Fork & steering,2026-03-04 06:53:31.858608,2026-03-04 06:59:42.171543,Op-Fork,CityLine,0.0
CL-00084,Brakes,2026-03-04 06:50:56.300211,2026-03-04 07:01:43.407083,Op-Brakes,CityLine,0.0
CL-00134,Accessories,2026-03-04 06:49:01.934111,2026-03-04 07:02:53.126834,Op-Access,CityLine,0.0
CL-00134,Final inspection,2026-03-04 07:02:53.126834,2026-03-04 07:08:39.707900,Op-Inspect,CityLine,0.0
CL-00197,Order released,2026-03-04 07:08:39.707900,2026-03-04 07:08:39.707900,Planner,CityLine,0.0
CL-00135,Transmission,2026-03-04 06:50:56.300211,2026-03-04 07:09:27.405543,Op-Trans,CityLine,0.0
CL-00144,Wheels,2026-03-04 06:59:42.171543,2026-03-04 07:09:43.229224,Op-Wheels,CityLine,0.0
CL-00084,Accessories,2026-03-04 07:02:53.126834,2026-03-04 07:16:52.404584,Op-Access,CityLine,0.0
CL-00135,Brakes,2026-03-04 07:09:27.405543,2026-03-04 07:21:08.273114,Op-Brakes,CityLine,0.0
CL-00084,Final inspection,2026-03-04 07:16:52.404584,2026-03-04 07:24:20.023507,Op-Inspect,CityLine,0.0
CL-00198,Order released,2026-03-04 07:24:20.023507,2026-03-04 07:24:20.023507,Planner,CityLine,0.0
CL-00145,Color change,2026-03-04 06:53:31.858608,2026-03-04 07:30:42.600883,Op-Paint,CityLine,0.0
CL-00135,Accessories,2026-03-04 07:21:08.273114,2026-03-04 07:32:55.348695,Op-Access,CityLine,0.0
CL-00136,Transmission,2026-03-04 07:09:27.405543,2026-03-04 07:40:14.581974,Op-Trans,CityLine,0.0
CL-00135,Final inspection,2026-03-04 07:32:55.348695,2026-03-04 07:40:38.821356,Op-Inspect,CityLine,0.0
CL-00199,Order released,2026-03-04 07:40:38.821356,2026-03-04 07:40:38.821356,Planner,CityLine,0.0
CL-00145,Frame & painting,2026-03-04 07:30:42.600883,2026-03-04 07:41:56.098629,Op-Paint,CityLine,0.0
CL-00145,Fork & steering,2026-03-04 07:41:56.098629,2026-03-04 07:46:04.519338,Op-Fork,CityLine,0.0
CL-00146,Frame & painting,2026-03-04 07:41:56.098629,2026-03-04 07:51:43.888075,Op-Paint,CityLine,0.0
CL-00146,Fork & steering,2026-03-04 07:51:43.888075,2026-03-04 07:55:13.992445,Op-Fork,CityLine,0.0
CL-00136,Brakes,2026-03-04 07:40:14.581974,2026-03-04 07:56:05.587218,Op-Brakes,CityLine,0.0
CL-00137,Transmission,2026-03-04 07:40:14.581974,2026-03-04 07:57:15.236481,Op-Trans,CityLine,0.0
CL-00147,Frame & painting,2026-03-04 07:51:43.888075,2026-03-04 08:00:34.644718,Op-Paint,CityLine,0.0
CL-00145,Wheels,2026-03-04 07:46:04.519338,2026-03-04 08:01:17.675279,Op-Wheels,CityLine,0.0
CL-00136,Accessories,2026-03-04 07:56:05.587218,2026-03-04 08:04:07.830290,Op-Access,CityLine,0.0
CL-00138,Transmission,2026-03-04 07:57:15.236481,2026-03-04 08:07:28.734489,Op-Trans,CityLine,0.0
CL-00136,Final inspection,2026-03-04 08:04:07.830290,2026-03-04 08:10:59.996722,Op-Inspect,CityLine,0.0
CL-00200,Order released,2026-03-04 08:10:59.996722,2026-03-04 08:10:59.996722,Planner,CityLine,0.0
CL-00148,Frame & painting,2026-03-04 08:00:34.644718,2026-03-04 08:11:34.562695,Op-Paint,CityLine,0.0
CL-00146,Wheels,2026-03-04 08:01:17.675279,2026-03-04 08:13:52.097810,Op-Wheels,CityLine,0.0
CL-00147,Fork & steering,2026-03-04 08:00:34.644718,2026-03-04 08:14:03.720291,Op-Fork,CityLine,0.0
CL-00149,Frame & painting,2026-03-04 08:11:34.562695,2026-03-04 08:17:29.667717,Op-Paint,CityLine,0.0
CL-00137,Brakes,2026-03-04 07:57:15.236481,2026-03-04 08:20:20.967647,Op-Brakes,CityLine,0.0
CL-00148,Fork & steering,2026-03-04 08:14:03.720291,2026-03-04 08:22:05.153694,Op-Fork,CityLine,0.0
CL-00147,Wheels,2026-03-04 08:14:03.720291,2026-03-04 08:25:40.232733,Op-Wheels,CityLine,0.0
CL-00140,Transmission,2026-03-04 08:07:28.734489,2026-03-04 08:26:15.014233,Op-Trans,CityLine,0.0
CL-00137,Accessories,2026-03-04 08:20:20.967647,2026-03-04 08:26:15.031467,Op-Access,CityLine,0.0
CL-00149,Fork & steering,2026-03-04 08:22:05.153694,2026-03-04 08:27:16.441666,Op-Fork,CityLine,0.0
CL-00138,Brakes,2026-03-04 08:20:20.967647,2026-03-04 08:30:23.574317,Op-Brakes,CityLine,0.0
CL-00137,Final inspection,2026-03-04 08:26:15.031467,2026-03-04 08:34:40.004035,Op-Inspect,CityLine,0.0
CL-00201,Order released,2026-03-04 08:34:40.004035,2026-03-04 08:34:40.004035,Planner,CityLine,0.0
CL-00138,Accessories,2026-03-04 08:30:23.574317,2026-03-04 08:36:04.668786,Op-Access,CityLine,0.0
CL-00148,Wheels,2026-03-04 08:25:40.232733,2026-03-04 08:37:15.427485,Op-Wheels,CityLine,0.0
CL-00141,Transmission,2026-03-04 08:26:15.014233,2026-03-04 08:37:36.009956,Op-Trans,CityLine,0.0
CL-00140,Brakes,2026-03-04 08:30:23.574317,2026-03-04 08:39:44.151236,Op-Brakes,CityLine,0.0
CL-00138,Final inspection,2026-03-04 08:36:04.668786,2026-03-04 08:43:28.193660,Op-Inspect,CityLine,0.0
CL-00202,Order released,2026-03-04 08:43:28.193660,2026-03-04 08:43:28.193660,Planner,CityLine,0.0
CL-00140,Accessories,2026-03-04 08:39:44.151236,2026-03-04 08:43:53.156411,Op-Access,CityLine,0.0
CL-00149,Wheels,2026-03-04 08:37:15.427485,2026-03-04 08:46:55.112074,Op-Wheels,CityLine,0.0
CL-00140,Final inspection,2026-03-04 08:43:53.156411,2026-03-04 08:50:38.835269,Op-Inspect,CityLine,0.0
CL-00203,Order released,2026-03-04 08:50:38.835269,2026-03-04 08:50:38.835269,Planner,CityLine,0.0
CL-00141,Brakes,2026-03-04 08:39:44.151236,2026-03-04 08:50:53.837449,Op-Brakes,CityLine,0.0
CL-00141,Accessories,2026-03-04 08:50:53.837449,2026-03-04 08:55:12.305910,Op-Access,CityLine,0.0
CL-00142,Transmission,2026-03-04 08:37:36.009956,2026-03-04 08:57:28.797933,Op-Trans,CityLine,0.0
CL-00150,Color change,2026-03-04 08:17:29.667717,2026-03-04 08:58:42.312013,Op-Paint,CityLine,0.0
CL-00141,Final inspection,2026-03-04 08:55:12.305910,2026-03-04 08:58:56.068945,Op-Inspect,CityLine,0.0
CL-00204,Order released,2026-03-04 08:58:56.068945,2026-03-04 08:58:56.068945,Planner,CityLine,0.0
CL-00150,Frame & painting,2026-03-04 08:58:42.312013,2026-03-04 09:06:20.612464,Op-Paint,CityLine,0.0
CL-00142,Brakes,2026-03-04 08:57:28.797933,2026-03-04 09:09:38.734909,Op-Brakes,CityLine,0.0
CL-00151,Frame & painting,2026-03-04 09:06:20.612464,2026-03-04 09:10:03.001688,Op-Paint,CityLine,0.0
CL-00144,Transmission,2026-03-04 08:57:28.797933,2026-03-04 09:10:38.377333,Op-Trans,CityLine,0.0
CL-00150,Fork & steering,2026-03-04 09:06:20.612464,2026-03-04 09:11:15.018501,Op-Fork,CityLine,0.0
CL-00151,Fork & steering,2026-03-04 09:11:15.018501,2026-03-04 09:14:54.296840,Op-Fork,CityLine,0.0
CL-00142,Accessories,2026-03-04 09:09:38.734909,2026-03-04 09:17:29.425817,Op-Access,CityLine,0.0
CL-00152,Frame & painting,2026-03-04 09:10:03.001688,2026-03-04 09:18:13.224090,Op-Paint,CityLine,0.0
CL-00150,Wheels,2026-03-04 09:11:15.018501,2026-03-04 09:21:02.908022,Op-Wheels,CityLine,0.0
CL-00142,Final inspection,2026-03-04 09:17:29.425817,2026-03-04 09:25:38.401841,Op-Inspect,CityLine,0.0
CL-00205,Order released,2026-03-04 09:25:38.401841,2026-03-04 09:25:38.401841,Planner,CityLine,0.0
CL-00152,Fork & steering,2026-03-04 09:18:13.224090,2026-03-04 09:26:36.521422,Op-Fork,CityLine,0.0
CL-00144,Brakes,2026-03-04 09:10:38.377333,2026-03-04 09:26:59.036351,Op-Brakes,CityLine,0.0
CL-00151,Wheels,2026-03-04 09:21:02.908022,2026-03-04 09:28:02.167698,Op-Wheels,CityLine,0.0
CL-00153,Frame & painting,2026-03-04 09:18:13.224090,2026-03-04 09:31:23.825129,Op-Paint,CityLine,0.0
CL-00152,Wheels,2026-03-04 09:28:02.167698,2026-03-04 09:33:53.195641,Op-Wheels,CityLine,0.0
CL-00145,Transmission,2026-03-04 09:10:38.377333,2026-03-04 09:35:51.510828,Op-Trans,CityLine,0.0
CL-00144,Accessories,2026-03-04 09:26:59.036351,2026-03-04 09:37:56.559427,Op-Access,CityLine,0.0
CL-00154,Frame & painting,2026-03-04 09:31:23.825129,2026-03-04 09:40:02.076570,Op-Paint,CityLine,0.0
CL-00153,Fork & steering,2026-03-04 09:31:23.825129,2026-03-04 09:44:02.428723,Op-Fork,CityLine,0.0
CL-00144,Final inspection,2026-03-04 09:37:56.559427,2026-03-04 09:44:19.085264,Op-Inspect,CityLine,0.0
CL-00206,Order released,2026-03-04 09:44:19.085264,2026-03-04 09:44:19.085264,Planner,CityLine,0.0
CL-00145,Brakes,2026-03-04 09:35:51.510828,2026-03-04 09:50:55.659915,Op-Brakes,CityLine,0.0
CL-00153,Wheels,2026-03-04 09:44:02.428723,2026-03-04 09:51:56.523972,Op-Wheels,CityLine,0.0
CL-00154,Fork & steering,2026-03-04 09:44:02.428723,2026-03-04 09:53:08.843499,Op-Fork,CityLine,0.0
CL-00146,Transmission,2026-03-04 09:35:51.510828,2026-03-04 09:54:02.745372,Op-Trans,CityLine,0.0
CL-00145,Accessories,2026-03-04 09:50:55.659915,2026-03-04 09:57:34.100302,Op-Access,CityLine,0.0
CL-00154,Wheels,2026-03-04 09:53:08.843499,2026-03-04 10:01:40.018014,Op-Wheels,CityLine,0.0
CL-00145,Final inspection,2026-03-04 09:57:34.100302,2026-03-04 10:02:54.275347,Op-Inspect,CityLine,0.0
CL-00207,Order released,2026-03-04 10:02:54.275347,2026-03-04 10:02:54.275347,Planner,CityLine,0.0
CL-00146,Brakes,2026-03-04 09:54:02.745372,2026-03-04 10:04:02.928470,Op-Brakes,CityLine,0.0
CL-00147,Transmission,2026-03-04 09:54:02.745372,2026-03-04 10:04:33.418882,Op-Trans,CityLine,0.0
CL-00146,Accessories,2026-03-04 10:04:02.928470,2026-03-04 10:15:13.977122,Op-Access,CityLine,0.0
CL-00147,Brakes,2026-03-04 10:04:33.418882,2026-03-04 10:15:20.133699,Op-Brakes,CityLine,0.0
CL-00155,Color change,2026-03-04 09:40:02.076570,2026-03-04 10:18:21.251302,Op-Paint,CityLine,0.0
CL-00148,Transmission,2026-03-04 10:04:33.418882,2026-03-04 10:19:14.584079,Op-Trans,CityLine,0.0
CL-00147,Accessories,2026-03-04 10:15:20.133699,2026-03-04 10:21:46.275423,Op-Access,CityLine,0.0
CL-00146,Final inspection,2026-03-04 10:15:13.977122,2026-03-04 10:22:09.709293,Op-Inspect,CityLine,0.0
CL-00208,Order released,2026-03-04 10:22:09.709293,2026-03-04 10:22:09.709293,Planner,CityLine,0.0
CL-00155,Frame & painting,2026-03-04 10:18:21.251302,2026-03-04 10:23:30.395748,Op-Paint,CityLine,0.0
CL-00148,Brakes,2026-03-04 10:19:14.584079,2026-03-04 10:26:54.764853,Op-Brakes,CityLine,0.0
CL-00155,Fork & steering,2026-03-04 10:23:30.395748,2026-03-04 10:27:54.538782,Op-Fork,CityLine,0.0
CL-00147,Final inspection,2026-03-04 10:22:09.709293,2026-03-04 10:29:08.581493,Op-Inspect,CityLine,0.0
CL-00209,Order released,2026-03-04 10:29:08.581493,2026-03-04 10:29:08.581493,Planner,CityLine,0.0
CL-00149,Transmission,2026-03-04 10:19:14.584079,2026-03-04 10:31:25.937651,Op-Trans,CityLine,0.0
CL-00156,Frame & painting,2026-03-04 10:23:30.395748,2026-03-04 10:33:01.569072,Op-Paint,CityLine,0.0
CL-00148,Accessories,2026-03-04 10:26:54.764853,2026-03-04 10:34:47.731690,Op-Access,CityLine,0.0
CL-00156,Fork & steering,2026-03-04 10:33:01.569072,2026-03-04 10:36:35.001202,Op-Fork,CityLine,0.0
CL-00149,Brakes,2026-03-04 10:31:25.937651,2026-03-04 10:38:48.391882,Op-Brakes,CityLine,0.0
CL-00155,Wheels,2026-03-04 10:27:54.538782,2026-03-04 10:39:34.169531,Op-Wheels,CityLine,0.0
CL-00157,Frame & painting,2026-03-04 10:33:01.569072,2026-03-04 10:43:38.509632,Op-Paint,CityLine,0.0
CL-00148,Final inspection,2026-03-04 10:34:47.731690,2026-03-04 10:44:41.728611,Op-Inspect,CityLine,0.0
CL-00210,Order released,2026-03-04 10:44:41.728611,2026-03-04 10:44:41.728611,Planner,CityLine,0.0
CL-00149,Accessories,2026-03-04 10:38:48.391882,2026-03-04 10:46:52.239756,Op-Access,CityLine,0.0
CL-00150,Transmission,2026-03-04 10:31:25.937651,2026-03-04 10:48:22.840478,Op-Trans,CityLine,0.0
CL-00156,Wheels,2026-03-04 10:39:34.169531,2026-03-04 10:52:05.237237,Op-Wheels,CityLine,0.0
CL-00158,Frame & painting,2026-03-04 10:43:38.509632,2026-03-04 10:52:42.305150,Op-Paint,CityLine,0.0
CL-00149,Final inspection,2026-03-04 10:46:52.239756,2026-03-04 10:55:58.424977,Op-Inspect,CityLine,0.0
CL-00211,Order released,2026-03-04 10:55:58.424977,2026-03-04 10:55:58.424977,Planner,CityLine,0.0
CL-00150,Brakes,2026-03-04 10:48:22.840478,2026-03-04 10:56:29.047311,Op-Brakes,CityLine,0.0
CL-00158,Fork & steering,2026-03-04 10:52:42.305150,2026-03-04 10:57:22.841589,Op-Fork,CityLine,0.0
CL-00159,Frame & painting,2026-03-04 10:52:42.305150,2026-03-04 11:01:36.123877,Op-Paint,CityLine,0.0
CL-00151,Transmission,2026-03-04 10:48:22.840478,2026-03-04 11:02:45.192075,Op-Trans,CityLine,0.0
CL-00150,Accessories,2026-03-04 10:56:29.047311,2026-03-04 11:06:23.490592,Op-Access,CityLine,0.0
CL-00158,Wheels,2026-03-04 10:57:22.841589,2026-03-04 11:08:57.576178,Op-Wheels,CityLine,0.0
CL-00150,Final inspection,2026-03-04 11:06:23.490592,2026-03-04 11:10:27.977805,Op-Inspect,CityLine,0.0
CL-00212,Order released,2026-03-04 11:10:27.977805,2026-03-04 11:10:27.977805,Planner,CityLine,0.0
CL-00159,Fork & steering,2026-03-04 11:01:36.123877,2026-03-04 11:14:30.727508,Op-Fork,CityLine,0.0
CL-00151,Brakes,2026-03-04 11:02:45.192075,2026-03-04 11:19:23.954743,Op-Brakes,CityLine,0.0
CL-00159,Wheels,2026-03-04 11:14:30.727508,2026-03-04 11:26:51.117031,Op-Wheels,CityLine,0.0
CL-00151,Accessories,2026-03-04 11:19:23.954743,2026-03-04 11:28:28.617842,Op-Access,CityLine,0.0
CL-00152,Transmission,2026-03-04 11:02:45.192075,2026-03-04 11:28:32.668372,Op-Trans,CityLine,0.0
CL-00160,Color change,2026-03-04 11:01:36.123877,2026-03-04 11:30:29.521239,Op-Paint,CityLine,0.0
CL-00151,Final inspection,2026-03-04 11:28:28.617842,2026-03-04 11:34:36.762548,Op-Inspect,CityLine,0.0
CL-00213,Order released,2026-03-04 11:34:36.762548,2026-03-04 11:34:36.762548,Planner,CityLine,0.0
CL-00152,Brakes,2026-03-04 11:28:32.668372,2026-03-04 11:38:29.123040,Op-Brakes,CityLine,0.0
CL-00160,Frame & painting,2026-03-04 11:30:29.521239,2026-03-04 11:39:45.358745,Op-Paint,CityLine,0.0
CL-00153,Transmission,2026-03-04 11:28:32.668372,2026-03-04 11:47:03.085986,Op-Trans,CityLine,0.0
CL-00152,Accessories,2026-03-04 11:38:29.123040,2026-03-04 11:47:12.608216,Op-Access,CityLine,0.0
CL-00160,Fork & steering,2026-03-04 11:39:45.358745,2026-03-04 11:48:48.244183,Op-Fork,CityLine,0.0
CL-00152,Final inspection,2026-03-04 11:47:12.608216,2026-03-04 11:52:18.752800,Op-Inspect,CityLine,0.0
CL-00214,Order released,2026-03-04 11:52:18.752800,2026-03-04 11:52:18.752800,Planner,CityLine,0.0
CL-00153,Brakes,2026-03-04 11:47:03.085986,2026-03-04 11:53:14.532714,Op-Brakes,CityLine,0.0
CL-00160,Wheels,2026-03-04 11:48:48.244183,2026-03-04 12:01:26.288738,Op-Wheels,CityLine,0.0
CL-00161,Frame & painting,2026-03-04 11:39:45.358745,2026-03-04 12:05:10.458518,Op-Paint,CityLine,0.0
CL-00154,Transmission,2026-03-04 11:47:03.085986,2026-03-04 12:05:47.097232,Op-Trans,CityLine,0.0
CL-00153,Accessories,2026-03-04 11:53:14.532714,2026-03-04 12:05:54.587246,Op-Access,CityLine,0.0
CL-00162,Frame & painting,2026-03-04 12:05:10.458518,2026-03-04 12:09:25.705807,Op-Paint,CityLine,0.0
CL-00153,Final inspection,2026-03-04 12:05:54.587246,2026-03-04 12:15:26.436974,Op-Inspect,CityLine,0.0
CL-00215,Order released,2026-03-04 12:15:26.436974,2026-03-04 12:15:26.436974,Planner,CityLine,0.0
CL-00161,Fork & steering,2026-03-04 12:05:10.458518,2026-03-04 12:16:16.156010,Op-Fork,CityLine,0.0
CL-00163,Frame & painting,2026-03-04 12:09:25.705807,2026-03-04 12:16:32.686854,Op-Paint,CityLine,0.0
CL-00155,Transmission,2026-03-04 12:05:47.097232,2026-03-04 12:24:50.784516,Op-Trans,CityLine,0.0
CL-00154,Brakes,2026-03-04 12:05:47.097232,2026-03-04 12:25:14.023415,Op-Brakes,CityLine,0.0
CL-00114,Paint rework,2026-03-04 12:16:32.686854,2026-03-04 12:27:03.522746,Op-Paint,CityLine,30.0
CL-00162,Fork & steering,2026-03-04 12:16:16.156010,2026-03-04 12:27:11.182476,Op-Fork,CityLine,0.0
CL-00161,Wheels,2026-03-04 12:16:16.156010,2026-03-04 12:27:42.025006,Op-Wheels,CityLine,0.0
CL-00163,Fork & steering,2026-03-04 12:27:11.182476,2026-03-04 12:30:30.591513,Op-Fork,CityLine,0.0
CL-00155,Brakes,2026-03-04 12:25:14.023415,2026-03-04 12:32:06.171617,Op-Brakes,CityLine,0.0
CL-00154,Accessories,2026-03-04 12:25:14.023415,2026-03-04 12:33:09.594622,Op-Access,CityLine,0.0
CL-00114,Fork & steering,2026-03-04 12:30:30.591513,2026-03-04 12:35:03.403365,Op-Fork,CityLine,0.0
CL-00164,Frame & painting,2026-03-04 12:27:03.522746,2026-03-04 12:38:15.454118,Op-Paint,CityLine,0.0
CL-00154,Final inspection,2026-03-04 12:33:09.594622,2026-03-04 12:39:53.284904,Op-Inspect,CityLine,0.0
CL-00216,Order released,2026-03-04 12:39:53.284904,2026-03-04 12:39:53.284904,Planner,CityLine,0.0
CL-00162,Wheels,2026-03-04 12:27:42.025006,2026-03-04 12:40:38.585777,Op-Wheels,CityLine,0.0
CL-00155,Accessories,2026-03-04 12:33:09.594622,2026-03-04 12:41:19.043425,Op-Access,CityLine,0.0
CL-00156,Transmission,2026-03-04 12:24:50.784516,2026-03-04 12:41:40.405193,Op-Trans,CityLine,0.0
CL-00164,Fork & steering,2026-03-04 12:38:15.454118,2026-03-04 12:45:21.810307,Op-Fork,CityLine,0.0
CL-00155,Final inspection,2026-03-04 12:41:19.043425,2026-03-04 12:47:24.847635,Op-Inspect,CityLine,0.0
CL-00217,Order released,2026-03-04 12:47:24.847635,2026-03-04 12:47:24.847635,Planner,CityLine,0.0
CL-00156,Brakes,2026-03-04 12:41:40.405193,2026-03-04 12:48:19.312011,Op-Brakes,CityLine,0.0
CL-00163,Wheels,2026-03-04 12:40:38.585777,2026-03-04 12:49:44.996044,Op-Wheels,CityLine,0.0
CL-00156,Accessories,2026-03-04 12:48:19.312011,2026-03-04 12:57:11.775021,Op-Access,CityLine,0.0
CL-00158,Transmission,2026-03-04 12:41:40.405193,2026-03-04 13:00:49.318767,Op-Trans,CityLine,0.0
CL-00156,Final inspection,2026-03-04 12:57:11.775021,2026-03-04 13:01:44.508992,Op-Inspect,CityLine,0.0
CL-00218,Order released,2026-03-04 13:01:44.508992,2026-03-04 13:01:44.508992,Planner,CityLine,0.0
CL-00165,Color change,2026-03-04 12:38:15.454118,2026-03-04 13:11:03.488296,Op-Paint,CityLine,0.0
CL-00158,Brakes,2026-03-04 13:00:49.318767,2026-03-04 13:11:45.589378,Op-Brakes,CityLine,0.0
CL-00114,Wheels,2026-03-04 12:49:44.996044,2026-03-04 13:13:07.308672,Op-Wheels,CityLine,0.0
CL-00165,Frame & painting,2026-03-04 13:11:03.488296,2026-03-04 13:19:00.211772,Op-Paint,CityLine,0.0
CL-00158,Accessories,2026-03-04 13:11:45.589378,2026-03-04 13:20:55.593170,Op-Access,CityLine,0.0
CL-00164,Wheels,2026-03-04 13:13:07.308672,2026-03-04 13:23:30.678722,Op-Wheels,CityLine,0.0
CL-00158,Final inspection,2026-03-04 13:20:55.593170,2026-03-04 13:24:45.859281,Op-Inspect,CityLine,0.0
CL-00219,Order released,2026-03-04 13:24:45.859281,2026-03-04 13:24:45.859281,Planner,CityLine,0.0
CL-00165,Fork & steering,2026-03-04 13:19:00.211772,2026-03-04 13:24:57.484128,Op-Fork,CityLine,0.0
CL-00166,Frame & painting,2026-03-04 13:19:00.211772,2026-03-04 13:28:09.589932,Op-Paint,CityLine,0.0
CL-00159,Transmission,2026-03-04 13:00:49.318767,2026-03-04 13:31:44.656952,Op-Trans,CityLine,0.0
CL-00165,Wheels,2026-03-04 13:24:57.484128,2026-03-04 13:34:34.085981,Op-Wheels,CityLine,0.0
CL-00166,Fork & steering,2026-03-04 13:28:09.589932,2026-03-04 13:38:43.588820,Op-Fork,CityLine,0.0
CL-00167,Frame & painting,2026-03-04 13:28:09.589932,2026-03-04 13:38:50.613782,Op-Paint,CityLine,0.0
CL-00159,Brakes,2026-03-04 13:31:44.656952,2026-03-04 13:40:35.608829,Op-Brakes,CityLine,0.0
CL-00166,Wheels,2026-03-04 13:38:43.588820,2026-03-04 13:44:57.614707,Op-Wheels,CityLine,0.0
CL-00167,Fork & steering,2026-03-04 13:38:50.613782,2026-03-04 13:45:07.967891,Op-Fork,CityLine,0.0
CL-00160,Transmission,2026-03-04 13:31:44.656952,2026-03-04 13:46:59.843269,Op-Trans,CityLine,0.0
CL-00159,Accessories,2026-03-04 13:40:35.608829,2026-03-04 13:47:25.707585,Op-Access,CityLine,0.0
CL-00168,Frame & painting,2026-03-04 13:38:50.613782,2026-03-04 13:53:10.446879,Op-Paint,CityLine,0.0
CL-00159,Final inspection,2026-03-04 13:47:25.707585,2026-03-04 13:53:43.524503,Op-Inspect,CityLine,0.0
CL-00220,Order released,2026-03-04 13:53:43.524503,2026-03-04 13:53:43.524503,Planner,CityLine,0.0
CL-00160,Brakes,2026-03-04 13:46:59.843269,2026-03-04 13:56:25.777298,Op-Brakes,CityLine,0.0
CL-00167,Wheels,2026-03-04 13:45:07.967891,2026-03-04 13:58:02.372187,Op-Wheels,CityLine,0.0
CL-00169,Frame & painting,2026-03-04 13:53:10.446879,2026-03-04 13:58:42.265078,Op-Paint,CityLine,0.0
CL-00168,Fork & steering,2026-03-04 13:53:10.446879,2026-03-04 13:59:28.186017,Op-Fork,CityLine,0.0
CL-00169,Fork & steering,2026-03-04 13:59:28.186017,2026-03-04 14:03:39.145232,Op-Fork,CityLine,0.0
CL-00161,Transmission,2026-03-04 13:46:59.843269,2026-03-04 14:05:15.163019,Op-Trans,CityLine,0.0
CL-00160,Accessories,2026-03-04 13:56:25.777298,2026-03-04 14:05:27.331742,Op-Access,CityLine,0.0
CL-00160,Final inspection,2026-03-04 14:05:27.331742,2026-03-04 14:11:02.539099,Op-Inspect,CityLine,0.0
CL-00221,Order released,2026-03-04 14:11:02.539099,2026-03-04 14:11:02.539099,Planner,CityLine,0.0
CL-00162,Transmission,2026-03-04 14:05:15.163019,2026-03-04 14:16:41.301662,Op-Trans,CityLine,0.0
CL-00161,Brakes,2026-03-04 14:05:15.163019,2026-03-04 14:17:23.449760,Op-Brakes,CityLine,0.0
CL-00168,Wheels,2026-03-04 13:59:28.186017,2026-03-04 14:22:44.625990,Op-Wheels,CityLine,0.0
CL-00162,Brakes,2026-03-04 14:17:23.449760,2026-03-04 14:27:05.950702,Op-Brakes,CityLine,0.0
CL-00161,Accessories,2026-03-04 14:17:23.449760,2026-03-04 14:33:36.720131,Op-Access,CityLine,0.0
CL-00169,Wheels,2026-03-04 14:22:44.625990,2026-03-04 14:34:05.093052,Op-Wheels,CityLine,0.0
CL-00163,Transmission,2026-03-04 14:16:41.301662,2026-03-04 14:34:52.488254,Op-Trans,CityLine,0.0
CL-00162,Accessories,2026-03-04 14:33:36.720131,2026-03-04 14:41:38.773978,Op-Access,CityLine,0.0
CL-00114,Transmission,2026-03-04 14:34:52.488254,2026-03-04 14:42:36.961373,Op-Trans,CityLine,0.0
CL-00161,Final inspection,2026-03-04 14:33:36.720131,2026-03-04 14:42:58.374197,Op-Inspect,CityLine,0.0
CL-00222,Order released,2026-03-04 14:42:58.374197,2026-03-04 14:42:58.374197,Planner,CityLine,0.0
CL-00163,Brakes,2026-03-04 14:34:52.488254,2026-03-04 14:44:10.277487,Op-Brakes,CityLine,0.0
CL-00170,Color change,2026-03-04 13:58:42.265078,2026-03-04 14:46:26.916568,Op-Paint,CityLine,0.0
CL-00162,Final inspection,2026-03-04 14:42:58.374197,2026-03-04 14:49:52.227126,Op-Inspect,CityLine,0.0
CL-00223,Order released,2026-03-04 14:49:52.227126,2026-03-04 14:49:52.227126,Planner,CityLine,0.0
CL-00163,Accessories,2026-03-04 14:44:10.277487,2026-03-04 14:51:08.232754,Op-Access,CityLine,0.0
CL-00114,Brakes,2026-03-04 14:44:10.277487,2026-03-04 14:53:38.117399,Op-Brakes,CityLine,0.0
CL-00170,Frame & painting,2026-03-04 14:46:26.916568,2026-03-04 14:54:30.303699,Op-Paint,CityLine,0.0
CL-00114,Accessories,2026-03-04 14:53:38.117399,2026-03-04 14:58:55.041497,Op-Access,CityLine,0.0
CL-00163,Final inspection,2026-03-04 14:51:08.232754,2026-03-04 15:00:34.178699,Op-Inspect,CityLine,0.0
CL-00224,Order released,2026-03-04 15:00:34.178699,2026-03-04 15:00:34.178699,Planner,CityLine,0.0
CL-00164,Transmission,2026-03-04 14:42:36.961373,2026-03-04 15:03:28.854519,Op-Trans,CityLine,0.0
CL-00114,Final inspection,2026-03-04 15:00:34.178699,2026-03-04 15:05:22.118920,Op-Inspect,CityLine,0.0
CL-00225,Order released,2026-03-04 15:05:22.118920,2026-03-04 15:05:22.118920,Planner,CityLine,0.0
CL-00171,Frame & painting,2026-03-04 14:54:30.303699,2026-03-04 15:12:39.106881,Op-Paint,CityLine,0.0
CL-00164,Brakes,2026-03-04 15:03:28.854519,2026-03-04 15:12:56.531116,Op-Brakes,CityLine,0.0
CL-00172,Frame & painting,2026-03-04 15:12:39.106881,2026-03-04 15:18:25.982429,Op-Paint,CityLine,0.0
CL-00171,Fork & steering,2026-03-04 15:12:39.106881,2026-03-04 15:19:40.317306,Op-Fork,CityLine,0.0
CL-00164,Accessories,2026-03-04 15:12:56.531116,2026-03-04 15:20:04.139576,Op-Access,CityLine,0.0
CL-00165,Transmission,2026-03-04 15:03:28.854519,2026-03-04 15:20:41.029768,Op-Trans,CityLine,0.0
CL-00173,Frame & painting,2026-03-04 15:18:25.982429,2026-03-04 15:24:21.651477,Op-Paint,CityLine,0.0
CL-00172,Fork & steering,2026-03-04 15:19:40.317306,2026-03-04 15:25:23.183691,Op-Fork,CityLine,0.0
CL-00164,Final inspection,2026-03-04 15:20:04.139576,2026-03-04 15:26:55.853135,Op-Inspect,CityLine,0.0
CL-00226,Order released,2026-03-04 15:26:55.853135,2026-03-04 15:26:55.853135,Planner,CityLine,0.0
CL-00121,Paint rework,2026-03-04 15:24:21.651477,2026-03-04 15:29:11.707542,Op-Paint,CityLine,30.0
CL-00171,Wheels,2026-03-04 15:19:40.317306,2026-03-04 15:29:24.388805,Op-Wheels,CityLine,0.0
CL-00165,Brakes,2026-03-04 15:20:41.029768,2026-03-04 15:30:36.505462,Op-Brakes,CityLine,0.0
CL-00173,Fork & steering,2026-03-04 15:25:23.183691,2026-03-04 15:34:52.356066,Op-Fork,CityLine,0.0
CL-00172,Wheels,2026-03-04 15:29:24.388805,2026-03-04 15:38:11.439464,Op-Wheels,CityLine,0.0
CL-00174,Frame & painting,2026-03-04 15:29:11.707542,2026-03-04 15:39:41.776786,Op-Paint,CityLine,0.0
CL-00121,Fork & steering,2026-03-04 15:34:52.356066,2026-03-04 15:40:40.536546,Op-Fork,CityLine,0.0
CL-00165,Accessories,2026-03-04 15:30:36.505462,2026-03-04 15:42:06.929697,Op-Access,CityLine,0.0
CL-00173,Wheels,2026-03-04 15:38:11.439464,2026-03-04 15:46:36.186184,Op-Wheels,CityLine,0.0
CL-00166,Transmission,2026-03-04 15:20:41.029768,2026-03-04 15:48:24.627687,Op-Trans,CityLine,0.0
CL-00174,Fork & steering,2026-03-04 15:40:40.536546,2026-03-04 15:50:01.558000,Op-Fork,CityLine,0.0
CL-00165,Final inspection,2026-03-04 15:42:06.929697,2026-03-04 15:53:55.856101,Op-Inspect,CityLine,0.0
CL-00227,Order released,2026-03-04 15:53:55.856101,2026-03-04 15:53:55.856101,Planner,CityLine,0.0
CL-00166,Brakes,2026-03-04 15:48:24.627687,2026-03-04 15:56:23.335972,Op-Brakes,CityLine,0.0
CL-00166,Accessories,2026-03-04 15:56:23.335972,2026-03-04 16:03:14.750183,Op-Access,CityLine,0.0
CL-00167,Transmission,2026-03-04 15:48:24.627687,2026-03-04 16:05:35.801255,Op-Trans,CityLine,0.0
CL-00166,Final inspection,2026-03-04 16:03:14.750183,2026-03-04 16:07:51.498269,Op-Inspect,CityLine,0.0
CL-00228,Order released,2026-03-04 16:07:51.498269,2026-03-04 16:07:51.498269,Planner,CityLine,0.0
CL-00121,Wheels,2026-03-04 15:46:36.186184,2026-03-04 16:09:02.762727,Op-Wheels,CityLine,0.0
CL-00167,Brakes,2026-03-04 16:05:35.801255,2026-03-04 16:13:31.076841,Op-Brakes,CityLine,0.0
CL-00175,Color change,2026-03-04 15:39:41.776786,2026-03-04 16:13:57.684024,Op-Paint,CityLine,0.0
CL-00174,Wheels,2026-03-04 16:09:02.762727,2026-03-04 16:16:38.757202,Op-Wheels,CityLine,0.0
CL-00168,Transmission,2026-03-04 16:05:35.801255,2026-03-04 16:21:34.394444,Op-Trans,CityLine,0.0
CL-00175,Frame & painting,2026-03-04 16:13:57.684024,2026-03-04 16:27:40.562283,Op-Paint,CityLine,0.0
CL-00168,Brakes,2026-03-04 16:21:34.394444,2026-03-04 16:31:17.302219,Op-Brakes,CityLine,0.0
CL-00167,Accessories,2026-03-04 16:13:31.076841,2026-03-04 16:35:35.684090,Op-Access,CityLine,0.0
CL-00169,Transmission,2026-03-04 16:21:34.394444,2026-03-04 16:38:46.128500,Op-Trans,CityLine,0.0
CL-00168,Accessories,2026-03-04 16:35:35.684090,2026-03-04 16:40:58.137810,Op-Access,CityLine,0.0
CL-00175,Fork & steering,2026-03-04 16:27:40.562283,2026-03-04 16:41:09.703614,Op-Fork,CityLine,0.0
CL-00176,Frame & painting,2026-03-04 16:27:40.562283,2026-03-04 16:41:29.141233,Op-Paint,CityLine,0.0
CL-00167,Final inspection,2026-03-04 16:35:35.684090,2026-03-04 16:42:54.205548,Op-Inspect,CityLine,0.0
CL-00229,Order released,2026-03-04 16:42:54.205548,2026-03-04 16:42:54.205548,Planner,CityLine,0.0
CL-00171,Transmission,2026-03-04 16:38:46.128500,2026-03-04 16:50:13.790050,Op-Trans,CityLine,0.0
CL-00169,Brakes,2026-03-04 16:38:46.128500,2026-03-04 16:50:56.158678,Op-Brakes,CityLine,0.0
CL-00177,Frame & painting,2026-03-04 16:41:29.141233,2026-03-04 16:51:14.130741,Op-Paint,CityLine,0.0
CL-00168,Final inspection,2026-03-04 16:42:54.205548,2026-03-04 16:51:15.038285,Op-Inspect,CityLine,0.0
CL-00178,Frame & painting,2026-03-04 16:51:14.130741,2026-03-04 16:56:36.409859,Op-Paint,CityLine,0.0
CL-00171,Brakes,2026-03-04 16:50:56.158678,2026-03-04 16:57:31.711827,Op-Brakes,CityLine,0.0
CL-00175,Wheels,2026-03-04 16:41:09.703614,2026-03-04 16:58:13.806072,Op-Wheels,CityLine,0.0
CL-00168,Final adjustment,2026-03-04 16:51:15.038285,2026-03-04 17:00:34.446579,Op-Inspect,CityLine,0.0
CL-00128,Paint rework,2026-03-04 16:56:36.409859,2026-03-04 17:00:37.792980,Op-Paint,CityLine,30.0
CL-00177,Fork & steering,2026-03-04 16:51:14.130741,2026-03-04 17:01:53.971855,Op-Fork,CityLine,0.0
CL-00169,Accessories,2026-03-04 16:50:56.158678,2026-03-04 17:03:19.265456,Op-Access,CityLine,0.0
CL-00168,Final inspection,2026-03-04 17:00:34.446579,2026-03-04 17:06:29.318926,Op-Inspect,CityLine,0.0
CL-00230,Order released,2026-03-04 17:06:29.318926,2026-03-04 17:06:29.318926,Planner,CityLine,0.0
CL-00178,Fork & steering,2026-03-04 17:01:53.971855,2026-03-04 17:08:08.048673,Op-Fork,CityLine,0.0
CL-00179,Frame & painting,2026-03-04 17:00:37.792980,2026-03-04 17:09:04.476553,Op-Paint,CityLine,0.0
CL-00171,Accessories,2026-03-04 17:03:19.265456,2026-03-04 17:10:37.692307,Op-Access,CityLine,0.0
CL-00177,Wheels,2026-03-04 17:01:53.971855,2026-03-04 17:11:46.338111,Op-Wheels,CityLine,0.0
CL-00169,Final inspection,2026-03-04 17:06:29.318926,2026-03-04 17:14:10.081551,Op-Inspect,CityLine,0.0
CL-00231,Order released,2026-03-04 17:14:10.081551,2026-03-04 17:14:10.081551,Planner,CityLine,0.0
CL-00128,Fork & steering,2026-03-04 17:08:08.048673,2026-03-04 17:14:56.560345,Op-Fork,CityLine,0.0
CL-00172,Transmission,2026-03-04 16:50:13.790050,2026-03-04 17:15:34.329987,Op-Trans,CityLine,0.0
CL-00179,Fork & steering,2026-03-04 17:14:56.560345,2026-03-04 17:18:49.823982,Op-Fork,CityLine,0.0
CL-00172,Brakes,2026-03-04 17:15:34.329987,2026-03-04 17:21:21.734367,Op-Brakes,CityLine,0.0
CL-00171,Final inspection,2026-03-04 17:14:10.081551,2026-03-04 17:23:19.613186,Op-Inspect,CityLine,0.0
CL-00232,Order released,2026-03-04 17:23:19.613186,2026-03-04 17:23:19.613186,Planner,CityLine,0.0
CL-00178,Wheels,2026-03-04 17:11:46.338111,2026-03-04 17:23:58.955350,Op-Wheels,CityLine,0.0
CL-00172,Accessories,2026-03-04 17:21:21.734367,2026-03-04 17:29:50.186295,Op-Access,CityLine,0.0
CL-00173,Transmission,2026-03-04 17:15:34.329987,2026-03-04 17:33:59.319542,Op-Trans,CityLine,0.0
CL-00128,Wheels,2026-03-04 17:23:58.955350,2026-03-04 17:36:59.740651,Op-Wheels,CityLine,0.0
CL-00172,Final inspection,2026-03-04 17:29:50.186295,2026-03-04 17:38:54.494481,Op-Inspect,CityLine,0.0
CL-00233,Order released,2026-03-04 17:38:54.494481,2026-03-04 17:38:54.494481,Planner,CityLine,0.0
CL-00179,Wheels,2026-03-04 17:36:59.740651,2026-03-04 17:42:04.028891,Op-Wheels,CityLine,0.0
CL-00173,Brakes,2026-03-04 17:33:59.319542,2026-03-04 17:47:20.428022,Op-Brakes,CityLine,0.0
CL-00121,Transmission,2026-03-04 17:33:59.319542,2026-03-04 17:49:20.677787,Op-Trans,CityLine,0.0
CL-00180,Color change,2026-03-04 17:09:04.476553,2026-03-04 17:51:55.732465,Op-Paint,CityLine,0.0
CL-00180,Frame & painting,2026-03-04 17:51:55.732465,2026-03-04 17:56:50.491079,Op-Paint,CityLine,0.0
CL-00121,Brakes,2026-03-04 17:49:20.677787,2026-03-04 17:57:44.612898,Op-Brakes,CityLine,0.0
CL-00173,Accessories,2026-03-04 17:47:20.428022,2026-03-04 17:57:54.968029,Op-Access,CityLine,0.0
CL-00181,Frame & painting,2026-03-04 17:56:50.491079,2026-03-04 18:03:50.941593,Op-Paint,CityLine,0.0
CL-00173,Final inspection,2026-03-04 17:57:54.968029,2026-03-04 18:04:02.016846,Op-Inspect,CityLine,0.0
CL-00234,Order released,2026-03-04 18:04:02.016846,2026-03-04 18:04:02.016846,Planner,CityLine,0.0
CL-00121,Accessories,2026-03-04 17:57:54.968029,2026-03-04 18:08:52.055194,Op-Access,CityLine,0.0
CL-00180,Fork & steering,2026-03-04 17:56:50.491079,2026-03-04 18:09:40.120363,Op-Fork,CityLine,0.0
CL-00182,Frame & painting,2026-03-04 18:03:50.941593,2026-03-04 18:10:18.291160,Op-Paint,CityLine,0.0
CL-00174,Transmission,2026-03-04 17:49:20.677787,2026-03-04 18:10:26.609220,Op-Trans,CityLine,0.0
CL-00121,Final inspection,2026-03-04 18:08:52.055194,2026-03-04 18:15:40.508473,Op-Inspect,CityLine,0.0
CL-00235,Order released,2026-03-04 18:15:40.508473,2026-03-04 18:15:40.508473,Planner,CityLine,0.0
CL-00181,Fork & steering,2026-03-04 18:09:40.120363,2026-03-04 18:16:35.030840,Op-Fork,CityLine,0.0
CL-00183,Frame & painting,2026-03-04 18:10:18.291160,2026-03-04 18:17:15.242834,Op-Paint,CityLine,0.0
CL-00174,Brakes,2026-03-04 18:10:26.609220,2026-03-04 18:19:43.193701,Op-Brakes,CityLine,0.0
CL-00180,Wheels,2026-03-04 18:09:40.120363,2026-03-04 18:20:51.346494,Op-Wheels,CityLine,0.0
CL-00182,Fork & steering,2026-03-04 18:16:35.030840,2026-03-04 18:21:25.235477,Op-Fork,CityLine,0.0
CL-00174,Accessories,2026-03-04 18:19:43.193701,2026-03-04 18:25:31.692404,Op-Access,CityLine,0.0
CL-00184,Frame & painting,2026-03-04 18:17:15.242834,2026-03-04 18:26:47.887193,Op-Paint,CityLine,0.0
CL-00175,Transmission,2026-03-04 18:10:26.609220,2026-03-04 18:27:17.158225,Op-Trans,CityLine,0.0
CL-00181,Wheels,2026-03-04 18:20:51.346494,2026-03-04 18:29:57.957380,Op-Wheels,CityLine,0.0
CL-00174,Final inspection,2026-03-04 18:25:31.692404,2026-03-04 18:30:50.437058,Op-Inspect,CityLine,0.0
CL-00236,Order released,2026-03-04 18:30:50.437058,2026-03-04 18:30:50.437058,Planner,CityLine,0.0
CL-00183,Fork & steering,2026-03-04 18:21:25.235477,2026-03-04 18:30:52.505259,Op-Fork,CityLine,0.0
CL-00184,Fork & steering,2026-03-04 18:30:52.505259,2026-03-04 18:35:34.284921,Op-Fork,CityLine,0.0
CL-00182,Wheels,2026-03-04 18:29:57.957380,2026-03-04 18:39:46.194070,Op-Wheels,CityLine,0.0
CL-00177,Transmission,2026-03-04 18:27:17.158225,2026-03-04 18:40:32.919764,Op-Trans,CityLine,0.0
CL-00175,Brakes,2026-03-04 18:27:17.158225,2026-03-04 18:40:35.859078,Op-Brakes,CityLine,0.0
CL-00178,Transmission,2026-03-04 18:40:32.919764,2026-03-04 18:52:09.242652,Op-Trans,CityLine,0.0
CL-00183,Wheels,2026-03-04 18:39:46.194070,2026-03-04 18:52:44.664212,Op-Wheels,CityLine,0.0
CL-00175,Accessories,2026-03-04 18:40:35.859078,2026-03-04 18:54:19.683864,Op-Access,CityLine,0.0
CL-00177,Brakes,2026-03-04 18:40:35.859078,2026-03-04 18:56:38.425334,Op-Brakes,CityLine,0.0
CL-00175,Final inspection,2026-03-04 18:54:19.683864,2026-03-04 19:00:28.912987,Op-Inspect,CityLine,0.0
CL-00237,Order released,2026-03-04 19:00:28.912987,2026-03-04 19:00:28.912987,Planner,CityLine,0.0
CL-00184,Wheels,2026-03-04 18:52:44.664212,2026-03-04 19:03:41.812828,Op-Wheels,CityLine,0.0
CL-00185,Color change,2026-03-04 18:26:47.887193,2026-03-04 19:04:18.591513,Op-Paint,CityLine,0.0
CL-00178,Brakes,2026-03-04 18:56:38.425334,2026-03-04 19:06:37.526324,Op-Brakes,CityLine,0.0
CL-00177,Accessories,2026-03-04 18:56:38.425334,2026-03-04 19:07:20.334328,Op-Access,CityLine,0.0
CL-00128,Transmission,2026-03-04 18:52:09.242652,2026-03-04 19:10:40.289471,Op-Trans,CityLine,0.0
CL-00177,Final inspection,2026-03-04 19:07:20.334328,2026-03-04 19:12:47.836844,Op-Inspect,CityLine,0.0
CL-00238,Order released,2026-03-04 19:12:47.836844,2026-03-04 19:12:47.836844,Planner,CityLine,0.0
CL-00178,Accessories,2026-03-04 19:07:20.334328,2026-03-04 19:14:13.695695,Op-Access,CityLine,0.0
CL-00185,Frame & painting,2026-03-04 19:04:18.591513,2026-03-04 19:16:10.271371,Op-Paint,CityLine,0.0
CL-00128,Brakes,2026-03-04 19:10:40.289471,2026-03-04 19:18:13.094194,Op-Brakes,CityLine,0.0
CL-00185,Fork & steering,2026-03-04 19:16:10.271371,2026-03-04 19:20:30.936834,Op-Fork,CityLine,0.0
CL-00179,Transmission,2026-03-04 19:10:40.289471,2026-03-04 19:22:21.395490,Op-Trans,CityLine,0.0
CL-00178,Final inspection,2026-03-04 19:14:13.695695,2026-03-04 19:26:26.878933,Op-Inspect,CityLine,0.0
CL-00239,Order released,2026-03-04 19:26:26.878933,2026-03-04 19:26:26.878933,Planner,CityLine,0.0
CL-00186,Frame & painting,2026-03-04 19:16:10.271371,2026-03-04 19:28:14.825638,Op-Paint,CityLine,0.0
CL-00185,Wheels,2026-03-04 19:20:30.936834,2026-03-04 19:29:24.284376,Op-Wheels,CityLine,0.0
CL-00180,Transmission,2026-03-04 19:22:21.395490,2026-03-04 19:30:50.144106,Op-Trans,CityLine,0.0
CL-00128,Accessories,2026-03-04 19:18:13.094194,2026-03-04 19:31:59.609963,Op-Access,CityLine,0.0
CL-00186,Fork & steering,2026-03-04 19:28:14.825638,2026-03-04 19:32:41.304146,Op-Fork,CityLine,0.0
CL-00179,Brakes,2026-03-04 19:22:21.395490,2026-03-04 19:34:04.818163,Op-Brakes,CityLine,0.0
CL-00128,Final inspection,2026-03-04 19:31:59.609963,2026-03-04 19:37:03.371317,Op-Inspect,CityLine,0.0
CL-00240,Order released,2026-03-04 19:37:03.371317,2026-03-04 19:37:03.371317,Planner,CityLine,0.0
CL-00179,Accessories,2026-03-04 19:34:04.818163,2026-03-04 19:38:09.724107,Op-Access,CityLine,0.0
CL-00187,Frame & painting,2026-03-04 19:28:14.825638,2026-03-04 19:39:35.911936,Op-Paint,CityLine,0.0
CL-00186,Wheels,2026-03-04 19:32:41.304146,2026-03-04 19:39:44.559912,Op-Wheels,CityLine,0.0
CL-00180,Brakes,2026-03-04 19:34:04.818163,2026-03-04 19:44:25.555338,Op-Brakes,CityLine,0.0
CL-00187,Fork & steering,2026-03-04 19:39:35.911936,2026-03-04 19:44:50.203976,Op-Fork,CityLine,0.0
CL-00179,Final inspection,2026-03-04 19:38:09.724107,2026-03-04 19:45:52.144381,Op-Inspect,CityLine,0.0
CL-00188,Frame & painting,2026-03-04 19:39:35.911936,2026-03-04 19:47:24.924635,Op-Paint,CityLine,0.0
CL-00181,Transmission,2026-03-04 19:30:50.144106,2026-03-04 19:54:36.368814,Op-Trans,CityLine,0.0
CL-00188,Fork & steering,2026-03-04 19:47:24.924635,2026-03-04 19:55:02.989493,Op-Fork,CityLine,0.0
CL-00179,Final adjustment,2026-03-04 19:45:52.144381,2026-03-04 19:56:21.217655,Op-Inspect,CityLine,0.0
CL-00180,Accessories,2026-03-04 19:44:25.555338,2026-03-04 19:56:39.158238,Op-Access,CityLine,0.0
CL-00189,Frame & painting,2026-03-04 19:47:24.924635,2026-03-04 19:57:20.323208,Op-Paint,CityLine,0.0
CL-00187,Wheels,2026-03-04 19:44:50.203976,2026-03-04 19:57:34.857089,Op-Wheels,CityLine,0.0
CL-00188,Wheels,2026-03-04 19:57:34.857089,2026-03-04 20:01:15.921104,Op-Wheels,CityLine,0.0
CL-00179,Final inspection,2026-03-04 19:56:21.217655,2026-03-04 20:01:25.262736,Op-Inspect,CityLine,0.0
CL-00241,Order released,2026-03-04 20:01:25.262736,2026-03-04 20:01:25.262736,Planner,CityLine,0.0
CL-00181,Brakes,2026-03-04 19:54:36.368814,2026-03-04 20:04:15.631704,Op-Brakes,CityLine,0.0
CL-00189,Fork & steering,2026-03-04 19:57:20.323208,2026-03-04 20:06:26.861899,Op-Fork,CityLine,0.0
CL-00180,Final inspection,2026-03-04 20:01:25.262736,2026-03-04 20:10:46.998209,Op-Inspect,CityLine,0.0
CL-00242,Order released,2026-03-04 20:10:46.998209,2026-03-04 20:10:46.998209,Planner,CityLine,0.0
CL-00181,Accessories,2026-03-04 20:04:15.631704,2026-03-04 20:11:53.202639,Op-Access,CityLine,0.0
CL-00190,Color change,2026-03-04 19:57:20.323208,2026-03-04 20:12:44.681167,Op-Paint,CityLine,0.0
CL-00189,Wheels,2026-03-04 20:06:26.861899,2026-03-04 20:12:45.298010,Op-Wheels,CityLine,0.0
CL-00182,Transmission,2026-03-04 19:54:36.368814,2026-03-04 20:14:03.779847,Op-Trans,CityLine,0.0
CL-00181,Final inspection,2026-03-04 20:11:53.202639,2026-03-04 20:15:19.492388,Op-Inspect,CityLine,0.0
CL-00243,Order released,2026-03-04 20:15:19.492388,2026-03-04 20:15:19.492388,Planner,CityLine,0.0
CL-00190,Frame & painting,2026-03-04 20:12:44.681167,2026-03-04 20:26:53.445440,Op-Paint,CityLine,0.0
CL-00183,Transmission,2026-03-04 20:14:03.779847,2026-03-04 20:30:31.879240,Op-Trans,CityLine,0.0
CL-00182,Brakes,2026-03-04 20:14:03.779847,2026-03-04 20:30:41.287523,Op-Brakes,CityLine,0.0
CL-00190,Fork & steering,2026-03-04 20:26:53.445440,2026-03-04 20:37:01.625159,Op-Fork,CityLine,0.0
CL-00182,Accessories,2026-03-04 20:30:41.287523,2026-03-04 20:38:05.629008,Op-Access,CityLine,0.0
CL-00191,Frame & painting,2026-03-04 20:26:53.445440,2026-03-04 20:38:59.867405,Op-Paint,CityLine,0.0
CL-00183,Brakes,2026-03-04 20:30:41.287523,2026-03-04 20:39:08.049694,Op-Brakes,CityLine,0.0
CL-00184,Transmission,2026-03-04 20:30:31.879240,2026-03-04 20:39:53.094857,Op-Trans,CityLine,0.0
CL-00182,Final inspection,2026-03-04 20:38:05.629008,2026-03-04 20:42:16.145451,Op-Inspect,CityLine,0.0
CL-00244,Order released,2026-03-04 20:42:16.145451,2026-03-04 20:42:16.145451,Planner,CityLine,0.0
CL-00139,Paint rework,2026-03-04 20:38:59.867405,2026-03-04 20:44:05.083620,Op-Paint,CityLine,30.0
CL-00183,Accessories,2026-03-04 20:39:08.049694,2026-03-04 20:45:52.916542,Op-Access,CityLine,0.0
CL-00191,Fork & steering,2026-03-04 20:38:59.867405,2026-03-04 20:46:27.820605,Op-Fork,CityLine,0.0
CL-00184,Brakes,2026-03-04 20:39:53.094857,2026-03-04 20:48:30.574791,Op-Brakes,CityLine,0.0
CL-00192,Frame & painting,2026-03-04 20:44:05.083620,2026-03-04 20:48:34.958802,Op-Paint,CityLine,0.0
CL-00139,Fork & steering,2026-03-04 20:46:27.820605,2026-03-04 20:50:33.283620,Op-Fork,CityLine,0.0
CL-00185,Transmission,2026-03-04 20:39:53.094857,2026-03-04 20:50:45.863304,Op-Trans,CityLine,0.0
CL-00183,Final inspection,2026-03-04 20:45:52.916542,2026-03-04 20:51:41.336596,Op-Inspect,CityLine,0.0
CL-00245,Order released,2026-03-04 20:51:41.336596,2026-03-04 20:51:41.336596,Planner,CityLine,0.0
CL-00190,Wheels,2026-03-04 20:37:01.625159,2026-03-04 20:53:08.602247,Op-Wheels,CityLine,0.0
CL-00184,Accessories,2026-03-04 20:48:30.574791,2026-03-04 20:55:05.265072,Op-Access,CityLine,0.0
CL-00193,Frame & painting,2026-03-04 20:48:34.958802,2026-03-04 20:55:36.109364,Op-Paint,CityLine,0.0
CL-00184,Final inspection,2026-03-04 20:55:05.265072,2026-03-04 20:59:45.099608,Op-Inspect,CityLine,0.0
CL-00246,Order released,2026-03-04 20:59:45.099608,2026-03-04 20:59:45.099608,Planner,CityLine,0.0
CL-00194,Frame & painting,2026-03-04 20:55:36.109364,2026-03-04 21:01:52.379500,Op-Paint,CityLine,0.0
CL-00185,Brakes,2026-03-04 20:50:45.863304,2026-03-04 21:02:18.598988,Op-Brakes,CityLine,0.0
CL-00191,Wheels,2026-03-04 20:53:08.602247,2026-03-04 21:04:18.851973,Op-Wheels,CityLine,0.0
CL-00192,Fork & steering,2026-03-04 20:50:33.283620,2026-03-04 21:05:27.736112,Op-Fork,CityLine,0.0
CL-00186,Transmission,2026-03-04 20:50:45.863304,2026-03-04 21:09:00.224117,Op-Trans,CityLine,0.0
CL-00185,Accessories,2026-03-04 21:02:18.598988,2026-03-04 21:10:08.969264,Op-Access,CityLine,0.0
CL-00139,Wheels,2026-03-04 21:04:18.851973,2026-03-04 21:12:24.174572,Op-Wheels,CityLine,0.0
CL-00193,Fork & steering,2026-03-04 21:05:27.736112,2026-03-04 21:14:22.010279,Op-Fork,CityLine,0.0
CL-00185,Final inspection,2026-03-04 21:10:08.969264,2026-03-04 21:15:51.426257,Op-Inspect,CityLine,0.0
CL-00247,Order released,2026-03-04 21:15:51.426257,2026-03-04 21:15:51.426257,Planner,CityLine,0.0
CL-00186,Brakes,2026-03-04 21:09:00.224117,2026-03-04 21:21:17.166332,Op-Brakes,CityLine,0.0
CL-00194,Fork & steering,2026-03-04 21:14:22.010279,2026-03-04 21:21:20.159242,Op-Fork,CityLine,0.0
CL-00187,Transmission,2026-03-04 21:09:00.224117,2026-03-04 21:25:17.130980,Op-Trans,CityLine,0.0
CL-00192,Wheels,2026-03-04 21:12:24.174572,2026-03-04 21:26:00.845989,Op-Wheels,CityLine,0.0
CL-00193,Wheels,2026-03-04 21:26:00.845989,2026-03-04 21:31:28.152954,Op-Wheels,CityLine,0.0
CL-00187,Brakes,2026-03-04 21:25:17.130980,2026-03-04 21:32:28.012455,Op-Brakes,CityLine,0.0
CL-00195,Color change,2026-03-04 21:01:52.379500,2026-03-04 21:35:16.634388,Op-Paint,CityLine,0.0
CL-00186,Accessories,2026-03-04 21:21:17.166332,2026-03-04 21:36:24.513818,Op-Access,CityLine,0.0
CL-00194,Wheels,2026-03-04 21:31:28.152954,2026-03-04 21:42:38.851803,Op-Wheels,CityLine,0.0
CL-00195,Frame & painting,2026-03-04 21:35:16.634388,2026-03-04 21:43:53.128170,Op-Paint,CityLine,0.0
CL-00187,Accessories,2026-03-04 21:36:24.513818,2026-03-04 21:46:26.303084,Op-Access,CityLine,0.0
CL-00188,Transmission,2026-03-04 21:25:17.130980,2026-03-04 21:47:05.084250,Op-Trans,CityLine,0.0
CL-00186,Final inspection,2026-03-04 21:36:24.513818,2026-03-04 21:47:41.673558,Op-Inspect,CityLine,0.0
CL-00195,Fork & steering,2026-03-04 21:43:53.128170,2026-03-04 21:50:07.589467,Op-Fork,CityLine,0.0
CL-00143,Paint rework,2026-03-04 21:43:53.128170,2026-03-04 21:51:30.987080,Op-Paint,CityLine,30.0
CL-00187,Final inspection,2026-03-04 21:47:41.673558,2026-03-04 21:54:45.749684,Op-Inspect,CityLine,0.0
CL-00248,Order released,2026-03-04 21:54:45.749684,2026-03-04 21:54:45.749684,Planner,CityLine,0.0
CL-00143,Fork & steering,2026-03-04 21:51:30.987080,2026-03-04 21:57:15.427288,Op-Fork,CityLine,0.0
CL-00196,Frame & painting,2026-03-04 21:51:30.987080,2026-03-04 21:57:27.635706,Op-Paint,CityLine,0.0
CL-00188,Brakes,2026-03-04 21:47:05.084250,2026-03-04 21:57:28.857005,Op-Brakes,CityLine,0.0
CL-00195,Wheels,2026-03-04 21:50:07.589467,2026-03-04 21:58:07.525998,Op-Wheels,CityLine,0.0
CL-00189,Transmission,2026-03-04 21:47:05.084250,2026-03-04 21:59:55.808563,Op-Trans,CityLine,0.0
CL-00186,Final adjustment,2026-03-04 21:54:45.749684,2026-03-04 22:03:57.193703,Op-Inspect,CityLine,0.0
CL-00196,Fork & steering,2026-03-04 21:57:27.635706,2026-03-04 22:05:14.424338,Op-Fork,CityLine,0.0
CL-00188,Accessories,2026-03-04 21:57:28.857005,2026-03-04 22:06:53.998469,Op-Access,CityLine,0.0
CL-00143,Wheels,2026-03-04 21:58:07.525998,2026-03-04 22:08:11.386170,Op-Wheels,CityLine,0.0
CL-00197,Frame & painting,2026-03-04 21:57:27.635706,2026-03-04 22:08:14.677045,Op-Paint,CityLine,0.0
CL-00189,Brakes,2026-03-04 21:59:55.808563,2026-03-04 22:09:23.186220,Op-Brakes,CityLine,0.0
CL-00186,Final inspection,2026-03-04 22:03:57.193703,2026-03-04 22:09:37.157760,Op-Inspect,CityLine,0.0
CL-00249,Express release,2026-03-04 22:09:37.157760,2026-03-04 22:09:37.157760,Planner,CityLine,0.0
CL-00198,Frame & painting,2026-03-04 22:08:14.677045,2026-03-04 22:14:05.965407,Op-Paint,CityLine,0.0
CL-00188,Final inspection,2026-03-04 22:09:37.157760,2026-03-04 22:14:08.892681,Op-Inspect,CityLine,0.0
CL-00250,Order released,2026-03-04 22:14:08.892681,2026-03-04 22:14:08.892681,Planner,CityLine,0.0
CL-00196,Wheels,2026-03-04 22:08:11.386170,2026-03-04 22:16:28.144197,Op-Wheels,CityLine,0.0
CL-00197,Fork & steering,2026-03-04 22:08:14.677045,2026-03-04 22:16:28.225975,Op-Fork,CityLine,0.0
CL-00189,Accessories,2026-03-04 22:09:23.186220,2026-03-04 22:21:49.713223,Op-Access,CityLine,0.0
CL-00198,Fork & steering,2026-03-04 22:16:28.225975,2026-03-04 22:23:59.710402,Op-Fork,CityLine,0.0
CL-00199,Frame & painting,2026-03-04 22:14:05.965407,2026-03-04 22:25:46.498666,Op-Paint,CityLine,0.0
CL-00197,Wheels,2026-03-04 22:16:28.225975,2026-03-04 22:29:27.537918,Op-Wheels,CityLine,0.0
CL-00189,Final inspection,2026-03-04 22:21:49.713223,2026-03-04 22:33:10.366136,Op-Inspect,CityLine,0.0
CL-00251,Order released,2026-03-04 22:33:10.366136,2026-03-04 22:33:10.366136,Planner,CityLine,0.0
CL-00199,Fork & steering,2026-03-04 22:25:46.498666,2026-03-04 22:33:15.246184,Op-Fork,CityLine,0.0
CL-00190,Transmission,2026-03-04 21:59:55.808563,2026-03-04 22:35:32.878239,Op-Trans,CityLine,0.0
CL-00198,Wheels,2026-03-04 22:29:27.537918,2026-03-04 22:41:40.047537,Op-Wheels,CityLine,0.0
CL-00190,Brakes,2026-03-04 22:35:32.878239,2026-03-04 22:47:23.144725,Op-Brakes,CityLine,0.0
CL-00199,Wheels,2026-03-04 22:41:40.047537,2026-03-04 22:48:15.947317,Op-Wheels,CityLine,0.0
CL-00191,Transmission,2026-03-04 22:35:32.878239,2026-03-04 22:51:56.053425,Op-Trans,CityLine,0.0
CL-00190,Accessories,2026-03-04 22:47:23.144725,2026-03-04 22:52:32.182632,Op-Access,CityLine,0.0
CL-00139,Transmission,2026-03-04 22:51:56.053425,2026-03-04 22:58:51.781765,Op-Trans,CityLine,0.0
CL-00200,Color change,2026-03-04 22:25:46.498666,2026-03-04 22:58:57.301843,Op-Paint,CityLine,0.0
CL-00190,Final inspection,2026-03-04 22:52:32.182632,2026-03-04 22:59:37.273322,Op-Inspect,CityLine,0.0
CL-00252,Order released,2026-03-04 22:59:37.273322,2026-03-04 22:59:37.273322,Planner,CityLine,0.0
CL-00191,Brakes,2026-03-04 22:51:56.053425,2026-03-04 23:05:39.574848,Op-Brakes,CityLine,0.0
CL-00200,Frame & painting,2026-03-04 22:58:57.301843,2026-03-04 23:10:27.476012,Op-Paint,CityLine,0.0
CL-00192,Transmission,2026-03-04 22:58:51.781765,2026-03-04 23:13:07.546659,Op-Trans,CityLine,0.0
CL-00139,Brakes,2026-03-04 23:05:39.574848,2026-03-04 23:15:33.376684,Op-Brakes,CityLine,0.0
CL-00191,Accessories,2026-03-04 23:05:39.574848,2026-03-04 23:16:17.342602,Op-Access,CityLine,0.0
CL-00201,Frame & painting,2026-03-04 23:10:27.476012,2026-03-04 23:18:31.391307,Op-Paint,CityLine,0.0
CL-00200,Fork & steering,2026-03-04 23:10:27.476012,2026-03-04 23:20:09.485185,Op-Fork,CityLine,0.0
CL-00191,Final inspection,2026-03-04 23:16:17.342602,2026-03-04 23:23:35.517902,Op-Inspect,CityLine,0.0
CL-00253,Order released,2026-03-04 23:23:35.517902,2026-03-04 23:23:35.517902,Planner,CityLine,0.0
CL-00192,Brakes,2026-03-04 23:15:33.376684,2026-03-04 23:23:38.147214,Op-Brakes,CityLine,0.0
CL-00201,Fork & steering,2026-03-04 23:20:09.485185,2026-03-04 23:24:52.976273,Op-Fork,CityLine,0.0
CL-00139,Accessories,2026-03-04 23:16:17.342602,2026-03-04 23:27:54.792685,Op-Access,CityLine,0.0
CL-00200,Wheels,2026-03-04 23:20:09.485185,2026-03-04 23:28:10.038448,Op-Wheels,CityLine,0.0
CL-00201,Wheels,2026-03-04 23:28:10.038448,2026-03-04 23:35:15.308367,Op-Wheels,CityLine,0.0
CL-00139,Final inspection,2026-03-04 23:27:54.792685,2026-03-04 23:35:44.325801,Op-Inspect,CityLine,0.0
CL-00202,Frame & painting,2026-03-04 23:18:31.391307,2026-03-04 23:36:37.790837,Op-Paint,CityLine,0.0
CL-00193,Transmission,2026-03-04 23:13:07.546659,2026-03-04 23:36:40.280827,Op-Trans,CityLine,0.0
CL-00192,Accessories,2026-03-04 23:27:54.792685,2026-03-04 23:36:42.504837,Op-Access,CityLine,0.0
CL-00139,Final adjustment,2026-03-04 23:35:44.325801,2026-03-04 23:41:20.444841,Op-Inspect,CityLine,0.0
CL-00192,Final inspection,2026-03-04 23:41:20.444841,2026-03-04 23:46:55.713915,Op-Inspect,CityLine,0.0
CL-00254,Order released,2026-03-04 23:46:55.713915,2026-03-04 23:46:55.713915,Planner,CityLine,0.0
CL-00193,Brakes,2026-03-04 23:36:40.280827,2026-03-04 23:49:30.013272,Op-Brakes,CityLine,0.0
CL-00139,Final inspection,2026-03-04 23:46:55.713915,2026-03-04 23:51:29.119984,Op-Inspect,CityLine,0.0
CL-00255,Order released,2026-03-04 23:51:29.119984,2026-03-04 23:51:29.119984,Planner,CityLine,0.0
CL-00193,Accessories,2026-03-04 23:49:30.013272,2026-03-04 23:54:41.668354,Op-Access,CityLine,0.0
CL-00194,Transmission,2026-03-04 23:36:40.280827,2026-03-04 23:57:07.781821,Op-Trans,CityLine,0.0
CL-00203,Frame & painting,2026-03-04 23:36:37.790837,2026-03-05 00:01:33.722496,Op-Paint,CityLine,0.0
CL-00193,Final inspection,2026-03-04 23:54:41.668354,2026-03-05 00:01:56.618787,Op-Inspect,CityLine,0.0
CL-00256,Order released,2026-03-05 00:01:56.618787,2026-03-05 00:01:56.618787,Planner,CityLine,0.0
CL-00194,Brakes,2026-03-04 23:57:07.781821,2026-03-05 00:10:00.985539,Op-Brakes,CityLine,0.0
CL-00204,Frame & painting,2026-03-05 00:01:33.722496,2026-03-05 00:10:53.846305,Op-Paint,CityLine,0.0
CL-00203,Fork & steering,2026-03-05 00:01:33.722496,2026-03-05 00:12:02.573951,Op-Fork,CityLine,0.0
CL-00195,Transmission,2026-03-04 23:57:07.781821,2026-03-05 00:12:14.168451,Op-Trans,CityLine,0.0
CL-00194,Accessories,2026-03-05 00:10:00.985539,2026-03-05 00:17:34.704941,Op-Access,CityLine,0.0
CL-00195,Brakes,2026-03-05 00:12:14.168451,2026-03-05 00:19:33.066271,Op-Brakes,CityLine,0.0
CL-00203,Wheels,2026-03-05 00:12:02.573951,2026-03-05 00:22:37.600037,Op-Wheels,CityLine,0.0
CL-00195,Accessories,2026-03-05 00:19:33.066271,2026-03-05 00:23:37.973467,Op-Access,CityLine,0.0
CL-00194,Final inspection,2026-03-05 00:17:34.704941,2026-03-05 00:24:18.435660,Op-Inspect,CityLine,0.0
CL-00257,Order released,2026-03-05 00:24:18.435660,2026-03-05 00:24:18.435660,Planner,CityLine,0.0
CL-00143,Transmission,2026-03-05 00:12:14.168451,2026-03-05 00:28:49.220741,Op-Trans,CityLine,0.0
CL-00195,Final inspection,2026-03-05 00:24:18.435660,2026-03-05 00:31:50.602757,Op-Inspect,CityLine,0.0
CL-00258,Order released,2026-03-05 00:31:50.602757,2026-03-05 00:31:50.602757,Planner,CityLine,0.0
CL-00205,Color change,2026-03-05 00:10:53.846305,2026-03-05 00:32:05.968138,Op-Paint,CityLine,0.0
CL-00143,Brakes,2026-03-05 00:28:49.220741,2026-03-05 00:36:28.332312,Op-Brakes,CityLine,0.0
CL-00205,Frame & painting,2026-03-05 00:32:05.968138,2026-03-05 00:40:44.102950,Op-Paint,CityLine,0.0
CL-00143,Accessories,2026-03-05 00:36:28.332312,2026-03-05 00:44:41.771014,Op-Access,CityLine,0.0
CL-00196,Transmission,2026-03-05 00:28:49.220741,2026-03-05 00:46:31.717934,Op-Trans,CityLine,0.0
CL-00205,Fork & steering,2026-03-05 00:40:44.102950,2026-03-05 00:46:49.896231,Op-Fork,CityLine,0.0
CL-00143,Final inspection,2026-03-05 00:44:41.771014,2026-03-05 00:51:45.374963,Op-Inspect,CityLine,0.0
CL-00259,Order released,2026-03-05 00:51:45.374963,2026-03-05 00:51:45.374963,Planner,CityLine,0.0
CL-00206,Frame & painting,2026-03-05 00:40:44.102950,2026-03-05 00:51:48.035490,Op-Paint,CityLine,0.0
CL-00207,Frame & painting,2026-03-05 00:51:48.035490,2026-03-05 00:56:54.313217,Op-Paint,CityLine,0.0
CL-00206,Fork & steering,2026-03-05 00:51:48.035490,2026-03-05 00:57:32.681273,Op-Fork,CityLine,0.0
CL-00205,Wheels,2026-03-05 00:46:49.896231,2026-03-05 01:00:32.759659,Op-Wheels,CityLine,0.0
CL-00196,Brakes,2026-03-05 00:46:31.717934,2026-03-05 01:00:33.423981,Op-Brakes,CityLine,0.0
CL-00207,Fork & steering,2026-03-05 00:57:32.681273,2026-03-05 01:01:45.629991,Op-Fork,CityLine,0.0
CL-00197,Transmission,2026-03-05 00:46:31.717934,2026-03-05 01:04:04.660162,Op-Trans,CityLine,0.0
CL-00208,Frame & painting,2026-03-05 00:56:54.313217,2026-03-05 01:07:12.257766,Op-Paint,CityLine,0.0
CL-00206,Wheels,2026-03-05 01:00:32.759659,2026-03-05 01:08:41.487500,Op-Wheels,CityLine,0.0
CL-00196,Accessories,2026-03-05 01:00:33.423981,2026-03-05 01:11:36.029578,Op-Access,CityLine,0.0
CL-00208,Fork & steering,2026-03-05 01:07:12.257766,2026-03-05 01:12:29.604023,Op-Fork,CityLine,0.0
CL-00197,Brakes,2026-03-05 01:04:04.660162,2026-03-05 01:14:22.604914,Op-Brakes,CityLine,0.0
CL-00209,Frame & painting,2026-03-05 01:07:12.257766,2026-03-05 01:14:23.999360,Op-Paint,CityLine,0.0
CL-00198,Transmission,2026-03-05 01:04:04.660162,2026-03-05 01:18:10.597358,Op-Trans,CityLine,0.0
CL-00196,Final inspection,2026-03-05 01:11:36.029578,2026-03-05 01:19:08.719003,Op-Inspect,CityLine,0.0
CL-00260,Order released,2026-03-05 01:19:08.719003,2026-03-05 01:19:08.719003,Planner,CityLine,0.0
CL-00207,Wheels,2026-03-05 01:08:41.487500,2026-03-05 01:19:50.845547,Op-Wheels,CityLine,0.0
CL-00209,Fork & steering,2026-03-05 01:14:23.999360,2026-03-05 01:22:28.690323,Op-Fork,CityLine,0.0
CL-00157,Paint rework,2026-03-05 01:14:23.999360,2026-03-05 01:23:19.053259,Op-Paint,CityLine,30.0
CL-00197,Accessories,2026-03-05 01:14:22.604914,2026-03-05 01:24:25.966215,Op-Access,CityLine,0.0
CL-00198,Brakes,2026-03-05 01:18:10.597358,2026-03-05 01:28:32.856589,Op-Brakes,CityLine,0.0
CL-00197,Final inspection,2026-03-05 01:24:25.966215,2026-03-05 01:31:11.611714,Op-Inspect,CityLine,0.0
CL-00261,Order released,2026-03-05 01:31:11.611714,2026-03-05 01:31:11.611714,Planner,CityLine,0.0
CL-00157,Fork & steering,2026-03-05 01:23:19.053259,2026-03-05 01:32:26.202966,Op-Fork,CityLine,0.0
CL-00208,Wheels,2026-03-05 01:19:50.845547,2026-03-05 01:33:20.880069,Op-Wheels,CityLine,0.0
CL-00199,Transmission,2026-03-05 01:18:10.597358,2026-03-05 01:35:19.068049,Op-Trans,CityLine,0.0
CL-00198,Accessories,2026-03-05 01:28:32.856589,2026-03-05 01:36:57.708751,Op-Access,CityLine,0.0
CL-00209,Wheels,2026-03-05 01:33:20.880069,2026-03-05 01:42:02.224026,Op-Wheels,CityLine,0.0
CL-00198,Final inspection,2026-03-05 01:36:57.708751,2026-03-05 01:43:47.558320,Op-Inspect,CityLine,0.0
CL-00262,Order released,2026-03-05 01:43:47.558320,2026-03-05 01:43:47.558320,Planner,CityLine,0.0
CL-00199,Brakes,2026-03-05 01:35:19.068049,2026-03-05 01:48:23.550682,Op-Brakes,CityLine,0.0
CL-00199,Accessories,2026-03-05 01:48:23.550682,2026-03-05 01:54:52.031953,Op-Access,CityLine,0.0
CL-00200,Transmission,2026-03-05 01:35:19.068049,2026-03-05 01:59:26.760665,Op-Trans,CityLine,0.0
CL-00199,Final inspection,2026-03-05 01:54:52.031953,2026-03-05 02:00:43.802345,Op-Inspect,CityLine,0.0
CL-00263,Order released,2026-03-05 02:00:43.802345,2026-03-05 02:00:43.802345,Planner,CityLine,0.0
CL-00157,Wheels,2026-03-05 01:42:02.224026,2026-03-05 02:05:01.321786,Op-Wheels,CityLine,0.0
CL-00210,Color change,2026-03-05 01:23:19.053259,2026-03-05 02:05:28.576439,Op-Paint,CityLine,0.0
CL-00200,Brakes,2026-03-05 01:59:26.760665,2026-03-05 02:11:46.349438,Op-Brakes,CityLine,0.0
CL-00210,Frame & painting,2026-03-05 02:05:28.576439,2026-03-05 02:12:38.710627,Op-Paint,CityLine,0.0
CL-00200,Accessories,2026-03-05 02:11:46.349438,2026-03-05 02:19:59.841899,Op-Access,CityLine,0.0
CL-00201,Transmission,2026-03-05 01:59:26.760665,2026-03-05 02:21:49.149688,Op-Trans,CityLine,0.0
CL-00211,Frame & painting,2026-03-05 02:12:38.710627,2026-03-05 02:23:26.241927,Op-Paint,CityLine,0.0
CL-00200,Final inspection,2026-03-05 02:19:59.841899,2026-03-05 02:25:10.252486,Op-Inspect,CityLine,0.0
CL-00264,Order released,2026-03-05 02:25:10.252486,2026-03-05 02:25:10.252486,Planner,CityLine,0.0
CL-00201,Brakes,2026-03-05 02:21:49.149688,2026-03-05 02:30:45.863439,Op-Brakes,CityLine,0.0
CL-00210,Fork & steering,2026-03-05 02:12:38.710627,2026-03-05 02:31:34.628383,Op-Fork,CityLine,0.0
CL-00212,Frame & painting,2026-03-05 02:23:26.241927,2026-03-05 02:31:46.580257,Op-Paint,CityLine,0.0
CL-00203,Transmission,2026-03-05 02:21:49.149688,2026-03-05 02:33:59.892243,Op-Trans,CityLine,0.0
CL-00211,Fork & steering,2026-03-05 02:31:34.628383,2026-03-05 02:36:48.937911,Op-Fork,CityLine,0.0
CL-00210,Wheels,2026-03-05 02:31:34.628383,2026-03-05 02:39:21.763971,Op-Wheels,CityLine,0.0
CL-00201,Accessories,2026-03-05 02:30:45.863439,2026-03-05 02:41:39.435352,Op-Access,CityLine,0.0
CL-00213,Frame & painting,2026-03-05 02:31:46.580257,2026-03-05 02:43:21.252278,Op-Paint,CityLine,0.0
CL-00212,Fork & steering,2026-03-05 02:36:48.937911,2026-03-05 02:46:19.322169,Op-Fork,CityLine,0.0
CL-00203,Brakes,2026-03-05 02:33:59.892243,2026-03-05 02:46:40.800393,Op-Brakes,CityLine,0.0
CL-00205,Transmission,2026-03-05 02:33:59.892243,2026-03-05 02:46:44.490053,Op-Trans,CityLine,0.0
CL-00201,Final inspection,2026-03-05 02:41:39.435352,2026-03-05 02:47:11.451749,Op-Inspect,CityLine,0.0
CL-00265,Order released,2026-03-05 02:47:11.451749,2026-03-05 02:47:11.451749,Planner,CityLine,0.0
CL-00211,Wheels,2026-03-05 02:39:21.763971,2026-03-05 02:47:25.526200,Op-Wheels,CityLine,0.0
CL-00212,Wheels,2026-03-05 02:47:25.526200,2026-03-05 02:55:30.191170,Op-Wheels,CityLine,0.0
CL-00203,Accessories,2026-03-05 02:46:40.800393,2026-03-05 02:57:12.942666,Op-Access,CityLine,0.0
CL-00214,Frame & painting,2026-03-05 02:43:21.252278,2026-03-05 02:58:02.610897,Op-Paint,CityLine,0.0
CL-00205,Brakes,2026-03-05 02:46:44.490053,2026-03-05 03:00:39.240423,Op-Brakes,CityLine,0.0
CL-00203,Final inspection,2026-03-05 02:57:12.942666,2026-03-05 03:02:34.447881,Op-Inspect,CityLine,0.0
CL-00266,Order released,2026-03-05 03:02:34.447881,2026-03-05 03:02:34.447881,Planner,CityLine,0.0
CL-00214,Fork & steering,2026-03-05 02:58:02.610897,2026-03-05 03:03:16.705634,Op-Fork,CityLine,0.0
CL-00205,Accessories,2026-03-05 03:00:39.240423,2026-03-05 03:10:10.408685,Op-Access,CityLine,0.0
CL-00206,Transmission,2026-03-05 02:46:44.490053,2026-03-05 03:12:22.877597,Op-Trans,CityLine,0.0
CL-00214,Wheels,2026-03-05 03:03:16.705634,2026-03-05 03:15:37.006908,Op-Wheels,CityLine,0.0
CL-00205,Final inspection,2026-03-05 03:10:10.408685,2026-03-05 03:18:17.017685,Op-Inspect,CityLine,0.0
CL-00267,Order released,2026-03-05 03:18:17.017685,2026-03-05 03:18:17.017685,Planner,CityLine,0.0
CL-00206,Brakes,2026-03-05 03:12:22.877597,2026-03-05 03:22:21.443050,Op-Brakes,CityLine,0.0
CL-00206,Accessories,2026-03-05 03:22:21.443050,2026-03-05 03:28:23.949994,Op-Access,CityLine,0.0
CL-00206,Final inspection,2026-03-05 03:28:23.949994,2026-03-05 03:32:03.331262,Op-Inspect,CityLine,0.0
CL-00268,Order released,2026-03-05 03:32:03.331262,2026-03-05 03:32:03.331262,Planner,CityLine,0.0
CL-00215,Color change,2026-03-05 02:58:02.610897,2026-03-05 03:35:33.074103,Op-Paint,CityLine,0.0
CL-00215,Frame & painting,2026-03-05 03:35:33.074103,2026-03-05 03:41:47.569594,Op-Paint,CityLine,0.0
CL-00207,Transmission,2026-03-05 03:12:22.877597,2026-03-05 03:46:53.435618,Op-Trans,CityLine,0.0
CL-00216,Frame & painting,2026-03-05 03:41:47.569594,2026-03-05 03:53:10.075395,Op-Paint,CityLine,0.0
CL-00215,Fork & steering,2026-03-05 03:41:47.569594,2026-03-05 03:56:45.056565,Op-Fork,CityLine,0.0
CL-00208,Transmission,2026-03-05 03:46:53.435618,2026-03-05 03:59:07.066995,Op-Trans,CityLine,0.0
CL-00216,Fork & steering,2026-03-05 03:56:45.056565,2026-03-05 04:00:46.099420,Op-Fork,CityLine,0.0
CL-00207,Brakes,2026-03-05 03:46:53.435618,2026-03-05 04:01:23.268408,Op-Brakes,CityLine,0.0
CL-00217,Frame & painting,2026-03-05 03:53:10.075395,2026-03-05 04:02:43.520435,Op-Paint,CityLine,0.0
CL-00215,Wheels,2026-03-05 03:56:45.056565,2026-03-05 04:07:45.738471,Op-Wheels,CityLine,0.0
CL-00217,Fork & steering,2026-03-05 04:02:43.520435,2026-03-05 04:09:00.653479,Op-Fork,CityLine,0.0
CL-00207,Accessories,2026-03-05 04:01:23.268408,2026-03-05 04:09:55.395907,Op-Access,CityLine,0.0
CL-00218,Frame & painting,2026-03-05 04:02:43.520435,2026-03-05 04:11:36.791146,Op-Paint,CityLine,0.0
CL-00208,Brakes,2026-03-05 04:01:23.268408,2026-03-05 04:11:54.917817,Op-Brakes,CityLine,0.0
CL-00209,Transmission,2026-03-05 03:59:07.066995,2026-03-05 04:14:53.993317,Op-Trans,CityLine,0.0
CL-00207,Final inspection,2026-03-05 04:09:55.395907,2026-03-05 04:18:02.300221,Op-Inspect,CityLine,0.0
CL-00269,Order released,2026-03-05 04:18:02.300221,2026-03-05 04:18:02.300221,Planner,CityLine,0.0
CL-00218,Fork & steering,2026-03-05 04:11:36.791146,2026-03-05 04:18:26.704883,Op-Fork,CityLine,0.0
CL-00216,Wheels,2026-03-05 04:07:45.738471,2026-03-05 04:18:28.212960,Op-Wheels,CityLine,0.0
CL-00219,Frame & painting,2026-03-05 04:11:36.791146,2026-03-05 04:19:41.760318,Op-Paint,CityLine,0.0
CL-00208,Accessories,2026-03-05 04:11:54.917817,2026-03-05 04:21:46.361272,Op-Access,CityLine,0.0
CL-00208,Final inspection,2026-03-05 04:21:46.361272,2026-03-05 04:28:24.304466,Op-Inspect,CityLine,0.0
CL-00270,Order released,2026-03-05 04:28:24.304466,2026-03-05 04:28:24.304466,Planner,CityLine,0.0
CL-00209,Brakes,2026-03-05 04:14:53.993317,2026-03-05 04:28:50.405796,Op-Brakes,CityLine,0.0
CL-00157,Transmission,2026-03-05 04:14:53.993317,2026-03-05 04:29:22.619693,Op-Trans,CityLine,0.0
CL-00209,Accessories,2026-03-05 04:28:50.405796,2026-03-05 04:33:58.002619,Op-Access,CityLine,0.0
CL-00217,Wheels,2026-03-05 04:18:28.212960,2026-03-05 04:34:34.590825,Op-Wheels,CityLine,0.0
CL-00209,Final inspection,2026-03-05 04:33:58.002619,2026-03-05 04:40:46.182538,Op-Inspect,CityLine,0.0
CL-00271,Order released,2026-03-05 04:40:46.182538,2026-03-05 04:40:46.182538,Planner,CityLine,0.0
CL-00157,Brakes,2026-03-05 04:29:22.619693,2026-03-05 04:41:03.948881,Op-Brakes,CityLine,0.0
CL-00210,Transmission,2026-03-05 04:29:22.619693,2026-03-05 04:42:17.974533,Op-Trans,CityLine,0.0
CL-00218,Wheels,2026-03-05 04:34:34.590825,2026-03-05 04:42:30.170539,Op-Wheels,CityLine,0.0
CL-00157,Accessories,2026-03-05 04:41:03.948881,2026-03-05 04:50:00.463624,Op-Access,CityLine,0.0
CL-00220,Color change,2026-03-05 04:19:41.760318,2026-03-05 04:50:37.848870,Op-Paint,CityLine,0.0
CL-00210,Brakes,2026-03-05 04:42:17.974533,2026-03-05 04:56:05.460724,Op-Brakes,CityLine,0.0
CL-00157,Final inspection,2026-03-05 04:50:00.463624,2026-03-05 04:57:16.069113,Op-Inspect,CityLine,0.0
CL-00272,Order released,2026-03-05 04:57:16.069113,2026-03-05 04:57:16.069113,Planner,CityLine,0.0
CL-00220,Frame & painting,2026-03-05 04:50:37.848870,2026-03-05 05:00:06.845792,Op-Paint,CityLine,0.0
CL-00220,Fork & steering,2026-03-05 05:00:06.845792,2026-03-05 05:05:37.833219,Op-Fork,CityLine,0.0
CL-00210,Accessories,2026-03-05 04:56:05.460724,2026-03-05 05:06:06.516689,Op-Access,CityLine,0.0
CL-00221,Frame & painting,2026-03-05 05:00:06.845792,2026-03-05 05:06:43.979675,Op-Paint,CityLine,0.0
CL-00210,Final inspection,2026-03-05 05:06:06.516689,2026-03-05 05:12:30.967421,Op-Inspect,CityLine,0.0
CL-00273,Order released,2026-03-05 05:12:30.967421,2026-03-05 05:12:30.967421,Planner,CityLine,0.0
CL-00221,Fork & steering,2026-03-05 05:06:43.979675,2026-03-05 05:13:32.415468,Op-Fork,CityLine,0.0
CL-00220,Wheels,2026-03-05 05:05:37.833219,2026-03-05 05:15:52.554785,Op-Wheels,CityLine,0.0
CL-00211,Transmission,2026-03-05 04:42:17.974533,2026-03-05 05:17:34.591629,Op-Trans,CityLine,0.0
CL-00222,Frame & painting,2026-03-05 05:06:43.979675,2026-03-05 05:21:04.091927,Op-Paint,CityLine,0.0
CL-00222,Fork & steering,2026-03-05 05:21:04.091927,2026-03-05 05:26:55.827829,Op-Fork,CityLine,0.0
CL-00221,Wheels,2026-03-05 05:15:52.554785,2026-03-05 05:30:10.795611,Op-Wheels,CityLine,0.0
CL-00223,Frame & painting,2026-03-05 05:21:04.091927,2026-03-05 05:30:19.972975,Op-Paint,CityLine,0.0
CL-00211,Brakes,2026-03-05 05:17:34.591629,2026-03-05 05:30:57.967614,Op-Brakes,CityLine,0.0
CL-00212,Transmission,2026-03-05 05:17:34.591629,2026-03-05 05:31:09.908077,Op-Trans,CityLine,0.0
CL-00211,Accessories,2026-03-05 05:30:57.967614,2026-03-05 05:34:44.821236,Op-Access,CityLine,0.0
CL-00223,Fork & steering,2026-03-05 05:30:19.972975,2026-03-05 05:37:40.193305,Op-Fork,CityLine,0.0
CL-00170,Paint rework,2026-03-05 05:30:19.972975,2026-03-05 05:39:49.903662,Op-Paint,CityLine,30.0
CL-00211,Final inspection,2026-03-05 05:34:44.821236,2026-03-05 05:42:08.603332,Op-Inspect,CityLine,0.0
CL-00274,Order released,2026-03-05 05:42:08.603332,2026-03-05 05:42:08.603332,Planner,CityLine,0.0
CL-00214,Transmission,2026-03-05 05:31:09.908077,2026-03-05 05:42:23.452454,Op-Trans,CityLine,0.0
CL-00222,Wheels,2026-03-05 05:30:10.795611,2026-03-05 05:45:36.650723,Op-Wheels,CityLine,0.0
CL-00212,Brakes,2026-03-05 05:31:09.908077,2026-03-05 05:47:15.649384,Op-Brakes,CityLine,0.0
CL-00170,Fork & steering,2026-03-05 05:39:49.903662,2026-03-05 05:48:02.585738,Op-Fork,CityLine,0.0
CL-00224,Frame & painting,2026-03-05 05:39:49.903662,2026-03-05 05:53:28.706571,Op-Paint,CityLine,0.0
CL-00212,Accessories,2026-03-05 05:47:15.649384,2026-03-05 05:55:12.645693,Op-Access,CityLine,0.0
CL-00215,Transmission,2026-03-05 05:42:23.452454,2026-03-05 05:55:14.490538,Op-Trans,CityLine,0.0
CL-00223,Wheels,2026-03-05 05:45:36.650723,2026-03-05 05:56:29.562451,Op-Wheels,CityLine,0.0
CL-00214,Brakes,2026-03-05 05:47:15.649384,2026-03-05 06:00:35.024587,Op-Brakes,CityLine,0.0
CL-00212,Final inspection,2026-03-05 05:55:12.645693,2026-03-05 06:00:52.202013,Op-Inspect,CityLine,0.0
CL-00275,Order released,2026-03-05 06:00:52.202013,2026-03-05 06:00:52.202013,Planner,CityLine,0.0
CL-00224,Fork & steering,2026-03-05 05:53:28.706571,2026-03-05 06:02:45.861441,Op-Fork,CityLine,0.0
CL-00170,Wheels,2026-03-05 05:56:29.562451,2026-03-05 06:03:39.558237,Op-Wheels,CityLine,0.0
CL-00224,Wheels,2026-03-05 06:03:39.558237,2026-03-05 06:10:22.982564,Op-Wheels,CityLine,0.0
CL-00214,Accessories,2026-03-05 06:00:35.024587,2026-03-05 06:11:06.705701,Op-Access,CityLine,0.0
CL-00216,Transmission,2026-03-05 05:55:14.490538,2026-03-05 06:14:34.350193,Op-Trans,CityLine,0.0
CL-00215,Brakes,2026-03-05 06:00:35.024587,2026-03-05 06:16:00.465333,Op-Brakes,CityLine,0.0
CL-00215,Accessories,2026-03-05 06:16:00.465333,2026-03-05 06:20:20.107095,Op-Access,CityLine,0.0
CL-00214,Final inspection,2026-03-05 06:11:06.705701,2026-03-05 06:23:39.403855,Op-Inspect,CityLine,0.0
CL-00276,Order released,2026-03-05 06:23:39.403855,2026-03-05 06:23:39.403855,Planner,CityLine,0.0
CL-00217,Transmission,2026-03-05 06:14:34.350193,2026-03-05 06:28:30.430999,Op-Trans,CityLine,0.0
CL-00215,Final inspection,2026-03-05 06:23:39.403855,2026-03-05 06:30:54.960354,Op-Inspect,CityLine,0.0
CL-00277,Order released,2026-03-05 06:30:54.960354,2026-03-05 06:30:54.960354,Planner,CityLine,0.0
CL-00225,Color change,2026-03-05 05:53:28.706571,2026-03-05 06:32:05.442794,Op-Paint,CityLine,0.0
CL-00216,Brakes,2026-03-05 06:16:00.465333,2026-03-05 06:33:14.662242,Op-Brakes,CityLine,0.0
CL-00225,Frame & painting,2026-03-05 06:32:05.442794,2026-03-05 06:37:07.769737,Op-Paint,CityLine,0.0
CL-00226,Frame & painting,2026-03-05 06:37:07.769737,2026-03-05 06:48:06.944065,Op-Paint,CityLine,0.0
CL-00218,Transmission,2026-03-05 06:28:30.430999,2026-03-05 06:48:07.045634,Op-Trans,CityLine,0.0
CL-00217,Brakes,2026-03-05 06:33:14.662242,2026-03-05 06:49:00.011744,Op-Brakes,CityLine,0.0
CL-00216,Accessories,2026-03-05 06:33:14.662242,2026-03-05 06:51:40.077989,Op-Access,CityLine,0.0
CL-00216,Final inspection,2026-03-05 06:51:40.077989,2026-03-05 07:00:43.480933,Op-Inspect,CityLine,0.0
CL-00278,Order released,2026-03-05 07:00:43.480933,2026-03-05 07:00:43.480933,Planner,CityLine,0.0
CL-00227,Frame & painting,2026-03-05 06:48:06.944065,2026-03-05 07:02:19.292215,Op-Paint,CityLine,0.0
CL-00220,Transmission,2026-03-05 06:48:07.045634,2026-03-05 07:02:37.917690,Op-Trans,CityLine,0.0
CL-00218,Brakes,2026-03-05 06:49:00.011744,2026-03-05 07:05:49.785699,Op-Brakes,CityLine,0.0
CL-00220,Brakes,2026-03-05 07:05:49.785699,2026-03-05 07:10:15.476077,Op-Brakes,CityLine,0.0
CL-00228,Frame & painting,2026-03-05 07:02:19.292215,2026-03-05 07:10:18.677674,Op-Paint,CityLine,0.0
CL-00217,Accessories,2026-03-05 06:51:40.077989,2026-03-05 07:12:02.131932,Op-Access,CityLine,0.0
CL-00221,Transmission,2026-03-05 07:02:37.917690,2026-03-05 07:15:01.858970,Op-Trans,CityLine,0.0
CL-00176,Paint rework,2026-03-05 07:10:18.677674,2026-03-05 07:16:41.795172,Op-Paint,CityLine,30.0
CL-00228,Fork & steering,2026-03-05 07:10:18.677674,2026-03-05 07:18:52.339973,Op-Fork,CityLine,0.0
CL-00218,Accessories,2026-03-05 07:12:02.131932,2026-03-05 07:20:34.138230,Op-Access,CityLine,0.0
CL-00217,Final inspection,2026-03-05 07:12:02.131932,2026-03-05 07:24:47.522740,Op-Inspect,CityLine,0.0
CL-00279,Order released,2026-03-05 07:24:47.522740,2026-03-05 07:24:47.522740,Planner,CityLine,0.0
CL-00229,Frame & painting,2026-03-05 07:16:41.795172,2026-03-05 07:29:11.799020,Op-Paint,CityLine,0.0
CL-00220,Accessories,2026-03-05 07:20:34.138230,2026-03-05 07:29:13.606599,Op-Access,CityLine,0.0
CL-00228,Wheels,2026-03-05 07:18:52.339973,2026-03-05 07:30:17.317263,Op-Wheels,CityLine,0.0
CL-00218,Final inspection,2026-03-05 07:24:47.522740,2026-03-05 07:30:46.937179,Op-Inspect,CityLine,0.0
CL-00280,Order released,2026-03-05 07:30:46.937179,2026-03-05 07:30:46.937179,Planner,CityLine,0.0
CL-00176,Fork & steering,2026-03-05 07:18:52.339973,2026-03-05 07:30:53.823715,Op-Fork,CityLine,0.0
CL-00221,Brakes,2026-03-05 07:15:01.858970,2026-03-05 07:32:35.853795,Op-Brakes,CityLine,0.0
CL-00222,Transmission,2026-03-05 07:15:01.858970,2026-03-05 07:33:22.206728,Op-Trans,CityLine,0.0
CL-00229,Fork & steering,2026-03-05 07:30:53.823715,2026-03-05 07:34:15.326016,Op-Fork,CityLine,0.0
CL-00222,Brakes,2026-03-05 07:33:22.206728,2026-03-05 07:38:41.780064,Op-Brakes,CityLine,0.0
CL-00220,Final inspection,2026-03-05 07:30:46.937179,2026-03-05 07:40:31.048623,Op-Inspect,CityLine,0.0
CL-00281,Order released,2026-03-05 07:40:31.048623,2026-03-05 07:40:31.048623,Planner,CityLine,0.0
CL-00176,Wheels,2026-03-05 07:30:53.823715,2026-03-05 07:41:19.256289,Op-Wheels,CityLine,0.0
CL-00221,Accessories,2026-03-05 07:32:35.853795,2026-03-05 07:42:43.405492,Op-Access,CityLine,0.0
CL-00221,Final inspection,2026-03-05 07:42:43.405492,2026-03-05 07:46:37.264434,Op-Inspect,CityLine,0.0
CL-00229,Wheels,2026-03-05 07:41:19.256289,2026-03-05 07:48:57.681952,Op-Wheels,CityLine,0.0
CL-00222,Accessories,2026-03-05 07:42:43.405492,2026-03-05 07:52:00.330438,Op-Access,CityLine,0.0
CL-00221,Final adjustment,2026-03-05 07:46:37.264434,2026-03-05 07:53:48.517986,Op-Inspect,CityLine,0.0
CL-00222,Final inspection,2026-03-05 07:53:48.517986,2026-03-05 08:00:36.513096,Op-Inspect,CityLine,0.0
CL-00282,Order released,2026-03-05 08:00:36.513096,2026-03-05 08:00:36.513096,Planner,CityLine,0.0
CL-00223,Transmission,2026-03-05 07:33:22.206728,2026-03-05 08:01:01.593214,Op-Trans,CityLine,0.0
CL-00221,Final inspection,2026-03-05 08:00:36.513096,2026-03-05 08:10:02.879239,Op-Inspect,CityLine,0.0
CL-00283,Order released,2026-03-05 08:10:02.879239,2026-03-05 08:10:02.879239,Planner,CityLine,0.0
CL-00223,Brakes,2026-03-05 08:01:01.593214,2026-03-05 08:16:06.976956,Op-Brakes,CityLine,0.0
CL-00223,Accessories,2026-03-05 08:16:06.976956,2026-03-05 08:20:20.460021,Op-Access,CityLine,0.0
CL-00223,Final inspection,2026-03-05 08:20:20.460021,2026-03-05 08:26:32.264384,Op-Inspect,CityLine,0.0
CL-00284,Order released,2026-03-05 08:26:32.264384,2026-03-05 08:26:32.264384,Planner,CityLine,0.0
CL-00170,Transmission,2026-03-05 08:01:01.593214,2026-03-05 08:28:46.361314,Op-Trans,CityLine,0.0
CL-00170,Brakes,2026-03-05 08:28:46.361314,2026-03-05 08:39:26.393473,Op-Brakes,CityLine,0.0
CL-00224,Transmission,2026-03-05 08:28:46.361314,2026-03-05 08:42:02.167205,Op-Trans,CityLine,0.0
CL-00170,Accessories,2026-03-05 08:39:26.393473,2026-03-05 08:53:35.672586,Op-Access,CityLine,0.0
CL-00224,Brakes,2026-03-05 08:42:02.167205,2026-03-05 08:56:38.934407,Op-Brakes,CityLine,0.0
CL-00230,Color change,2026-03-05 07:29:11.799020,2026-03-05 08:57:57.552346,Op-Paint,CityLine,0.0
CL-00170,Final inspection,2026-03-05 08:53:35.672586,2026-03-05 09:01:45.367171,Op-Inspect,CityLine,0.0
CL-00285,Order released,2026-03-05 09:01:45.367171,2026-03-05 09:01:45.367171,Planner,CityLine,0.0
CL-00228,Transmission,2026-03-05 08:42:02.167205,2026-03-05 09:02:58.558101,Op-Trans,CityLine,0.0
CL-00224,Accessories,2026-03-05 08:56:38.934407,2026-03-05 09:05:02.204759,Op-Access,CityLine,0.0
CL-00230,Frame & painting,2026-03-05 08:57:57.552346,2026-03-05 09:06:34.133341,Op-Paint,CityLine,0.0
CL-00228,Brakes,2026-03-05 09:02:58.558101,2026-03-05 09:08:21.740133,Op-Brakes,CityLine,0.0
CL-00224,Final inspection,2026-03-05 09:05:02.204759,2026-03-05 09:12:24.780837,Op-Inspect,CityLine,0.0
CL-00286,Order released,2026-03-05 09:12:24.780837,2026-03-05 09:12:24.780837,Planner,CityLine,0.0
CL-00228,Accessories,2026-03-05 09:08:21.740133,2026-03-05 09:14:24.783791,Op-Access,CityLine,0.0
CL-00230,Fork & steering,2026-03-05 09:06:34.133341,2026-03-05 09:19:27.045060,Op-Fork,CityLine,0.0
CL-00176,Transmission,2026-03-05 09:02:58.558101,2026-03-05 09:20:38.037591,Op-Trans,CityLine,0.0
CL-00231,Frame & painting,2026-03-05 09:06:34.133341,2026-03-05 09:22:39.833872,Op-Paint,CityLine,0.0
CL-00228,Final inspection,2026-03-05 09:14:24.783791,2026-03-05 09:30:02.238084,Op-Inspect,CityLine,0.0
CL-00287,Order released,2026-03-05 09:30:02.238084,2026-03-05 09:30:02.238084,Planner,CityLine,0.0
CL-00232,Frame & painting,2026-03-05 09:22:39.833872,2026-03-05 09:35:00.337720,Op-Paint,CityLine,0.0
CL-00229,Transmission,2026-03-05 09:20:38.037591,2026-03-05 09:35:20.477314,Op-Trans,CityLine,0.0
CL-00230,Wheels,2026-03-05 09:19:27.045060,2026-03-05 09:36:37.343420,Op-Wheels,CityLine,0.0
CL-00176,Brakes,2026-03-05 09:20:38.037591,2026-03-05 09:37:12.297342,Op-Brakes,CityLine,0.0
CL-00233,Frame & painting,2026-03-05 09:35:00.337720,2026-03-05 09:43:22.325177,Op-Paint,CityLine,0.0
CL-00230,Transmission,2026-03-05 09:36:37.343420,2026-03-05 09:43:56.703456,Op-Trans,CityLine,0.0
CL-00229,Brakes,2026-03-05 09:37:12.297342,2026-03-05 09:46:08.143682,Op-Brakes,CityLine,0.0
CL-00176,Accessories,2026-03-05 09:37:12.297342,2026-03-05 09:47:17.322622,Op-Access,CityLine,0.0
CL-00232,Fork & steering,2026-03-05 09:35:00.337720,2026-03-05 09:47:58.939286,Op-Fork,CityLine,0.0
CL-00229,Accessories,2026-03-05 09:47:17.322622,2026-03-05 09:52:20.012819,Op-Access,CityLine,0.0
CL-00234,Frame & painting,2026-03-05 09:43:22.325177,2026-03-05 09:52:32.192049,Op-Paint,CityLine,0.0
CL-00176,Final inspection,2026-03-05 09:47:17.322622,2026-03-05 09:55:55.927830,Op-Inspect,CityLine,0.0
CL-00288,Order released,2026-03-05 09:55:55.927830,2026-03-05 09:55:55.927830,Planner,CityLine,0.0
CL-00230,Brakes,2026-03-05 09:46:08.143682,2026-03-05 09:56:27.344382,Op-Brakes,CityLine,0.0
CL-00232,Wheels,2026-03-05 09:47:58.939286,2026-03-05 09:56:41.482405,Op-Wheels,CityLine,0.0
CL-00233,Fork & steering,2026-03-05 09:47:58.939286,2026-03-05 09:57:30.595573,Op-Fork,CityLine,0.0
CL-00229,Final inspection,2026-03-05 09:55:55.927830,2026-03-05 09:59:19.477118,Op-Inspect,CityLine,0.0
CL-00289,Order released,2026-03-05 09:59:19.477118,2026-03-05 09:59:19.477118,Planner,CityLine,0.0
CL-00234,Fork & steering,2026-03-05 09:57:30.595573,2026-03-05 10:03:05.660260,Op-Fork,CityLine,0.0
CL-00232,Transmission,2026-03-05 09:56:41.482405,2026-03-05 10:06:14.120804,Op-Trans,CityLine,0.0
CL-00230,Accessories,2026-03-05 09:56:27.344382,2026-03-05 10:07:15.270341,Op-Access,CityLine,0.0
CL-00233,Wheels,2026-03-05 09:57:30.595573,2026-03-05 10:09:02.490081,Op-Wheels,CityLine,0.0
CL-00230,Final inspection,2026-03-05 10:07:15.270341,2026-03-05 10:12:33.726305,Op-Inspect,CityLine,0.0
CL-00290,Order released,2026-03-05 10:12:33.726305,2026-03-05 10:12:33.726305,Planner,CityLine,0.0
CL-00235,Color change,2026-03-05 09:52:32.192049,2026-03-05 10:16:34.297315,Op-Paint,CityLine,0.0
CL-00232,Brakes,2026-03-05 10:06:14.120804,2026-03-05 10:16:52.646617,Op-Brakes,CityLine,0.0
CL-00234,Wheels,2026-03-05 10:09:02.490081,2026-03-05 10:17:57.788512,Op-Wheels,CityLine,0.0
CL-00232,Accessories,2026-03-05 10:16:52.646617,2026-03-05 10:23:34.731516,Op-Access,CityLine,0.0
CL-00235,Frame & painting,2026-03-05 10:16:34.297315,2026-03-05 10:28:25.116680,Op-Paint,CityLine,0.0
CL-00232,Final inspection,2026-03-05 10:23:34.731516,2026-03-05 10:28:30.066142,Op-Inspect,CityLine,0.0
CL-00291,Order released,2026-03-05 10:28:30.066142,2026-03-05 10:28:30.066142,Planner,CityLine,0.0
CL-00233,Transmission,2026-03-05 10:09:02.490081,2026-03-05 10:29:32.328010,Op-Trans,CityLine,0.0
CL-00236,Frame & painting,2026-03-05 10:28:25.116680,2026-03-05 10:38:50.260636,Op-Paint,CityLine,0.0
CL-00233,Brakes,2026-03-05 10:29:32.328010,2026-03-05 10:38:58.762712,Op-Brakes,CityLine,0.0
CL-00234,Transmission,2026-03-05 10:29:32.328010,2026-03-05 10:41:53.489299,Op-Trans,CityLine,0.0
CL-00236,Fork & steering,2026-03-05 10:38:50.260636,2026-03-05 10:43:04.218035,Op-Fork,CityLine,0.0
CL-00237,Frame & painting,2026-03-05 10:38:50.260636,2026-03-05 10:44:37.210236,Op-Paint,CityLine,0.0
CL-00238,Frame & painting,2026-03-05 10:44:37.210236,2026-03-05 10:48:53.954147,Op-Paint,CityLine,0.0
CL-00236,Wheels,2026-03-05 10:43:04.218035,2026-03-05 10:51:07.795786,Op-Wheels,CityLine,0.0
CL-00233,Accessories,2026-03-05 10:38:58.762712,2026-03-05 10:51:22.071564,Op-Access,CityLine,0.0
CL-00237,Fork & steering,2026-03-05 10:44:37.210236,2026-03-05 10:53:55.841271,Op-Fork,CityLine,0.0
CL-00233,Final inspection,2026-03-05 10:51:22.071564,2026-03-05 10:57:03.915399,Op-Inspect,CityLine,0.0
CL-00292,Order released,2026-03-05 10:57:03.915399,2026-03-05 10:57:03.915399,Planner,CityLine,0.0
CL-00239,Frame & painting,2026-03-05 10:48:53.954147,2026-03-05 10:57:28.723184,Op-Paint,CityLine,0.0
CL-00234,Brakes,2026-03-05 10:41:53.489299,2026-03-05 10:59:51.301351,Op-Brakes,CityLine,0.0
CL-00237,Wheels,2026-03-05 10:53:55.841271,2026-03-05 11:04:40.533469,Op-Wheels,CityLine,0.0
CL-00238,Fork & steering,2026-03-05 10:53:55.841271,2026-03-05 11:05:01.931953,Op-Fork,CityLine,0.0
CL-00234,Accessories,2026-03-05 10:59:51.301351,2026-03-05 11:11:54.081124,Op-Access,CityLine,0.0
CL-00238,Wheels,2026-03-05 11:05:01.931953,2026-03-05 11:12:22.601724,Op-Wheels,CityLine,0.0
CL-00239,Fork & steering,2026-03-05 11:05:01.931953,2026-03-05 11:12:51.043819,Op-Fork,CityLine,0.0
CL-00234,Final inspection,2026-03-05 11:11:54.081124,2026-03-05 11:17:59.118566,Op-Inspect,CityLine,0.0
CL-00293,Order released,2026-03-05 11:17:59.118566,2026-03-05 11:17:59.118566,Planner,CityLine,0.0
CL-00236,Transmission,2026-03-05 10:51:07.795786,2026-03-05 11:19:32.901622,Op-Trans,CityLine,0.0
CL-00239,Wheels,2026-03-05 11:12:51.043819,2026-03-05 11:20:20.840390,Op-Wheels,CityLine,0.0
CL-00236,Brakes,2026-03-05 11:19:32.901622,2026-03-05 11:27:39.421432,Op-Brakes,CityLine,0.0
CL-00237,Transmission,2026-03-05 11:19:32.901622,2026-03-05 11:37:58.872198,Op-Trans,CityLine,0.0
CL-00236,Accessories,2026-03-05 11:27:39.421432,2026-03-05 11:39:34.371242,Op-Access,CityLine,0.0
CL-00236,Final inspection,2026-03-05 11:39:34.371242,2026-03-05 11:47:35.742938,Op-Inspect,CityLine,0.0
CL-00294,Order released,2026-03-05 11:47:35.742938,2026-03-05 11:47:35.742938,Planner,CityLine,0.0
CL-00237,Brakes,2026-03-05 11:37:58.872198,2026-03-05 11:48:49.130506,Op-Brakes,CityLine,0.0
CL-00238,Transmission,2026-03-05 11:37:58.872198,2026-03-05 11:55:09.938518,Op-Trans,CityLine,0.0
CL-00237,Accessories,2026-03-05 11:48:49.130506,2026-03-05 12:00:02.514961,Op-Access,CityLine,0.0
CL-00237,Final inspection,2026-03-05 12:00:02.514961,2026-03-05 12:05:41.771236,Op-Inspect,CityLine,0.0
CL-00295,Order released,2026-03-05 12:05:41.771236,2026-03-05 12:05:41.771236,Planner,CityLine,0.0
CL-00239,Transmission,2026-03-05 11:55:09.938518,2026-03-05 12:09:55.890053,Op-Trans,CityLine,0.0
CL-00240,Color change,2026-03-05 10:57:28.723184,2026-03-05 12:14:37.936234,Op-Paint,CityLine,0.0
CL-00240,Frame & painting,2026-03-05 12:14:37.936234,2026-03-05 12:20:15.480276,Op-Paint,CityLine,0.0
CL-00238,Brakes,2026-03-05 11:55:09.938518,2026-03-05 12:22:36.666342,Op-Brakes,CityLine,0.0
CL-00240,Fork & steering,2026-03-05 12:20:15.480276,2026-03-05 12:26:50.508148,Op-Fork,CityLine,0.0
CL-00238,Accessories,2026-03-05 12:22:36.666342,2026-03-05 12:29:01.365659,Op-Access,CityLine,0.0
CL-00241,Frame & painting,2026-03-05 12:20:15.480276,2026-03-05 12:31:36.166754,Op-Paint,CityLine,0.0
CL-00239,Brakes,2026-03-05 12:22:36.666342,2026-03-05 12:32:27.725221,Op-Brakes,CityLine,0.0
CL-00241,Fork & steering,2026-03-05 12:31:36.166754,2026-03-05 12:35:38.353498,Op-Fork,CityLine,0.0
CL-00242,Frame & painting,2026-03-05 12:31:36.166754,2026-03-05 12:36:31.358394,Op-Paint,CityLine,0.0
CL-00240,Wheels,2026-03-05 12:26:50.508148,2026-03-05 12:37:32.719024,Op-Wheels,CityLine,0.0
CL-00239,Accessories,2026-03-05 12:32:27.725221,2026-03-05 12:37:59.901800,Op-Access,CityLine,0.0
CL-00238,Final inspection,2026-03-05 12:29:01.365659,2026-03-05 12:38:17.513229,Op-Inspect,CityLine,0.0
CL-00296,Order released,2026-03-05 12:38:17.513229,2026-03-05 12:38:17.513229,Planner,CityLine,0.0
CL-00243,Frame & painting,2026-03-05 12:36:31.358394,2026-03-05 12:42:49.399931,Op-Paint,CityLine,0.0
CL-00242,Fork & steering,2026-03-05 12:36:31.358394,2026-03-05 12:43:41.213741,Op-Fork,CityLine,0.0
CL-00241,Wheels,2026-03-05 12:37:32.719024,2026-03-05 12:45:31.536221,Op-Wheels,CityLine,0.0
CL-00239,Final inspection,2026-03-05 12:38:17.513229,2026-03-05 12:46:33.970373,Op-Inspect,CityLine,0.0
CL-00297,Order released,2026-03-05 12:46:33.970373,2026-03-05 12:46:33.970373,Planner,CityLine,0.0
CL-00243,Fork & steering,2026-03-05 12:43:41.213741,2026-03-05 12:50:12.224225,Op-Fork,CityLine,0.0
CL-00240,Transmission,2026-03-05 12:37:32.719024,2026-03-05 12:50:45.558679,Op-Trans,CityLine,0.0
CL-00244,Frame & painting,2026-03-05 12:42:49.399931,2026-03-05 12:50:53.566886,Op-Paint,CityLine,0.0
CL-00242,Wheels,2026-03-05 12:45:31.536221,2026-03-05 12:57:07.901525,Op-Wheels,CityLine,0.0
CL-00241,Transmission,2026-03-05 12:50:45.558679,2026-03-05 12:59:10.220454,Op-Trans,CityLine,0.0
CL-00244,Fork & steering,2026-03-05 12:50:53.566886,2026-03-05 13:00:40.605723,Op-Fork,CityLine,0.0
CL-00240,Brakes,2026-03-05 12:50:45.558679,2026-03-05 13:02:13.616766,Op-Brakes,CityLine,0.0
CL-00243,Wheels,2026-03-05 12:57:07.901525,2026-03-05 13:04:49.591485,Op-Wheels,CityLine,0.0
CL-00240,Accessories,2026-03-05 13:02:13.616766,2026-03-05 13:10:37.130883,Op-Access,CityLine,0.0
CL-00241,Brakes,2026-03-05 13:02:13.616766,2026-03-05 13:13:10.415072,Op-Brakes,CityLine,0.0
CL-00244,Wheels,2026-03-05 13:04:49.591485,2026-03-05 13:14:48.793103,Op-Wheels,CityLine,0.0
CL-00242,Transmission,2026-03-05 12:59:10.220454,2026-03-05 13:17:14.239821,Op-Trans,CityLine,0.0
CL-00240,Final inspection,2026-03-05 13:10:37.130883,2026-03-05 13:17:28.250697,Op-Inspect,CityLine,0.0
CL-00298,Order released,2026-03-05 13:17:28.250697,2026-03-05 13:17:28.250697,Planner,CityLine,0.0
CL-00241,Accessories,2026-03-05 13:13:10.415072,2026-03-05 13:24:30.381882,Op-Access,CityLine,0.0
CL-00245,Color change,2026-03-05 12:50:53.566886,2026-03-05 13:28:39.062555,Op-Paint,CityLine,0.0
CL-00241,Final inspection,2026-03-05 13:24:30.381882,2026-03-05 13:33:04.705907,Op-Inspect,CityLine,0.0
CL-00299,Order released,2026-03-05 13:33:04.705907,2026-03-05 13:33:04.705907,Planner,CityLine,0.0
CL-00243,Transmission,2026-03-05 13:17:14.239821,2026-03-05 13:34:00.252229,Op-Trans,CityLine,0.0
CL-00242,Brakes,2026-03-05 13:17:14.239821,2026-03-05 13:35:19.763659,Op-Brakes,CityLine,0.0
CL-00243,Brakes,2026-03-05 13:35:19.763659,2026-03-05 13:40:42.276060,Op-Brakes,CityLine,0.0
CL-00242,Accessories,2026-03-05 13:35:19.763659,2026-03-05 13:43:28.727688,Op-Access,CityLine,0.0
CL-00245,Frame & painting,2026-03-05 13:28:39.062555,2026-03-05 13:46:09.181131,Op-Paint,CityLine,0.0
CL-00242,Final inspection,2026-03-05 13:43:28.727688,2026-03-05 13:48:57.762753,Op-Inspect,CityLine,0.0
CL-00300,Order released,2026-03-05 13:48:57.762753,2026-03-05 13:48:57.762753,Planner,CityLine,0.0
CL-00243,Accessories,2026-03-05 13:43:28.727688,2026-03-05 13:56:23.486708,Op-Access,CityLine,0.0
CL-00246,Frame & painting,2026-03-05 13:46:09.181131,2026-03-05 13:56:25.500853,Op-Paint,CityLine,0.0
CL-00243,Final inspection,2026-03-05 13:56:23.486708,2026-03-05 14:06:23.185488,Op-Inspect,CityLine,0.0
CL-00301,Order released,2026-03-05 14:06:23.185488,2026-03-05 14:06:23.185488,Planner,CityLine,0.0
CL-00247,Frame & painting,2026-03-05 13:56:25.500853,2026-03-05 14:07:05.277528,Op-Paint,CityLine,0.0
CL-00246,Fork & steering,2026-03-05 13:56:25.500853,2026-03-05 14:09:05.480653,Op-Fork,CityLine,0.0
CL-00244,Transmission,2026-03-05 13:34:00.252229,2026-03-05 14:09:34.772245,Op-Trans,CityLine,0.0
CL-00246,Wheels,2026-03-05 14:09:05.480653,2026-03-05 14:20:15.935935,Op-Wheels,CityLine,0.0
CL-00248,Frame & painting,2026-03-05 14:07:05.277528,2026-03-05 14:23:56.936602,Op-Paint,CityLine,0.0
CL-00244,Brakes,2026-03-05 14:09:34.772245,2026-03-05 14:24:28.214871,Op-Brakes,CityLine,0.0
CL-00248,Fork & steering,2026-03-05 14:23:56.936602,2026-03-05 14:31:31.683249,Op-Fork,CityLine,0.0
CL-00244,Accessories,2026-03-05 14:24:28.214871,2026-03-05 14:34:43.778043,Op-Access,CityLine,0.0
CL-00248,Wheels,2026-03-05 14:31:31.683249,2026-03-05 14:37:19.844122,Op-Wheels,CityLine,0.0
CL-00246,Transmission,2026-03-05 14:20:15.935935,2026-03-05 14:37:45.970806,Op-Trans,CityLine,0.0
CL-00249,Frame & painting,2026-03-05 14:23:56.936602,2026-03-05 14:39:19.633201,Op-Paint,CityLine,0.0
CL-00244,Final inspection,2026-03-05 14:34:43.778043,2026-03-05 14:40:52.228263,Op-Inspect,CityLine,0.0
CL-00302,Order released,2026-03-05 14:40:52.228263,2026-03-05 14:40:52.228263,Planner,CityLine,0.0
CL-00248,Transmission,2026-03-05 14:37:45.970806,2026-03-05 14:53:22.177984,Op-Trans,CityLine,0.0
CL-00249,Fork & steering,2026-03-05 14:39:19.633201,2026-03-05 14:53:41.867954,Op-Fork,CityLine,0.0
CL-00246,Brakes,2026-03-05 14:37:45.970806,2026-03-05 14:58:31.533577,Op-Brakes,CityLine,0.0
CL-00249,Wheels,2026-03-05 14:53:41.867954,2026-03-05 15:02:19.994503,Op-Wheels,CityLine,0.0
CL-00246,Accessories,2026-03-05 14:58:31.533577,2026-03-05 15:11:04.579943,Op-Access,CityLine,0.0
CL-00248,Brakes,2026-03-05 14:58:31.533577,2026-03-05 15:12:08.652969,Op-Brakes,CityLine,0.0
CL-00246,Final inspection,2026-03-05 15:11:04.579943,2026-03-05 15:18:01.102933,Op-Inspect,CityLine,0.0
CL-00303,Order released,2026-03-05 15:18:01.102933,2026-03-05 15:18:01.102933,Planner,CityLine,0.0
CL-00248,Accessories,2026-03-05 15:12:08.652969,2026-03-05 15:20:08.905253,Op-Access,CityLine,0.0
CL-00249,Transmission,2026-03-05 15:02:19.994503,2026-03-05 15:20:34.098996,Op-Trans,CityLine,0.0
CL-00248,Final inspection,2026-03-05 15:20:08.905253,2026-03-05 15:25:04.299825,Op-Inspect,CityLine,0.0
CL-00304,Order released,2026-03-05 15:25:04.299825,2026-03-05 15:25:04.299825,Planner,CityLine,0.0
CL-00249,Brakes,2026-03-05 15:20:34.098996,2026-03-05 15:27:05.650426,Op-Brakes,CityLine,0.0
CL-00250,Color change,2026-03-05 14:39:19.633201,2026-03-05 15:31:41.984655,Op-Paint,CityLine,0.0
CL-00249,Accessories,2026-03-05 15:27:05.650426,2026-03-05 15:37:05.718159,Op-Access,CityLine,0.0
CL-00250,Frame & painting,2026-03-05 15:31:41.984655,2026-03-05 15:40:54.980453,Op-Paint,CityLine,0.0
CL-00249,Final inspection,2026-03-05 15:37:05.718159,2026-03-05 15:44:41.073555,Op-Inspect,CityLine,0.0
CL-00251,Frame & painting,2026-03-05 15:40:54.980453,2026-03-05 15:50:12.592527,Op-Paint,CityLine,0.0
CL-00250,Fork & steering,2026-03-05 15:40:54.980453,2026-03-05 15:50:47.096597,Op-Fork,CityLine,0.0
CL-00249,Final adjustment,2026-03-05 15:44:41.073555,2026-03-05 15:52:19.484496,Op-Inspect,CityLine,0.0
CL-00251,Fork & steering,2026-03-05 15:50:47.096597,2026-03-05 15:55:03.105512,Op-Fork,CityLine,0.0
CL-00252,Frame & painting,2026-03-05 15:50:12.592527,2026-03-05 15:55:26.583714,Op-Paint,CityLine,0.0
CL-00249,Final inspection,2026-03-05 15:52:19.484496,2026-03-05 15:58:41.584681,Op-Inspect,CityLine,0.0
CL-00305,Order released,2026-03-05 15:58:41.584681,2026-03-05 15:58:41.584681,Planner,CityLine,0.0
CL-00252,Fork & steering,2026-03-05 15:55:26.583714,2026-03-05 15:59:09.595598,Op-Fork,CityLine,0.0
CL-00250,Wheels,2026-03-05 15:50:47.096597,2026-03-05 16:03:05.402321,Op-Wheels,CityLine,0.0
CL-00253,Frame & painting,2026-03-05 15:55:26.583714,2026-03-05 16:06:12.971383,Op-Paint,CityLine,0.0
CL-00250,Transmission,2026-03-05 16:03:05.402321,2026-03-05 16:11:18.601492,Op-Trans,CityLine,0.0
CL-00202,Paint rework,2026-03-05 16:06:12.971383,2026-03-05 16:14:44.820623,Op-Paint,CityLine,30.0
CL-00251,Wheels,2026-03-05 16:03:05.402321,2026-03-05 16:16:54.105775,Op-Wheels,CityLine,0.0
CL-00253,Fork & steering,2026-03-05 16:06:12.971383,2026-03-05 16:18:44.837228,Op-Fork,CityLine,0.0
CL-00250,Brakes,2026-03-05 16:11:18.601492,2026-03-05 16:22:48.903356,Op-Brakes,CityLine,0.0
CL-00202,Fork & steering,2026-03-05 16:18:44.837228,2026-03-05 16:24:13.799094,Op-Fork,CityLine,0.0
CL-00254,Frame & painting,2026-03-05 16:14:44.820623,2026-03-05 16:29:34.305372,Op-Paint,CityLine,0.0
CL-00250,Accessories,2026-03-05 16:22:48.903356,2026-03-05 16:31:54.693682,Op-Access,CityLine,0.0
CL-00252,Wheels,2026-03-05 16:16:54.105775,2026-03-05 16:32:09.911792,Op-Wheels,CityLine,0.0
CL-00254,Fork & steering,2026-03-05 16:29:34.305372,2026-03-05 16:33:39.204900,Op-Fork,CityLine,0.0
CL-00250,Final inspection,2026-03-05 16:31:54.693682,2026-03-05 16:40:07.449931,Op-Inspect,CityLine,0.0
CL-00306,Order released,2026-03-05 16:40:07.449931,2026-03-05 16:40:07.449931,Planner,CityLine,0.0
CL-00251,Transmission,2026-03-05 16:16:54.105775,2026-03-05 16:46:37.764452,Op-Trans,CityLine,0.0
CL-00253,Wheels,2026-03-05 16:32:09.911792,2026-03-05 16:49:17.871075,Op-Wheels,CityLine,0.0
CL-00202,Wheels,2026-03-05 16:49:17.871075,2026-03-05 16:56:46.787238,Op-Wheels,CityLine,0.0
CL-00252,Transmission,2026-03-05 16:46:37.764452,2026-03-05 16:59:20.707628,Op-Trans,CityLine,0.0
CL-00251,Brakes,2026-03-05 16:46:37.764452,2026-03-05 16:59:31.384573,Op-Brakes,CityLine,0.0
CL-00251,Accessories,2026-03-05 16:59:31.384573,2026-03-05 17:05:35.282915,Op-Access,CityLine,0.0
CL-00251,Final inspection,2026-03-05 17:05:35.282915,2026-03-05 17:12:00.156326,Op-Inspect,CityLine,0.0
CL-00307,Order released,2026-03-05 17:12:00.156326,2026-03-05 17:12:00.156326,Planner,CityLine,0.0
CL-00254,Wheels,2026-03-05 16:56:46.787238,2026-03-05 17:12:44.862780,Op-Wheels,CityLine,0.0
CL-00252,Brakes,2026-03-05 16:59:31.384573,2026-03-05 17:15:15.768067,Op-Brakes,CityLine,0.0
CL-00255,Color change,2026-03-05 16:29:34.305372,2026-03-05 17:18:17.139139,Op-Paint,CityLine,0.0
CL-00253,Transmission,2026-03-05 16:59:20.707628,2026-03-05 17:26:05.945039,Op-Trans,CityLine,0.0
CL-00252,Accessories,2026-03-05 17:15:15.768067,2026-03-05 17:27:10.428996,Op-Access,CityLine,0.0
CL-00252,Final inspection,2026-03-05 17:27:10.428996,2026-03-05 17:34:30.817345,Op-Inspect,CityLine,0.0
CL-00308,Order released,2026-03-05 17:34:30.817345,2026-03-05 17:34:30.817345,Planner,CityLine,0.0
CL-00253,Brakes,2026-03-05 17:26:05.945039,2026-03-05 17:37:44.903394,Op-Brakes,CityLine,0.0
CL-00255,Frame & painting,2026-03-05 17:18:17.139139,2026-03-05 17:38:43.527014,Op-Paint,CityLine,0.0
CL-00256,Frame & painting,2026-03-05 17:38:43.527014,2026-03-05 17:44:11.347396,Op-Paint,CityLine,0.0
CL-00255,Fork & steering,2026-03-05 17:38:43.527014,2026-03-05 17:48:20.838740,Op-Fork,CityLine,0.0
CL-00256,Fork & steering,2026-03-05 17:48:20.838740,2026-03-05 17:52:17.218362,Op-Fork,CityLine,0.0
CL-00202,Transmission,2026-03-05 17:26:05.945039,2026-03-05 17:53:11.953199,Op-Trans,CityLine,0.0
CL-00253,Accessories,2026-03-05 17:37:44.903394,2026-03-05 17:55:26.576955,Op-Access,CityLine,0.0
CL-00204,Paint rework,2026-03-05 17:44:11.347396,2026-03-05 17:55:41.430163,Op-Paint,CityLine,30.0
CL-00255,Wheels,2026-03-05 17:48:20.838740,2026-03-05 17:59:47.599551,Op-Wheels,CityLine,0.0
CL-00204,Fork & steering,2026-03-05 17:55:41.430163,2026-03-05 18:03:01.154571,Op-Fork,CityLine,0.0
CL-00257,Frame & painting,2026-03-05 17:55:41.430163,2026-03-05 18:05:48.557297,Op-Paint,CityLine,0.0
CL-00253,Final inspection,2026-03-05 17:55:26.576955,2026-03-05 18:06:07.069092,Op-Inspect,CityLine,0.0
CL-00309,Order released,2026-03-05 18:06:07.069092,2026-03-05 18:06:07.069092,Planner,CityLine,0.0
CL-00254,Transmission,2026-03-05 17:53:11.953199,2026-03-05 18:07:08.817384,Op-Trans,CityLine,0.0
CL-00202,Brakes,2026-03-05 17:53:11.953199,2026-03-05 18:09:19.174190,Op-Brakes,CityLine,0.0
CL-00257,Fork & steering,2026-03-05 18:05:48.557297,2026-03-05 18:11:11.831164,Op-Fork,CityLine,0.0
CL-00258,Frame & painting,2026-03-05 18:05:48.557297,2026-03-05 18:14:38.279679,Op-Paint,CityLine,0.0
CL-00256,Wheels,2026-03-05 17:59:47.599551,2026-03-05 18:15:17.644565,Op-Wheels,CityLine,0.0
CL-00255,Transmission,2026-03-05 18:07:08.817384,2026-03-05 18:16:39.872120,Op-Trans,CityLine,0.0
CL-00254,Brakes,2026-03-05 18:09:19.174190,2026-03-05 18:18:32.804061,Op-Brakes,CityLine,0.0
CL-00258,Fork & steering,2026-03-05 18:14:38.279679,2026-03-05 18:18:39.281662,Op-Fork,CityLine,0.0
CL-00202,Accessories,2026-03-05 18:09:19.174190,2026-03-05 18:20:33.561518,Op-Access,CityLine,0.0
CL-00259,Frame & painting,2026-03-05 18:14:38.279679,2026-03-05 18:22:07.871056,Op-Paint,CityLine,0.0
CL-00204,Wheels,2026-03-05 18:15:17.644565,2026-03-05 18:25:38.990662,Op-Wheels,CityLine,0.0
CL-00255,Brakes,2026-03-05 18:18:32.804061,2026-03-05 18:27:15.657418,Op-Brakes,CityLine,0.0
CL-00254,Accessories,2026-03-05 18:20:33.561518,2026-03-05 18:27:17.427406,Op-Access,CityLine,0.0
CL-00202,Final inspection,2026-03-05 18:20:33.561518,2026-03-05 18:32:09.932038,Op-Inspect,CityLine,0.0
CL-00310,Order released,2026-03-05 18:32:09.932038,2026-03-05 18:32:09.932038,Planner,CityLine,0.0
CL-00259,Fork & steering,2026-03-05 18:22:07.871056,2026-03-05 18:34:51.906597,Op-Fork,CityLine,0.0
CL-00257,Wheels,2026-03-05 18:25:38.990662,2026-03-05 18:35:29.936817,Op-Wheels,CityLine,0.0
CL-00254,Final inspection,2026-03-05 18:32:09.932038,2026-03-05 18:38:40.675269,Op-Inspect,CityLine,0.0
CL-00311,Order released,2026-03-05 18:38:40.675269,2026-03-05 18:38:40.675269,Planner,CityLine,0.0
CL-00256,Transmission,2026-03-05 18:16:39.872120,2026-03-05 18:39:41.180041,Op-Trans,CityLine,0.0
CL-00255,Accessories,2026-03-05 18:27:17.427406,2026-03-05 18:40:44.773211,Op-Access,CityLine,0.0
CL-00258,Wheels,2026-03-05 18:35:29.936817,2026-03-05 18:46:12.270845,Op-Wheels,CityLine,0.0
CL-00255,Final inspection,2026-03-05 18:40:44.773211,2026-03-05 18:50:42.375864,Op-Inspect,CityLine,0.0
CL-00312,Order released,2026-03-05 18:50:42.375864,2026-03-05 18:50:42.375864,Planner,CityLine,0.0
CL-00256,Brakes,2026-03-05 18:39:41.180041,2026-03-05 18:51:01.988830,Op-Brakes,CityLine,0.0
CL-00259,Wheels,2026-03-05 18:46:12.270845,2026-03-05 18:55:29.262156,Op-Wheels,CityLine,0.0
CL-00256,Accessories,2026-03-05 18:51:01.988830,2026-03-05 18:57:59.729884,Op-Access,CityLine,0.0
CL-00204,Transmission,2026-03-05 18:39:41.180041,2026-03-05 19:04:24.615589,Op-Trans,CityLine,0.0
CL-00256,Final inspection,2026-03-05 18:57:59.729884,2026-03-05 19:06:03.968177,Op-Inspect,CityLine,0.0
CL-00313,Order released,2026-03-05 19:06:03.968177,2026-03-05 19:06:03.968177,Planner,CityLine,0.0
CL-00260,Color change,2026-03-05 18:22:07.871056,2026-03-05 19:06:45.370304,Op-Paint,CityLine,0.0
CL-00260,Frame & painting,2026-03-05 19:06:45.370304,2026-03-05 19:14:34.789370,Op-Paint,CityLine,0.0
CL-00204,Brakes,2026-03-05 19:04:24.615589,2026-03-05 19:15:24.186324,Op-Brakes,CityLine,0.0
CL-00257,Transmission,2026-03-05 19:04:24.615589,2026-03-05 19:16:28.751073,Op-Trans,CityLine,0.0
CL-00261,Frame & painting,2026-03-05 19:14:34.789370,2026-03-05 19:22:30.374370,Op-Paint,CityLine,0.0
CL-00204,Accessories,2026-03-05 19:15:24.186324,2026-03-05 19:24:46.906170,Op-Access,CityLine,0.0
CL-00260,Fork & steering,2026-03-05 19:14:34.789370,2026-03-05 19:27:46.049536,Op-Fork,CityLine,0.0
CL-00258,Transmission,2026-03-05 19:16:28.751073,2026-03-05 19:28:11.547956,Op-Trans,CityLine,0.0
CL-00262,Frame & painting,2026-03-05 19:22:30.374370,2026-03-05 19:32:28.855691,Op-Paint,CityLine,0.0
CL-00204,Final inspection,2026-03-05 19:24:46.906170,2026-03-05 19:35:00.809429,Op-Inspect,CityLine,0.0
CL-00314,Order released,2026-03-05 19:35:00.809429,2026-03-05 19:35:00.809429,Planner,CityLine,0.0
CL-00261,Fork & steering,2026-03-05 19:27:46.049536,2026-03-05 19:35:15.923759,Op-Fork,CityLine,0.0
CL-00260,Wheels,2026-03-05 19:27:46.049536,2026-03-05 19:35:36.361500,Op-Wheels,CityLine,0.0
CL-00263,Frame & painting,2026-03-05 19:32:28.855691,2026-03-05 19:39:18.802089,Op-Paint,CityLine,0.0
CL-00259,Transmission,2026-03-05 19:28:11.547956,2026-03-05 19:41:56.510791,Op-Trans,CityLine,0.0
CL-00257,Brakes,2026-03-05 19:16:28.751073,2026-03-05 19:42:01.526736,Op-Brakes,CityLine,0.0
CL-00261,Wheels,2026-03-05 19:35:36.361500,2026-03-05 19:42:58.532826,Op-Wheels,CityLine,0.0
CL-00264,Frame & painting,2026-03-05 19:39:18.802089,2026-03-05 19:45:07.233284,Op-Paint,CityLine,0.0
CL-00263,Fork & steering,2026-03-05 19:39:18.802089,2026-03-05 19:46:01.391839,Op-Fork,CityLine,0.0
CL-00257,Accessories,2026-03-05 19:42:01.526736,2026-03-05 19:50:52.214331,Op-Access,CityLine,0.0
CL-00258,Brakes,2026-03-05 19:42:01.526736,2026-03-05 19:51:54.796899,Op-Brakes,CityLine,0.0
CL-00213,Paint rework,2026-03-05 19:45:07.233284,2026-03-05 19:52:37.230585,Op-Paint,CityLine,30.0
CL-00263,Wheels,2026-03-05 19:46:01.391839,2026-03-05 19:54:19.864160,Op-Wheels,CityLine,0.0
CL-00264,Fork & steering,2026-03-05 19:46:01.391839,2026-03-05 19:55:34.414844,Op-Fork,CityLine,0.0
CL-00260,Transmission,2026-03-05 19:41:56.510791,2026-03-05 19:56:28.580870,Op-Trans,CityLine,0.0
CL-00258,Accessories,2026-03-05 19:51:54.796899,2026-03-05 19:59:10.050603,Op-Access,CityLine,0.0
CL-00257,Final inspection,2026-03-05 19:50:52.214331,2026-03-05 20:01:38.098461,Op-Inspect,CityLine,0.0
CL-00315,Order released,2026-03-05 20:01:38.098461,2026-03-05 20:01:38.098461,Planner,CityLine,0.0
CL-00213,Fork & steering,2026-03-05 19:55:34.414844,2026-03-05 20:04:32.986209,Op-Fork,CityLine,0.0
CL-00259,Brakes,2026-03-05 19:51:54.796899,2026-03-05 20:05:16.236581,Op-Brakes,CityLine,0.0
CL-00261,Transmission,2026-03-05 19:56:28.580870,2026-03-05 20:05:39.540942,Op-Trans,CityLine,0.0
CL-00258,Final inspection,2026-03-05 20:01:38.098461,2026-03-05 20:07:45.753983,Op-Inspect,CityLine,0.0
CL-00316,Order released,2026-03-05 20:07:45.753983,2026-03-05 20:07:45.753983,Planner,CityLine,0.0
CL-00264,Wheels,2026-03-05 19:55:34.414844,2026-03-05 20:13:15.163027,Op-Wheels,CityLine,0.0
CL-00260,Brakes,2026-03-05 20:05:16.236581,2026-03-05 20:14:13.707707,Op-Brakes,CityLine,0.0
CL-00263,Transmission,2026-03-05 20:05:39.540942,2026-03-05 20:15:47.144322,Op-Trans,CityLine,0.0
CL-00259,Accessories,2026-03-05 20:05:16.236581,2026-03-05 20:17:11.209596,Op-Access,CityLine,0.0
CL-00259,Final inspection,2026-03-05 20:17:11.209596,2026-03-05 20:21:27.811283,Op-Inspect,CityLine,0.0
CL-00317,Order released,2026-03-05 20:21:27.811283,2026-03-05 20:21:27.811283,Planner,CityLine,0.0
CL-00213,Wheels,2026-03-05 20:13:15.163027,2026-03-05 20:22:49.348927,Op-Wheels,CityLine,0.0
CL-00260,Accessories,2026-03-05 20:17:11.209596,2026-03-05 20:23:10.080325,Op-Access,CityLine,0.0
CL-00264,Transmission,2026-03-05 20:15:47.144322,2026-03-05 20:24:33.150128,Op-Trans,CityLine,0.0
CL-00265,Color change,2026-03-05 19:52:37.230585,2026-03-05 20:30:54.094311,Op-Paint,CityLine,0.0
CL-00261,Brakes,2026-03-05 20:14:13.707707,2026-03-05 20:31:46.203499,Op-Brakes,CityLine,0.0
CL-00260,Final inspection,2026-03-05 20:23:10.080325,2026-03-05 20:33:47.925886,Op-Inspect,CityLine,0.0
CL-00318,Order released,2026-03-05 20:33:47.925886,2026-03-05 20:33:47.925886,Planner,CityLine,0.0
CL-00265,Frame & painting,2026-03-05 20:30:54.094311,2026-03-05 20:41:35.327891,Op-Paint,CityLine,0.0
CL-00261,Accessories,2026-03-05 20:31:46.203499,2026-03-05 20:41:49.345359,Op-Access,CityLine,0.0
CL-00263,Brakes,2026-03-05 20:31:46.203499,2026-03-05 20:43:40.270949,Op-Brakes,CityLine,0.0
CL-00213,Transmission,2026-03-05 20:24:33.150128,2026-03-05 20:47:45.759608,Op-Trans,CityLine,0.0
CL-00266,Frame & painting,2026-03-05 20:41:35.327891,2026-03-05 20:48:03.373768,Op-Paint,CityLine,0.0
CL-00261,Final inspection,2026-03-05 20:41:49.345359,2026-03-05 20:50:35.951304,Op-Inspect,CityLine,0.0
CL-00319,Order released,2026-03-05 20:50:35.951304,2026-03-05 20:50:35.951304,Planner,CityLine,0.0
CL-00267,Frame & painting,2026-03-05 20:48:03.373768,2026-03-05 20:51:37.466567,Op-Paint,CityLine,0.0
CL-00264,Brakes,2026-03-05 20:43:40.270949,2026-03-05 20:55:50.350197,Op-Brakes,CityLine,0.0
CL-00263,Accessories,2026-03-05 20:43:40.270949,2026-03-05 20:56:23.078480,Op-Access,CityLine,0.0
CL-00266,Fork & steering,2026-03-05 20:48:03.373768,2026-03-05 20:56:42.469217,Op-Fork,CityLine,0.0
CL-00263,Final inspection,2026-03-05 20:56:23.078480,2026-03-05 21:00:52.122516,Op-Inspect,CityLine,0.0
CL-00320,Order released,2026-03-05 21:00:52.122516,2026-03-05 21:00:52.122516,Planner,CityLine,0.0
CL-00268,Frame & painting,2026-03-05 20:51:37.466567,2026-03-05 21:03:37.522037,Op-Paint,CityLine,0.0
CL-00264,Accessories,2026-03-05 20:56:23.078480,2026-03-05 21:04:28.841904,Op-Access,CityLine,0.0
CL-00267,Fork & steering,2026-03-05 20:56:42.469217,2026-03-05 21:04:33.572531,Op-Fork,CityLine,0.0
CL-00213,Brakes,2026-03-05 20:55:50.350197,2026-03-05 21:06:52.873141,Op-Brakes,CityLine,0.0
CL-00266,Wheels,2026-03-05 20:56:42.469217,2026-03-05 21:07:19.887057,Op-Wheels,CityLine,0.0
CL-00213,Accessories,2026-03-05 21:06:52.873141,2026-03-05 21:11:35.500234,Op-Access,CityLine,0.0
CL-00269,Frame & painting,2026-03-05 21:03:37.522037,2026-03-05 21:13:38.692108,Op-Paint,CityLine,0.0
CL-00264,Final inspection,2026-03-05 21:04:28.841904,2026-03-05 21:14:43.442492,Op-Inspect,CityLine,0.0
CL-00321,Order released,2026-03-05 21:14:43.442492,2026-03-05 21:14:43.442492,Planner,CityLine,0.0
CL-00267,Wheels,2026-03-05 21:07:19.887057,2026-03-05 21:15:50.426470,Op-Wheels,CityLine,0.0
CL-00213,Final inspection,2026-03-05 21:14:43.442492,2026-03-05 21:19:09.810755,Op-Inspect,CityLine,0.0
CL-00322,Order released,2026-03-05 21:19:09.810755,2026-03-05 21:19:09.810755,Planner,CityLine,0.0
CL-00269,Fork & steering,2026-03-05 21:13:38.692108,2026-03-05 21:19:11.787136,Op-Fork,CityLine,0.0
CL-00219,Paint rework,2026-03-05 21:13:38.692108,2026-03-05 21:20:46.369895,Op-Paint,CityLine,30.0
CL-00266,Transmission,2026-03-05 21:07:19.887057,2026-03-05 21:25:10.068509,Op-Trans,CityLine,0.0
CL-00269,Wheels,2026-03-05 21:19:11.787136,2026-03-05 21:28:04.133050,Op-Wheels,CityLine,0.0
CL-00219,Fork & steering,2026-03-05 21:20:46.369895,2026-03-05 21:28:15.490395,Op-Fork,CityLine,0.0
CL-00266,Brakes,2026-03-05 21:25:10.068509,2026-03-05 21:35:37.437725,Op-Brakes,CityLine,0.0
CL-00266,Accessories,2026-03-05 21:35:37.437725,2026-03-05 21:41:58.835695,Op-Access,CityLine,0.0
CL-00219,Wheels,2026-03-05 21:28:15.490395,2026-03-05 21:44:55.414605,Op-Wheels,CityLine,0.0
CL-00266,Final inspection,2026-03-05 21:41:58.835695,2026-03-05 21:50:12.873014,Op-Inspect,CityLine,0.0
CL-00323,Order released,2026-03-05 21:50:12.873014,2026-03-05 21:50:12.873014,Planner,CityLine,0.0
CL-00270,Color change,2026-03-05 21:20:46.369895,2026-03-05 21:56:59.303672,Op-Paint,CityLine,0.0
CL-00270,Frame & painting,2026-03-05 21:56:59.303672,2026-03-05 22:03:50.102888,Op-Paint,CityLine,0.0
CL-00267,Transmission,2026-03-05 21:25:10.068509,2026-03-05 22:03:52.028289,Op-Trans,CityLine,0.0
CL-00267,Brakes,2026-03-05 22:03:52.028289,2026-03-05 22:13:31.285519,Op-Brakes,CityLine,0.0
CL-00270,Fork & steering,2026-03-05 22:03:50.102888,2026-03-05 22:15:02.176196,Op-Fork,CityLine,0.0
CL-00271,Frame & painting,2026-03-05 22:03:50.102888,2026-03-05 22:17:18.250039,Op-Paint,CityLine,0.0
CL-00269,Transmission,2026-03-05 22:03:52.028289,2026-03-05 22:19:43.320325,Op-Trans,CityLine,0.0
CL-00272,Frame & painting,2026-03-05 22:17:18.250039,2026-03-05 22:22:44.859538,Op-Paint,CityLine,0.0
CL-00267,Accessories,2026-03-05 22:13:31.285519,2026-03-05 22:24:28.929893,Op-Access,CityLine,0.0
CL-00270,Wheels,2026-03-05 22:15:02.176196,2026-03-05 22:26:53.797099,Op-Wheels,CityLine,0.0
CL-00269,Brakes,2026-03-05 22:19:43.320325,2026-03-05 22:31:29.721018,Op-Brakes,CityLine,0.0
CL-00272,Fork & steering,2026-03-05 22:22:44.859538,2026-03-05 22:32:07.784303,Op-Fork,CityLine,0.0
CL-00267,Final inspection,2026-03-05 22:24:28.929893,2026-03-05 22:33:00.497622,Op-Inspect,CityLine,0.0
CL-00324,Order released,2026-03-05 22:33:00.497622,2026-03-05 22:33:00.497622,Planner,CityLine,0.0
CL-00273,Frame & painting,2026-03-05 22:22:44.859538,2026-03-05 22:33:18.736170,Op-Paint,CityLine,0.0
CL-00273,Fork & steering,2026-03-05 22:33:18.736170,2026-03-05 22:39:35.552852,Op-Fork,CityLine,0.0
CL-00272,Wheels,2026-03-05 22:32:07.784303,2026-03-05 22:40:19.738213,Op-Wheels,CityLine,0.0
CL-00274,Frame & painting,2026-03-05 22:33:18.736170,2026-03-05 22:40:46.031146,Op-Paint,CityLine,0.0
CL-00269,Accessories,2026-03-05 22:31:29.721018,2026-03-05 22:42:55.261954,Op-Access,CityLine,0.0
CL-00219,Transmission,2026-03-05 22:19:43.320325,2026-03-05 22:43:56.213001,Op-Trans,CityLine,0.0
CL-00273,Wheels,2026-03-05 22:40:19.738213,2026-03-05 22:45:55.134621,Op-Wheels,CityLine,0.0
CL-00274,Fork & steering,2026-03-05 22:40:46.031146,2026-03-05 22:50:45.892757,Op-Fork,CityLine,0.0
CL-00269,Final inspection,2026-03-05 22:42:55.261954,2026-03-05 22:50:57.540117,Op-Inspect,CityLine,0.0
CL-00325,Order released,2026-03-05 22:50:57.540117,2026-03-05 22:50:57.540117,Planner,CityLine,0.0
CL-00219,Brakes,2026-03-05 22:43:56.213001,2026-03-05 22:54:21.627858,Op-Brakes,CityLine,0.0
CL-00274,Wheels,2026-03-05 22:50:45.892757,2026-03-05 22:59:44.569134,Op-Wheels,CityLine,0.0
CL-00270,Transmission,2026-03-05 22:43:56.213001,2026-03-05 22:59:48.479439,Op-Trans,CityLine,0.0
CL-00219,Accessories,2026-03-05 22:54:21.627858,2026-03-05 23:01:36.967379,Op-Access,CityLine,0.0
CL-00272,Transmission,2026-03-05 22:59:48.479439,2026-03-05 23:11:42.478133,Op-Trans,CityLine,0.0
CL-00219,Final inspection,2026-03-05 23:01:36.967379,2026-03-05 23:12:38.074341,Op-Inspect,CityLine,0.0
CL-00326,Order released,2026-03-05 23:12:38.074341,2026-03-05 23:12:38.074341,Planner,CityLine,0.0
CL-00270,Brakes,2026-03-05 22:59:48.479439,2026-03-05 23:13:04.569582,Op-Brakes,CityLine,0.0
CL-00270,Accessories,2026-03-05 23:13:04.569582,2026-03-05 23:22:45.474854,Op-Access,CityLine,0.0
CL-00272,Brakes,2026-03-05 23:13:04.569582,2026-03-05 23:24:46.325783,Op-Brakes,CityLine,0.0
CL-00273,Transmission,2026-03-05 23:11:42.478133,2026-03-05 23:25:06.632815,Op-Trans,CityLine,0.0
CL-00270,Final inspection,2026-03-05 23:22:45.474854,2026-03-05 23:29:23.353714,Op-Inspect,CityLine,0.0
CL-00327,Order released,2026-03-05 23:29:23.353714,2026-03-05 23:29:23.353714,Planner,CityLine,0.0
CL-00272,Accessories,2026-03-05 23:24:46.325783,2026-03-05 23:33:06.323461,Op-Access,CityLine,0.0
CL-00273,Brakes,2026-03-05 23:25:06.632815,2026-03-05 23:34:25.230712,Op-Brakes,CityLine,0.0
CL-00275,Color change,2026-03-05 22:40:46.031146,2026-03-05 23:34:43.258503,Op-Paint,CityLine,0.0
CL-00272,Final inspection,2026-03-05 23:33:06.323461,2026-03-05 23:38:09.814764,Op-Inspect,CityLine,0.0
CL-00328,Order released,2026-03-05 23:38:09.814764,2026-03-05 23:38:09.814764,Planner,CityLine,0.0
CL-00274,Transmission,2026-03-05 23:25:06.632815,2026-03-05 23:39:30.758133,Op-Trans,CityLine,0.0
CL-00273,Accessories,2026-03-05 23:34:25.230712,2026-03-05 23:41:32.870156,Op-Access,CityLine,0.0
CL-00275,Frame & painting,2026-03-05 23:34:43.258503,2026-03-05 23:47:50.171604,Op-Paint,CityLine,0.0
CL-00274,Brakes,2026-03-05 23:39:30.758133,2026-03-05 23:48:50.087099,Op-Brakes,CityLine,0.0
CL-00273,Final inspection,2026-03-05 23:41:32.870156,2026-03-05 23:49:32.470495,Op-Inspect,CityLine,0.0
CL-00329,Order released,2026-03-05 23:49:32.470495,2026-03-05 23:49:32.470495,Planner,CityLine,0.0
CL-00276,Frame & painting,2026-03-05 23:47:50.171604,2026-03-05 23:55:25.208785,Op-Paint,CityLine,0.0
CL-00274,Accessories,2026-03-05 23:48:50.087099,2026-03-05 23:56:36.717310,Op-Access,CityLine,0.0
CL-00275,Fork & steering,2026-03-05 23:47:50.171604,2026-03-05 23:57:00.720098,Op-Fork,CityLine,0.0
CL-00276,Fork & steering,2026-03-05 23:57:00.720098,2026-03-06 00:00:56.956296,Op-Fork,CityLine,0.0
CL-00277,Frame & painting,2026-03-05 23:55:25.208785,2026-03-06 00:02:28.611558,Op-Paint,CityLine,0.0
CL-00274,Final inspection,2026-03-05 23:56:36.717310,2026-03-06 00:03:28.060391,Op-Inspect,CityLine,0.0
CL-00330,Order released,2026-03-06 00:03:28.060391,2026-03-06 00:03:28.060391,Planner,CityLine,0.0
CL-00225,Paint rework,2026-03-06 00:02:28.611558,2026-03-06 00:07:12.402121,Op-Paint,CityLine,30.0
CL-00226,Paint rework,2026-03-06 00:07:12.402121,2026-03-06 00:13:30.271667,Op-Paint,CityLine,30.0
CL-00225,Fork & steering,2026-03-06 00:07:12.402121,2026-03-06 00:13:45.107579,Op-Fork,CityLine,0.0
CL-00275,Wheels,2026-03-05 23:57:00.720098,2026-03-06 00:15:40.894775,Op-Wheels,CityLine,0.0
CL-00226,Fork & steering,2026-03-06 00:13:45.107579,2026-03-06 00:20:02.789679,Op-Fork,CityLine,0.0
CL-00278,Frame & painting,2026-03-06 00:13:30.271667,2026-03-06 00:22:57.975830,Op-Paint,CityLine,0.0
CL-00275,Transmission,2026-03-06 00:15:40.894775,2026-03-06 00:25:53.284400,Op-Trans,CityLine,0.0
CL-00227,Paint rework,2026-03-06 00:22:57.975830,2026-03-06 00:27:26.314964,Op-Paint,CityLine,30.0
CL-00276,Wheels,2026-03-06 00:15:40.894775,2026-03-06 00:29:12.950164,Op-Wheels,CityLine,0.0
CL-00278,Fork & steering,2026-03-06 00:22:57.975830,2026-03-06 00:33:01.408542,Op-Fork,CityLine,0.0
CL-00275,Brakes,2026-03-06 00:25:53.284400,2026-03-06 00:38:25.547327,Op-Brakes,CityLine,0.0
CL-00279,Frame & painting,2026-03-06 00:27:26.314964,2026-03-06 00:39:18.930375,Op-Paint,CityLine,0.0
CL-00225,Wheels,2026-03-06 00:29:12.950164,2026-03-06 00:39:37.842271,Op-Wheels,CityLine,0.0
CL-00227,Fork & steering,2026-03-06 00:33:01.408542,2026-03-06 00:40:16.903578,Op-Fork,CityLine,0.0
CL-00276,Transmission,2026-03-06 00:29:12.950164,2026-03-06 00:41:02.030697,Op-Trans,CityLine,0.0
CL-00226,Wheels,2026-03-06 00:39:37.842271,2026-03-06 00:47:14.228752,Op-Wheels,CityLine,0.0
CL-00279,Fork & steering,2026-03-06 00:40:16.903578,2026-03-06 00:50:49.211042,Op-Fork,CityLine,0.0
CL-00225,Transmission,2026-03-06 00:41:02.030697,2026-03-06 00:52:59.723020,Op-Trans,CityLine,0.0
CL-00275,Accessories,2026-03-06 00:38:25.547327,2026-03-06 00:54:18.922332,Op-Access,CityLine,0.0
CL-00276,Brakes,2026-03-06 00:41:02.030697,2026-03-06 00:56:47.216848,Op-Brakes,CityLine,0.0
CL-00278,Wheels,2026-03-06 00:47:14.228752,2026-03-06 00:59:30.899828,Op-Wheels,CityLine,0.0
CL-00275,Final inspection,2026-03-06 00:54:18.922332,2026-03-06 01:02:17.545594,Op-Inspect,CityLine,0.0
CL-00331,Order released,2026-03-06 01:02:17.545594,2026-03-06 01:02:17.545594,Planner,CityLine,0.0
CL-00280,Color change,2026-03-06 00:39:18.930375,2026-03-06 01:02:54.059168,Op-Paint,CityLine,0.0
CL-00276,Accessories,2026-03-06 00:56:47.216848,2026-03-06 01:05:58.475664,Op-Access,CityLine,0.0
CL-00226,Transmission,2026-03-06 00:52:59.723020,2026-03-06 01:09:10.366998,Op-Trans,CityLine,0.0
CL-00227,Wheels,2026-03-06 00:59:30.899828,2026-03-06 01:10:10.019611,Op-Wheels,CityLine,0.0
CL-00225,Brakes,2026-03-06 00:56:47.216848,2026-03-06 01:13:47.825217,Op-Brakes,CityLine,0.0
CL-00276,Final inspection,2026-03-06 01:05:58.475664,2026-03-06 01:14:01.358771,Op-Inspect,CityLine,0.0
CL-00332,Order released,2026-03-06 01:14:01.358771,2026-03-06 01:14:01.358771,Planner,CityLine,0.0
CL-00279,Wheels,2026-03-06 01:10:10.019611,2026-03-06 01:18:26.995700,Op-Wheels,CityLine,0.0
CL-00225,Accessories,2026-03-06 01:13:47.825217,2026-03-06 01:19:45.085523,Op-Access,CityLine,0.0
CL-00226,Brakes,2026-03-06 01:13:47.825217,2026-03-06 01:23:08.130227,Op-Brakes,CityLine,0.0
CL-00280,Frame & painting,2026-03-06 01:02:54.059168,2026-03-06 01:24:56.101268,Op-Paint,CityLine,0.0
CL-00225,Final inspection,2026-03-06 01:19:45.085523,2026-03-06 01:28:57.473315,Op-Inspect,CityLine,0.0
CL-00333,Order released,2026-03-06 01:28:57.473315,2026-03-06 01:28:57.473315,Planner,CityLine,0.0
CL-00278,Transmission,2026-03-06 01:09:10.366998,2026-03-06 01:30:41.514122,Op-Trans,CityLine,0.0
CL-00226,Accessories,2026-03-06 01:23:08.130227,2026-03-06 01:31:11.632094,Op-Access,CityLine,0.0
CL-00281,Frame & painting,2026-03-06 01:24:56.101268,2026-03-06 01:35:11.266686,Op-Paint,CityLine,0.0
CL-00280,Fork & steering,2026-03-06 01:24:56.101268,2026-03-06 01:36:57.507699,Op-Fork,CityLine,0.0
CL-00226,Final inspection,2026-03-06 01:31:11.632094,2026-03-06 01:37:04.830741,Op-Inspect,CityLine,0.0
CL-00334,Order released,2026-03-06 01:37:04.830741,2026-03-06 01:37:04.830741,Planner,CityLine,0.0
CL-00282,Frame & painting,2026-03-06 01:35:11.266686,2026-03-06 01:40:55.012703,Op-Paint,CityLine,0.0
CL-00278,Brakes,2026-03-06 01:30:41.514122,2026-03-06 01:41:47.141407,Op-Brakes,CityLine,0.0
CL-00282,Fork & steering,2026-03-06 01:40:55.012703,2026-03-06 01:45:50.484659,Op-Fork,CityLine,0.0
CL-00227,Transmission,2026-03-06 01:30:41.514122,2026-03-06 01:48:12.415013,Op-Trans,CityLine,0.0
CL-00280,Wheels,2026-03-06 01:36:57.507699,2026-03-06 01:49:49.980747,Op-Wheels,CityLine,0.0
CL-00283,Frame & painting,2026-03-06 01:40:55.012703,2026-03-06 01:52:08.565505,Op-Paint,CityLine,0.0
CL-00282,Wheels,2026-03-06 01:49:49.980747,2026-03-06 01:55:22.855897,Op-Wheels,CityLine,0.0
CL-00278,Accessories,2026-03-06 01:41:47.141407,2026-03-06 01:56:04.334197,Op-Access,CityLine,0.0
CL-00284,Frame & painting,2026-03-06 01:52:08.565505,2026-03-06 01:57:05.927729,Op-Paint,CityLine,0.0
CL-00283,Fork & steering,2026-03-06 01:52:08.565505,2026-03-06 01:57:23.084152,Op-Fork,CityLine,0.0
CL-00227,Brakes,2026-03-06 01:48:12.415013,2026-03-06 01:59:47.079216,Op-Brakes,CityLine,0.0
CL-00278,Final inspection,2026-03-06 01:56:04.334197,2026-03-06 02:02:56.836444,Op-Inspect,CityLine,0.0
CL-00335,Order released,2026-03-06 02:02:56.836444,2026-03-06 02:02:56.836444,Planner,CityLine,0.0
CL-00283,Wheels,2026-03-06 01:57:23.084152,2026-03-06 02:05:12.680932,Op-Wheels,CityLine,0.0
CL-00284,Fork & steering,2026-03-06 01:57:23.084152,2026-03-06 02:06:01.491613,Op-Fork,CityLine,0.0
CL-00279,Transmission,2026-03-06 01:48:12.415013,2026-03-06 02:08:35.390377,Op-Trans,CityLine,0.0
CL-00227,Accessories,2026-03-06 01:59:47.079216,2026-03-06 02:09:12.555588,Op-Access,CityLine,0.0
CL-00227,Final inspection,2026-03-06 02:09:12.555588,2026-03-06 02:17:04.262979,Op-Inspect,CityLine,0.0
CL-00336,Order released,2026-03-06 02:17:04.262979,2026-03-06 02:17:04.262979,Planner,CityLine,0.0
CL-00279,Brakes,2026-03-06 02:08:35.390377,2026-03-06 02:19:54.525360,Op-Brakes,CityLine,0.0
CL-00284,Wheels,2026-03-06 02:06:01.491613,2026-03-06 02:21:19.555623,Op-Wheels,CityLine,0.0
CL-00285,Color change,2026-03-06 01:57:05.927729,2026-03-06 02:23:35.609939,Op-Paint,CityLine,0.0
CL-00280,Transmission,2026-03-06 02:08:35.390377,2026-03-06 02:27:11.578595,Op-Trans,CityLine,0.0
CL-00279,Accessories,2026-03-06 02:19:54.525360,2026-03-06 02:27:29.744931,Op-Access,CityLine,0.0
CL-00285,Frame & painting,2026-03-06 02:23:35.609939,2026-03-06 02:31:27.401607,Op-Paint,CityLine,0.0
CL-00279,Final inspection,2026-03-06 02:27:29.744931,2026-03-06 02:33:53.696392,Op-Inspect,CityLine,0.0
CL-00337,Order released,2026-03-06 02:33:53.696392,2026-03-06 02:33:53.696392,Planner,CityLine,0.0
CL-00280,Brakes,2026-03-06 02:27:11.578595,2026-03-06 02:35:46.262162,Op-Brakes,CityLine,0.0
CL-00285,Fork & steering,2026-03-06 02:31:27.401607,2026-03-06 02:37:32.092022,Op-Fork,CityLine,0.0
CL-00286,Frame & painting,2026-03-06 02:31:27.401607,2026-03-06 02:38:59.415105,Op-Paint,CityLine,0.0
CL-00231,Paint rework,2026-03-06 02:38:59.415105,2026-03-06 02:45:13.876486,Op-Paint,CityLine,30.0
CL-00282,Transmission,2026-03-06 02:27:11.578595,2026-03-06 02:46:33.509554,Op-Trans,CityLine,0.0
CL-00280,Accessories,2026-03-06 02:35:46.262162,2026-03-06 02:47:37.165204,Op-Access,CityLine,0.0
CL-00285,Wheels,2026-03-06 02:37:32.092022,2026-03-06 02:48:11.911362,Op-Wheels,CityLine,0.0
CL-00286,Fork & steering,2026-03-06 02:38:59.415105,2026-03-06 02:48:55.786506,Op-Fork,CityLine,0.0
CL-00287,Frame & painting,2026-03-06 02:45:13.876486,2026-03-06 02:51:04.960815,Op-Paint,CityLine,0.0
CL-00280,Final inspection,2026-03-06 02:47:37.165204,2026-03-06 02:53:22.141223,Op-Inspect,CityLine,0.0
CL-00338,Order released,2026-03-06 02:53:22.141223,2026-03-06 02:53:22.141223,Planner,CityLine,0.0
CL-00288,Frame & painting,2026-03-06 02:51:04.960815,2026-03-06 02:57:21.689075,Op-Paint,CityLine,0.0
CL-00286,Wheels,2026-03-06 02:48:55.786506,2026-03-06 02:59:27.514776,Op-Wheels,CityLine,0.0
CL-00231,Fork & steering,2026-03-06 02:48:55.786506,2026-03-06 03:00:03.872744,Op-Fork,CityLine,0.0
CL-00283,Transmission,2026-03-06 02:46:33.509554,2026-03-06 03:00:32.277900,Op-Trans,CityLine,0.0
CL-00282,Brakes,2026-03-06 02:46:33.509554,2026-03-06 03:02:35.135024,Op-Brakes,CityLine,0.0
CL-00231,Wheels,2026-03-06 03:00:03.872744,2026-03-06 03:04:55.269434,Op-Wheels,CityLine,0.0
CL-00289,Frame & painting,2026-03-06 02:57:21.689075,2026-03-06 03:06:47.788569,Op-Paint,CityLine,0.0
CL-00287,Fork & steering,2026-03-06 03:00:03.872744,2026-03-06 03:08:35.445149,Op-Fork,CityLine,0.0
CL-00288,Fork & steering,2026-03-06 03:08:35.445149,2026-03-06 03:13:29.357354,Op-Fork,CityLine,0.0
CL-00282,Accessories,2026-03-06 03:02:35.135024,2026-03-06 03:17:06.016868,Op-Access,CityLine,0.0
CL-00289,Fork & steering,2026-03-06 03:13:29.357354,2026-03-06 03:19:33.276406,Op-Fork,CityLine,0.0
CL-00287,Wheels,2026-03-06 03:08:35.445149,2026-03-06 03:19:47.745585,Op-Wheels,CityLine,0.0
CL-00282,Final inspection,2026-03-06 03:17:06.016868,2026-03-06 03:22:21.023312,Op-Inspect,CityLine,0.0
CL-00339,Order released,2026-03-06 03:22:21.023312,2026-03-06 03:22:21.023312,Planner,CityLine,0.0
CL-00283,Brakes,2026-03-06 03:02:35.135024,2026-03-06 03:23:41.472732,Op-Brakes,CityLine,0.0
CL-00283,Accessories,2026-03-06 03:23:41.472732,2026-03-06 03:29:03.530014,Op-Access,CityLine,0.0
CL-00284,Transmission,2026-03-06 03:00:32.277900,2026-03-06 03:33:02.227364,Op-Trans,CityLine,0.0
CL-00288,Wheels,2026-03-06 03:19:47.745585,2026-03-06 03:33:53.233949,Op-Wheels,CityLine,0.0
CL-00283,Final inspection,2026-03-06 03:29:03.530014,2026-03-06 03:35:00.102387,Op-Inspect,CityLine,0.0
CL-00340,Order released,2026-03-06 03:35:00.102387,2026-03-06 03:35:00.102387,Planner,CityLine,0.0
CL-00284,Brakes,2026-03-06 03:33:02.227364,2026-03-06 03:41:49.563488,Op-Brakes,CityLine,0.0
CL-00284,Accessories,2026-03-06 03:41:49.563488,2026-03-06 03:45:10.405091,Op-Access,CityLine,0.0
CL-00284,Final inspection,2026-03-06 03:45:10.405091,2026-03-06 03:48:47.822002,Op-Inspect,CityLine,0.0
CL-00341,Order released,2026-03-06 03:48:47.822002,2026-03-06 03:48:47.822002,Planner,CityLine,0.0
CL-00289,Wheels,2026-03-06 03:33:53.233949,2026-03-06 03:49:23.035640,Op-Wheels,CityLine,0.0
CL-00285,Transmission,2026-03-06 03:33:02.227364,2026-03-06 03:55:35.324072,Op-Trans,CityLine,0.0
CL-00290,Color change,2026-03-06 03:06:47.788569,2026-03-06 04:03:25.410227,Op-Paint,CityLine,0.0
CL-00285,Brakes,2026-03-06 03:55:35.324072,2026-03-06 04:04:21.834779,Op-Brakes,CityLine,0.0
CL-00290,Frame & painting,2026-03-06 04:03:25.410227,2026-03-06 04:10:48.475268,Op-Paint,CityLine,0.0
CL-00285,Accessories,2026-03-06 04:04:21.834779,2026-03-06 04:17:25.409821,Op-Access,CityLine,0.0
CL-00290,Fork & steering,2026-03-06 04:10:48.475268,2026-03-06 04:17:38.520657,Op-Fork,CityLine,0.0
CL-00235,Paint rework,2026-03-06 04:10:48.475268,2026-03-06 04:18:01.632426,Op-Paint,CityLine,30.0
CL-00285,Final inspection,2026-03-06 04:17:25.409821,2026-03-06 04:24:33.655469,Op-Inspect,CityLine,0.0
CL-00342,Order released,2026-03-06 04:24:33.655469,2026-03-06 04:24:33.655469,Planner,CityLine,0.0
CL-00286,Transmission,2026-03-06 03:55:35.324072,2026-03-06 04:24:55.059031,Op-Trans,CityLine,0.0
CL-00235,Fork & steering,2026-03-06 04:18:01.632426,2026-03-06 04:26:44.652567,Op-Fork,CityLine,0.0
CL-00291,Frame & painting,2026-03-06 04:18:01.632426,2026-03-06 04:30:06.476001,Op-Paint,CityLine,0.0
CL-00291,Fork & steering,2026-03-06 04:30:06.476001,2026-03-06 04:33:46.241196,Op-Fork,CityLine,0.0
CL-00290,Wheels,2026-03-06 04:17:38.520657,2026-03-06 04:35:31.697678,Op-Wheels,CityLine,0.0
CL-00292,Frame & painting,2026-03-06 04:30:06.476001,2026-03-06 04:36:47.111838,Op-Paint,CityLine,0.0
CL-00286,Brakes,2026-03-06 04:24:55.059031,2026-03-06 04:39:33.438621,Op-Brakes,CityLine,0.0
CL-00231,Transmission,2026-03-06 04:24:55.059031,2026-03-06 04:40:05.910007,Op-Trans,CityLine,0.0
CL-00292,Fork & steering,2026-03-06 04:36:47.111838,2026-03-06 04:44:49.466819,Op-Fork,CityLine,0.0
CL-00286,Accessories,2026-03-06 04:39:33.438621,2026-03-06 04:45:04.524321,Op-Access,CityLine,0.0
CL-00235,Wheels,2026-03-06 04:35:31.697678,2026-03-06 04:47:57.935253,Op-Wheels,CityLine,0.0
CL-00286,Final inspection,2026-03-06 04:45:04.524321,2026-03-06 04:50:13.168100,Op-Inspect,CityLine,0.0
CL-00343,Order released,2026-03-06 04:50:13.168100,2026-03-06 04:50:13.168100,Planner,CityLine,0.0
CL-00231,Brakes,2026-03-06 04:40:05.910007,2026-03-06 04:51:19.179969,Op-Brakes,CityLine,0.0
CL-00293,Frame & painting,2026-03-06 04:36:47.111838,2026-03-06 04:55:06.327023,Op-Paint,CityLine,0.0
CL-00231,Accessories,2026-03-06 04:51:19.179969,2026-03-06 04:58:03.449893,Op-Access,CityLine,0.0
CL-00291,Wheels,2026-03-06 04:47:57.935253,2026-03-06 04:58:26.909317,Op-Wheels,CityLine,0.0
CL-00287,Transmission,2026-03-06 04:40:05.910007,2026-03-06 04:58:42.465815,Op-Trans,CityLine,0.0
CL-00293,Fork & steering,2026-03-06 04:55:06.327023,2026-03-06 05:02:34.405170,Op-Fork,CityLine,0.0
CL-00231,Final inspection,2026-03-06 04:58:03.449893,2026-03-06 05:04:32.752064,Op-Inspect,CityLine,0.0
CL-00344,Order released,2026-03-06 05:04:32.752064,2026-03-06 05:04:32.752064,Planner,CityLine,0.0
CL-00287,Brakes,2026-03-06 04:58:42.465815,2026-03-06 05:07:59.673398,Op-Brakes,CityLine,0.0
CL-00294,Frame & painting,2026-03-06 04:55:06.327023,2026-03-06 05:08:29.544661,Op-Paint,CityLine,0.0
CL-00292,Wheels,2026-03-06 04:58:26.909317,2026-03-06 05:08:43.379309,Op-Wheels,CityLine,0.0
CL-00287,Accessories,2026-03-06 05:07:59.673398,2026-03-06 05:13:22.372020,Op-Access,CityLine,0.0
CL-00294,Fork & steering,2026-03-06 05:08:29.544661,2026-03-06 05:15:43.742159,Op-Fork,CityLine,0.0
CL-00288,Transmission,2026-03-06 04:58:42.465815,2026-03-06 05:16:10.854278,Op-Trans,CityLine,0.0
CL-00293,Wheels,2026-03-06 05:08:43.379309,2026-03-06 05:18:47.610989,Op-Wheels,CityLine,0.0
CL-00287,Final inspection,2026-03-06 05:13:22.372020,2026-03-06 05:24:32.695094,Op-Inspect,CityLine,0.0
CL-00345,Order released,2026-03-06 05:24:32.695094,2026-03-06 05:24:32.695094,Planner,CityLine,0.0
CL-00294,Wheels,2026-03-06 05:18:47.610989,2026-03-06 05:25:25.143945,Op-Wheels,CityLine,0.0
CL-00288,Brakes,2026-03-06 05:16:10.854278,2026-03-06 05:26:46.710477,Op-Brakes,CityLine,0.0
CL-00289,Transmission,2026-03-06 05:16:10.854278,2026-03-06 05:34:30.404561,Op-Trans,CityLine,0.0
CL-00288,Accessories,2026-03-06 05:26:46.710477,2026-03-06 05:35:54.208504,Op-Access,CityLine,0.0
CL-00295,Color change,2026-03-06 05:08:29.544661,2026-03-06 05:42:14.613132,Op-Paint,CityLine,0.0
CL-00288,Final inspection,2026-03-06 05:35:54.208504,2026-03-06 05:46:28.720177,Op-Inspect,CityLine,0.0
CL-00346,Order released,2026-03-06 05:46:28.720177,2026-03-06 05:46:28.720177,Planner,CityLine,0.0
CL-00290,Transmission,2026-03-06 05:34:30.404561,2026-03-06 05:52:36.099083,Op-Trans,CityLine,0.0
CL-00289,Brakes,2026-03-06 05:34:30.404561,2026-03-06 05:53:55.567445,Op-Brakes,CityLine,0.0
CL-00295,Frame & painting,2026-03-06 05:42:14.613132,2026-03-06 06:02:52.171142,Op-Paint,CityLine,0.0
CL-00290,Brakes,2026-03-06 05:53:55.567445,2026-03-06 06:03:31.774504,Op-Brakes,CityLine,0.0
CL-00295,Fork & steering,2026-03-06 06:02:52.171142,2026-03-06 06:07:52.435447,Op-Fork,CityLine,0.0
CL-00235,Transmission,2026-03-06 05:52:36.099083,2026-03-06 06:09:02.875902,Op-Trans,CityLine,0.0
CL-00289,Accessories,2026-03-06 05:53:55.567445,2026-03-06 06:13:04.190596,Op-Access,CityLine,0.0
CL-00235,Brakes,2026-03-06 06:09:02.875902,2026-03-06 06:19:09.489168,Op-Brakes,CityLine,0.0
CL-00289,Final inspection,2026-03-06 06:13:04.190596,2026-03-06 06:21:25.011595,Op-Inspect,CityLine,0.0
CL-00347,Order released,2026-03-06 06:21:25.011595,2026-03-06 06:21:25.011595,Planner,CityLine,0.0
CL-00295,Wheels,2026-03-06 06:07:52.435447,2026-03-06 06:21:35.490122,Op-Wheels,CityLine,0.0
CL-00296,Frame & painting,2026-03-06 06:02:52.171142,2026-03-06 06:23:42.992940,Op-Paint,CityLine,0.0
CL-00296,Fork & steering,2026-03-06 06:23:42.992940,2026-03-06 06:27:34.607764,Op-Fork,CityLine,0.0
CL-00290,Accessories,2026-03-06 06:13:04.190596,2026-03-06 06:29:38.603827,Op-Access,CityLine,0.0
CL-00291,Transmission,2026-03-06 06:09:02.875902,2026-03-06 06:34:42.210958,Op-Trans,CityLine,0.0
CL-00296,Wheels,2026-03-06 06:27:34.607764,2026-03-06 06:37:02.846933,Op-Wheels,CityLine,0.0
CL-00297,Frame & painting,2026-03-06 06:23:42.992940,2026-03-06 06:37:15.071244,Op-Paint,CityLine,0.0
CL-00290,Final inspection,2026-03-06 06:29:38.603827,2026-03-06 06:38:08.345888,Op-Inspect,CityLine,0.0
CL-00348,Order released,2026-03-06 06:38:08.345888,2026-03-06 06:38:08.345888,Planner,CityLine,0.0
CL-00291,Brakes,2026-03-06 06:34:42.210958,2026-03-06 06:44:44.893642,Op-Brakes,CityLine,0.0
CL-00298,Frame & painting,2026-03-06 06:37:15.071244,2026-03-06 06:45:02.152285,Op-Paint,CityLine,0.0
CL-00297,Fork & steering,2026-03-06 06:37:15.071244,2026-03-06 06:47:48.793354,Op-Fork,CityLine,0.0
CL-00235,Accessories,2026-03-06 06:29:38.603827,2026-03-06 06:48:35.398449,Op-Access,CityLine,0.0
CL-00292,Transmission,2026-03-06 06:34:42.210958,2026-03-06 06:49:14.698538,Op-Trans,CityLine,0.0
CL-00299,Frame & painting,2026-03-06 06:45:02.152285,2026-03-06 06:49:44.762370,Op-Paint,CityLine,0.0
CL-00245,Paint rework,2026-03-06 06:49:44.762370,2026-03-06 06:54:30.273382,Op-Paint,CityLine,30.0
CL-00297,Wheels,2026-03-06 06:47:48.793354,2026-03-06 06:54:39.509581,Op-Wheels,CityLine,0.0
CL-00291,Accessories,2026-03-06 06:48:35.398449,2026-03-06 06:55:08.744614,Op-Access,CityLine,0.0
CL-00235,Final inspection,2026-03-06 06:48:35.398449,2026-03-06 06:56:09.856917,Op-Inspect,CityLine,0.0
CL-00349,Order released,2026-03-06 06:56:09.856917,2026-03-06 06:56:09.856917,Planner,CityLine,0.0
CL-00292,Brakes,2026-03-06 06:49:14.698538,2026-03-06 06:59:56.027931,Op-Brakes,CityLine,0.0
CL-00298,Fork & steering,2026-03-06 06:47:48.793354,2026-03-06 07:00:23.504545,Op-Fork,CityLine,0.0
CL-00291,Final inspection,2026-03-06 06:56:09.856917,2026-03-06 07:00:30.856382,Op-Inspect,CityLine,0.0
CL-00350,Order released,2026-03-06 07:00:30.856382,2026-03-06 07:00:30.856382,Planner,CityLine,0.0
CL-00293,Transmission,2026-03-06 06:49:14.698538,2026-03-06 07:06:06.021168,Op-Trans,CityLine,0.0
CL-00299,Fork & steering,2026-03-06 07:00:23.504545,2026-03-06 07:09:18.092040,Op-Fork,CityLine,0.0
CL-00292,Accessories,2026-03-06 06:59:56.027931,2026-03-06 07:09:31.500659,Op-Access,CityLine,0.0
CL-00293,Brakes,2026-03-06 07:06:06.021168,2026-03-06 07:14:37.688054,Op-Brakes,CityLine,0.0
CL-00298,Wheels,2026-03-06 07:00:23.504545,2026-03-06 07:15:26.332685,Op-Wheels,CityLine,0.0
CL-00292,Final inspection,2026-03-06 07:09:31.500659,2026-03-06 07:15:52.201222,Op-Inspect,CityLine,0.0
CL-00351,Order released,2026-03-06 07:15:52.201222,2026-03-06 07:15:52.201222,Planner,CityLine,0.0
CL-00245,Fork & steering,2026-03-06 07:09:18.092040,2026-03-06 07:20:53.313014,Op-Fork,CityLine,0.0
CL-00293,Accessories,2026-03-06 07:14:37.688054,2026-03-06 07:20:54.336079,Op-Access,CityLine,0.0
CL-00294,Transmission,2026-03-06 07:06:06.021168,2026-03-06 07:22:28.461410,Op-Trans,CityLine,0.0
CL-00299,Wheels,2026-03-06 07:15:26.332685,2026-03-06 07:24:13.293829,Op-Wheels,CityLine,0.0
CL-00300,Color change,2026-03-06 06:54:30.273382,2026-03-06 07:25:42.500256,Op-Paint,CityLine,0.0
CL-00293,Final inspection,2026-03-06 07:20:54.336079,2026-03-06 07:28:41.859255,Op-Inspect,CityLine,0.0
CL-00352,Order released,2026-03-06 07:28:41.859255,2026-03-06 07:28:41.859255,Planner,CityLine,0.0
CL-00294,Brakes,2026-03-06 07:22:28.461410,2026-03-06 07:36:00.223160,Op-Brakes,CityLine,0.0
CL-00300,Frame & painting,2026-03-06 07:25:42.500256,2026-03-06 07:36:03.877712,Op-Paint,CityLine,0.0
CL-00245,Wheels,2026-03-06 07:24:13.293829,2026-03-06 07:41:03.978897,Op-Wheels,CityLine,0.0
CL-00294,Accessories,2026-03-06 07:36:00.223160,2026-03-06 07:42:15.117271,Op-Access,CityLine,0.0
CL-00301,Frame & painting,2026-03-06 07:36:03.877712,2026-03-06 07:42:28.472062,Op-Paint,CityLine,0.0
CL-00300,Fork & steering,2026-03-06 07:36:03.877712,2026-03-06 07:42:32.510519,Op-Fork,CityLine,0.0
CL-00295,Transmission,2026-03-06 07:22:28.461410,2026-03-06 07:45:10.468161,Op-Trans,CityLine,0.0
CL-00294,Final inspection,2026-03-06 07:42:15.117271,2026-03-06 07:47:56.269021,Op-Inspect,CityLine,0.0
CL-00353,Order released,2026-03-06 07:47:56.269021,2026-03-06 07:47:56.269021,Planner,CityLine,0.0
CL-00247,Paint rework,2026-03-06 07:42:28.472062,2026-03-06 07:48:29.018176,Op-Paint,CityLine,30.0
CL-00300,Wheels,2026-03-06 07:42:32.510519,2026-03-06 07:51:52.048600,Op-Wheels,CityLine,0.0
CL-00301,Fork & steering,2026-03-06 07:42:32.510519,2026-03-06 07:53:48.791079,Op-Fork,CityLine,0.0
CL-00295,Brakes,2026-03-06 07:45:10.468161,2026-03-06 07:57:17.667598,Op-Brakes,CityLine,0.0
CL-00302,Frame & painting,2026-03-06 07:48:29.018176,2026-03-06 07:57:56.129381,Op-Paint,CityLine,0.0
CL-00247,Fork & steering,2026-03-06 07:53:48.791079,2026-03-06 08:02:34.089547,Op-Fork,CityLine,0.0
CL-00301,Wheels,2026-03-06 07:53:48.791079,2026-03-06 08:05:08.491553,Op-Wheels,CityLine,0.0
CL-00303,Frame & painting,2026-03-06 07:57:56.129381,2026-03-06 08:10:34.500987,Op-Paint,CityLine,0.0
CL-00295,Accessories,2026-03-06 07:57:17.667598,2026-03-06 08:14:30.174058,Op-Access,CityLine,0.0
CL-00247,Wheels,2026-03-06 08:05:08.491553,2026-03-06 08:16:17.022801,Op-Wheels,CityLine,0.0
CL-00295,Final inspection,2026-03-06 08:14:30.174058,2026-03-06 08:19:26.389811,Op-Inspect,CityLine,0.0
CL-00303,Fork & steering,2026-03-06 08:10:34.500987,2026-03-06 08:20:23.248428,Op-Fork,CityLine,0.0
CL-00296,Transmission,2026-03-06 07:45:10.468161,2026-03-06 08:24:03.160220,Op-Trans,CityLine,0.0
CL-00295,Final adjustment,2026-03-06 08:19:26.389811,2026-03-06 08:24:09.907702,Op-Inspect,CityLine,0.0
CL-00304,Frame & painting,2026-03-06 08:10:34.500987,2026-03-06 08:25:05.869369,Op-Paint,CityLine,0.0
CL-00303,Wheels,2026-03-06 08:20:23.248428,2026-03-06 08:27:09.325752,Op-Wheels,CityLine,0.0
CL-00295,Final inspection,2026-03-06 08:24:09.907702,2026-03-06 08:28:41.839275,Op-Inspect,CityLine,0.0
CL-00354,Order released,2026-03-06 08:28:41.839275,2026-03-06 08:28:41.839275,Planner,CityLine,0.0
CL-00297,Transmission,2026-03-06 08:24:03.160220,2026-03-06 08:38:22.325742,Op-Trans,CityLine,0.0
CL-00296,Brakes,2026-03-06 08:24:03.160220,2026-03-06 08:40:13.588875,Op-Brakes,CityLine,0.0
CL-00296,Accessories,2026-03-06 08:40:13.588875,2026-03-06 08:46:28.249744,Op-Access,CityLine,0.0
CL-00298,Transmission,2026-03-06 08:38:22.325742,2026-03-06 08:49:40.630353,Op-Trans,CityLine,0.0
CL-00297,Brakes,2026-03-06 08:40:13.588875,2026-03-06 08:52:09.710342,Op-Brakes,CityLine,0.0
CL-00296,Final inspection,2026-03-06 08:46:28.249744,2026-03-06 08:55:39.404413,Op-Inspect,CityLine,0.0
CL-00355,Order released,2026-03-06 08:55:39.404413,2026-03-06 08:55:39.404413,Planner,CityLine,0.0
CL-00297,Accessories,2026-03-06 08:52:09.710342,2026-03-06 08:58:56.261484,Op-Access,CityLine,0.0
CL-00305,Color change,2026-03-06 08:25:05.869369,2026-03-06 08:59:52.209773,Op-Paint,CityLine,0.0
CL-00297,Final inspection,2026-03-06 08:58:56.261484,2026-03-06 09:03:25.894776,Op-Inspect,CityLine,0.0
CL-00356,Order released,2026-03-06 09:03:25.894776,2026-03-06 09:03:25.894776,Planner,CityLine,0.0
CL-00298,Brakes,2026-03-06 08:52:09.710342,2026-03-06 09:07:44.314218,Op-Brakes,CityLine,0.0
CL-00305,Frame & painting,2026-03-06 08:59:52.209773,2026-03-06 09:07:54.767216,Op-Paint,CityLine,0.0
CL-00305,Fork & steering,2026-03-06 09:07:54.767216,2026-03-06 09:13:15.504887,Op-Fork,CityLine,0.0
CL-00299,Transmission,2026-03-06 08:49:40.630353,2026-03-06 09:15:14.291820,Op-Trans,CityLine,0.0
CL-00306,Frame & painting,2026-03-06 09:07:54.767216,2026-03-06 09:15:48.963530,Op-Paint,CityLine,0.0
CL-00298,Accessories,2026-03-06 09:07:44.314218,2026-03-06 09:24:34.783779,Op-Access,CityLine,0.0
CL-00306,Fork & steering,2026-03-06 09:15:48.963530,2026-03-06 09:25:35.245294,Op-Fork,CityLine,0.0
CL-00307,Frame & painting,2026-03-06 09:15:48.963530,2026-03-06 09:25:41.228355,Op-Paint,CityLine,0.0
CL-00305,Wheels,2026-03-06 09:13:15.504887,2026-03-06 09:26:47.922421,Op-Wheels,CityLine,0.0
CL-00298,Final inspection,2026-03-06 09:24:34.783779,2026-03-06 09:28:50.166463,Op-Inspect,CityLine,0.0
CL-00357,Order released,2026-03-06 09:28:50.166463,2026-03-06 09:28:50.166463,Planner,CityLine,0.0
CL-00299,Brakes,2026-03-06 09:15:14.291820,2026-03-06 09:31:26.244042,Op-Brakes,CityLine,0.0
CL-00245,Transmission,2026-03-06 09:15:14.291820,2026-03-06 09:31:37.160639,Op-Trans,CityLine,0.0
CL-00307,Fork & steering,2026-03-06 09:25:41.228355,2026-03-06 09:33:51.977607,Op-Fork,CityLine,0.0
CL-00308,Frame & painting,2026-03-06 09:25:41.228355,2026-03-06 09:39:57.287985,Op-Paint,CityLine,0.0
CL-00245,Brakes,2026-03-06 09:31:37.160639,2026-03-06 09:40:38.917662,Op-Brakes,CityLine,0.0
CL-00299,Accessories,2026-03-06 09:31:26.244042,2026-03-06 09:42:23.675697,Op-Access,CityLine,0.0
CL-00306,Wheels,2026-03-06 09:26:47.922421,2026-03-06 09:44:46.928586,Op-Wheels,CityLine,0.0
CL-00308,Fork & steering,2026-03-06 09:39:57.287985,2026-03-06 09:44:53.629026,Op-Fork,CityLine,0.0
CL-00300,Transmission,2026-03-06 09:31:37.160639,2026-03-06 09:47:32.842897,Op-Trans,CityLine,0.0
CL-00299,Final inspection,2026-03-06 09:42:23.675697,2026-03-06 09:49:25.900845,Op-Inspect,CityLine,0.0
CL-00358,Order released,2026-03-06 09:49:25.900845,2026-03-06 09:49:25.900845,Planner,CityLine,0.0
CL-00309,Frame & painting,2026-03-06 09:39:57.287985,2026-03-06 09:50:31.597299,Op-Paint,CityLine,0.0
CL-00245,Accessories,2026-03-06 09:42:23.675697,2026-03-06 09:53:07.579720,Op-Access,CityLine,0.0
CL-00307,Wheels,2026-03-06 09:44:46.928586,2026-03-06 09:57:16.952602,Op-Wheels,CityLine,0.0
CL-00309,Fork & steering,2026-03-06 09:50:31.597299,2026-03-06 09:59:05.320344,Op-Fork,CityLine,0.0
CL-00300,Brakes,2026-03-06 09:47:32.842897,2026-03-06 09:59:50.852050,Op-Brakes,CityLine,0.0
CL-00245,Final inspection,2026-03-06 09:53:07.579720,2026-03-06 09:59:51.046953,Op-Inspect,CityLine,0.0
CL-00359,Order released,2026-03-06 09:59:51.046953,2026-03-06 09:59:51.046953,Planner,CityLine,0.0
CL-00308,Wheels,2026-03-06 09:57:16.952602,2026-03-06 10:05:40.901071,Op-Wheels,CityLine,0.0
CL-00300,Accessories,2026-03-06 09:59:50.852050,2026-03-06 10:06:57.009957,Op-Access,CityLine,0.0
CL-00301,Transmission,2026-03-06 09:47:32.842897,2026-03-06 10:07:49.339285,Op-Trans,CityLine,0.0
CL-00300,Final inspection,2026-03-06 10:06:57.009957,2026-03-06 10:14:52.892052,Op-Inspect,CityLine,0.0
CL-00360,Order released,2026-03-06 10:14:52.892052,2026-03-06 10:14:52.892052,Planner,CityLine,0.0
CL-00309,Wheels,2026-03-06 10:05:40.901071,2026-03-06 10:20:35.815703,Op-Wheels,CityLine,0.0
CL-00247,Transmission,2026-03-06 10:07:49.339285,2026-03-06 10:23:33.392643,Op-Trans,CityLine,0.0
CL-00301,Brakes,2026-03-06 10:07:49.339285,2026-03-06 10:29:57.961599,Op-Brakes,CityLine,0.0
CL-00303,Transmission,2026-03-06 10:23:33.392643,2026-03-06 10:39:05.239578,Op-Trans,CityLine,0.0
CL-00301,Accessories,2026-03-06 10:29:57.961599,2026-03-06 10:39:13.834722,Op-Access,CityLine,0.0
CL-00247,Brakes,2026-03-06 10:29:57.961599,2026-03-06 10:39:51.589042,Op-Brakes,CityLine,0.0
CL-00310,Color change,2026-03-06 09:50:31.597299,2026-03-06 10:42:39.056151,Op-Paint,CityLine,0.0
CL-00301,Final inspection,2026-03-06 10:39:13.834722,2026-03-06 10:48:00.483262,Op-Inspect,CityLine,0.0
CL-00361,Order released,2026-03-06 10:48:00.483262,2026-03-06 10:48:00.483262,Planner,CityLine,0.0
CL-00247,Accessories,2026-03-06 10:39:51.589042,2026-03-06 10:48:01.912541,Op-Access,CityLine,0.0
CL-00310,Frame & painting,2026-03-06 10:42:39.056151,2026-03-06 10:50:10.070804,Op-Paint,CityLine,0.0
CL-00247,Final inspection,2026-03-06 10:48:01.912541,2026-03-06 10:52:52.955831,Op-Inspect,CityLine,0.0
CL-00362,Order released,2026-03-06 10:52:52.955831,2026-03-06 10:52:52.955831,Planner,CityLine,0.0
CL-00310,Fork & steering,2026-03-06 10:50:10.070804,2026-03-06 10:57:22.944457,Op-Fork,CityLine,0.0
CL-00311,Frame & painting,2026-03-06 10:50:10.070804,2026-03-06 10:57:50.604601,Op-Paint,CityLine,0.0
CL-00305,Transmission,2026-03-06 10:39:05.239578,2026-03-06 10:58:07.863415,Op-Trans,CityLine,0.0
CL-00303,Brakes,2026-03-06 10:39:51.589042,2026-03-06 11:00:34.793955,Op-Brakes,CityLine,0.0
CL-00312,Frame & painting,2026-03-06 10:57:50.604601,2026-03-06 11:05:17.264730,Op-Paint,CityLine,0.0
CL-00310,Wheels,2026-03-06 10:57:22.944457,2026-03-06 11:06:52.521777,Op-Wheels,CityLine,0.0
CL-00303,Accessories,2026-03-06 11:00:34.793955,2026-03-06 11:10:48.565797,Op-Access,CityLine,0.0
CL-00312,Fork & steering,2026-03-06 11:05:17.264730,2026-03-06 11:11:21.133739,Op-Fork,CityLine,0.0
CL-00305,Brakes,2026-03-06 11:00:34.793955,2026-03-06 11:14:15.421106,Op-Brakes,CityLine,0.0
CL-00306,Transmission,2026-03-06 10:58:07.863415,2026-03-06 11:14:37.150655,Op-Trans,CityLine,0.0
CL-00303,Final inspection,2026-03-06 11:10:48.565797,2026-03-06 11:15:42.886205,Op-Inspect,CityLine,0.0
CL-00363,Order released,2026-03-06 11:15:42.886205,2026-03-06 11:15:42.886205,Planner,CityLine,0.0
CL-00313,Frame & painting,2026-03-06 11:05:17.264730,2026-03-06 11:15:53.061760,Op-Paint,CityLine,0.0
CL-00312,Wheels,2026-03-06 11:11:21.133739,2026-03-06 11:19:45.760978,Op-Wheels,CityLine,0.0
CL-00262,Paint rework,2026-03-06 11:15:53.061760,2026-03-06 11:20:02.017828,Op-Paint,CityLine,30.0
CL-00305,Accessories,2026-03-06 11:14:15.421106,2026-03-06 11:20:28.513146,Op-Access,CityLine,0.0
CL-00306,Brakes,2026-03-06 11:14:37.150655,2026-03-06 11:22:10.876270,Op-Brakes,CityLine,0.0
CL-00313,Fork & steering,2026-03-06 11:15:53.061760,2026-03-06 11:25:43.033098,Op-Fork,CityLine,0.0
CL-00305,Final inspection,2026-03-06 11:20:28.513146,2026-03-06 11:27:29.535290,Op-Inspect,CityLine,0.0
CL-00364,Order released,2026-03-06 11:27:29.535290,2026-03-06 11:27:29.535290,Planner,CityLine,0.0
CL-00262,Fork & steering,2026-03-06 11:25:43.033098,2026-03-06 11:31:06.944056,Op-Fork,CityLine,0.0
CL-00314,Frame & painting,2026-03-06 11:20:02.017828,2026-03-06 11:32:41.432039,Op-Paint,CityLine,0.0
CL-00306,Accessories,2026-03-06 11:22:10.876270,2026-03-06 11:32:41.663626,Op-Access,CityLine,0.0
CL-00313,Wheels,2026-03-06 11:25:43.033098,2026-03-06 11:37:31.884065,Op-Wheels,CityLine,0.0
CL-00306,Final inspection,2026-03-06 11:32:41.663626,2026-03-06 11:37:51.678327,Op-Inspect,CityLine,0.0
CL-00365,Order released,2026-03-06 11:37:51.678327,2026-03-06 11:37:51.678327,Planner,CityLine,0.0
CL-00307,Transmission,2026-03-06 11:14:37.150655,2026-03-06 11:38:42.751975,Op-Trans,CityLine,0.0
CL-00314,Fork & steering,2026-03-06 11:32:41.432039,2026-03-06 11:42:14.265902,Op-Fork,CityLine,0.0
CL-00262,Wheels,2026-03-06 11:37:31.884065,2026-03-06 11:46:43.580984,Op-Wheels,CityLine,0.0
CL-00307,Brakes,2026-03-06 11:38:42.751975,2026-03-06 11:47:16.687796,Op-Brakes,CityLine,0.0
CL-00314,Wheels,2026-03-06 11:46:43.580984,2026-03-06 11:53:40.599625,Op-Wheels,CityLine,0.0
CL-00307,Accessories,2026-03-06 11:47:16.687796,2026-03-06 11:55:26.696851,Op-Access,CityLine,0.0
CL-00308,Transmission,2026-03-06 11:38:42.751975,2026-03-06 11:55:59.491142,Op-Trans,CityLine,0.0
CL-00315,Color change,2026-03-06 11:32:41.432039,2026-03-06 11:58:46.584417,Op-Paint,CityLine,0.0
CL-00308,Brakes,2026-03-06 11:55:59.491142,2026-03-06 12:03:16.060252,Op-Brakes,CityLine,0.0
CL-00307,Final inspection,2026-03-06 11:55:26.696851,2026-03-06 12:04:54.808884,Op-Inspect,CityLine,0.0
CL-00366,Order released,2026-03-06 12:04:54.808884,2026-03-06 12:04:54.808884,Planner,CityLine,0.0
CL-00315,Frame & painting,2026-03-06 11:58:46.584417,2026-03-06 12:05:32.293683,Op-Paint,CityLine,0.0
CL-00309,Transmission,2026-03-06 11:55:59.491142,2026-03-06 12:11:38.040756,Op-Trans,CityLine,0.0
CL-00315,Fork & steering,2026-03-06 12:05:32.293683,2026-03-06 12:12:20.558893,Op-Fork,CityLine,0.0
CL-00308,Accessories,2026-03-06 12:03:16.060252,2026-03-06 12:15:18.146416,Op-Access,CityLine,0.0
CL-00316,Frame & painting,2026-03-06 12:05:32.293683,2026-03-06 12:19:16.656811,Op-Paint,CityLine,0.0
CL-00308,Final inspection,2026-03-06 12:15:18.146416,2026-03-06 12:22:40.190114,Op-Inspect,CityLine,0.0
CL-00367,Order released,2026-03-06 12:22:40.190114,2026-03-06 12:22:40.190114,Planner,CityLine,0.0
CL-00315,Wheels,2026-03-06 12:12:20.558893,2026-03-06 12:24:33.837745,Op-Wheels,CityLine,0.0
CL-00309,Brakes,2026-03-06 12:11:38.040756,2026-03-06 12:24:44.305840,Op-Brakes,CityLine,0.0
CL-00310,Transmission,2026-03-06 12:11:38.040756,2026-03-06 12:26:34.065881,Op-Trans,CityLine,0.0
CL-00317,Frame & painting,2026-03-06 12:19:16.656811,2026-03-06 12:27:06.663346,Op-Paint,CityLine,0.0
CL-00317,Fork & steering,2026-03-06 12:27:06.663346,2026-03-06 12:31:56.214823,Op-Fork,CityLine,0.0
CL-00310,Brakes,2026-03-06 12:26:34.065881,2026-03-06 12:34:33.676195,Op-Brakes,CityLine,0.0
CL-00309,Accessories,2026-03-06 12:24:44.305840,2026-03-06 12:35:31.830705,Op-Access,CityLine,0.0
CL-00318,Frame & painting,2026-03-06 12:27:06.663346,2026-03-06 12:41:20.624594,Op-Paint,CityLine,0.0
CL-00309,Final inspection,2026-03-06 12:35:31.830705,2026-03-06 12:44:49.093933,Op-Inspect,CityLine,0.0
CL-00265,Paint rework,2026-03-06 12:41:20.624594,2026-03-06 12:45:22.668459,Op-Paint,CityLine,30.0
CL-00318,Fork & steering,2026-03-06 12:41:20.624594,2026-03-06 12:45:38.170263,Op-Fork,CityLine,0.0
CL-00310,Accessories,2026-03-06 12:35:31.830705,2026-03-06 12:49:19.718275,Op-Access,CityLine,0.0
CL-00312,Transmission,2026-03-06 12:26:34.065881,2026-03-06 12:50:16.641775,Op-Trans,CityLine,0.0
CL-00309,Final adjustment,2026-03-06 12:44:49.093933,2026-03-06 12:51:45.871824,Op-Inspect,CityLine,0.0
CL-00319,Frame & painting,2026-03-06 12:45:22.668459,2026-03-06 12:52:17.656866,Op-Paint,CityLine,0.0
CL-00265,Fork & steering,2026-03-06 12:45:38.170263,2026-03-06 12:53:01.660996,Op-Fork,CityLine,0.0
CL-00317,Wheels,2026-03-06 12:31:56.214823,2026-03-06 12:54:07.520473,Op-Wheels,CityLine,0.0
CL-00310,Final inspection,2026-03-06 12:51:45.871824,2026-03-06 12:57:26.191246,Op-Inspect,CityLine,0.0
CL-00368,Order released,2026-03-06 12:57:26.191246,2026-03-06 12:57:26.191246,Planner,CityLine,0.0
CL-00319,Fork & steering,2026-03-06 12:53:01.660996,2026-03-06 12:59:25.885940,Op-Fork,CityLine,0.0
CL-00313,Transmission,2026-03-06 12:50:16.641775,2026-03-06 13:00:31.053996,Op-Trans,CityLine,0.0
CL-00312,Brakes,2026-03-06 12:50:16.641775,2026-03-06 13:04:14.403165,Op-Brakes,CityLine,0.0
CL-00309,Final inspection,2026-03-06 12:57:26.191246,2026-03-06 13:06:26.172326,Op-Inspect,CityLine,0.0
CL-00369,Order released,2026-03-06 13:06:26.172326,2026-03-06 13:06:26.172326,Planner,CityLine,0.0
CL-00318,Wheels,2026-03-06 12:54:07.520473,2026-03-06 13:06:37.463397,Op-Wheels,CityLine,0.0
CL-00262,Transmission,2026-03-06 13:00:31.053996,2026-03-06 13:11:51.700703,Op-Trans,CityLine,0.0
CL-00313,Brakes,2026-03-06 13:04:14.403165,2026-03-06 13:12:42.976095,Op-Brakes,CityLine,0.0
CL-00312,Accessories,2026-03-06 13:04:14.403165,2026-03-06 13:16:38.645006,Op-Access,CityLine,0.0
CL-00265,Wheels,2026-03-06 13:06:37.463397,2026-03-06 13:17:57.569313,Op-Wheels,CityLine,0.0
CL-00320,Color change,2026-03-06 12:52:17.656866,2026-03-06 13:21:06.526112,Op-Paint,CityLine,0.0
CL-00312,Final inspection,2026-03-06 13:16:38.645006,2026-03-06 13:21:36.209756,Op-Inspect,CityLine,0.0
CL-00370,Order released,2026-03-06 13:21:36.209756,2026-03-06 13:21:36.209756,Planner,CityLine,0.0
CL-00313,Accessories,2026-03-06 13:16:38.645006,2026-03-06 13:22:00.762947,Op-Access,CityLine,0.0
CL-00262,Brakes,2026-03-06 13:12:42.976095,2026-03-06 13:25:25.029521,Op-Brakes,CityLine,0.0
CL-00313,Final inspection,2026-03-06 13:22:00.762947,2026-03-06 13:28:31.200907,Op-Inspect,CityLine,0.0
CL-00371,Order released,2026-03-06 13:28:31.200907,2026-03-06 13:28:31.200907,Planner,CityLine,0.0
CL-00262,Accessories,2026-03-06 13:25:25.029521,2026-03-06 13:30:41.148981,Op-Access,CityLine,0.0
CL-00314,Transmission,2026-03-06 13:11:51.700703,2026-03-06 13:31:38.988208,Op-Trans,CityLine,0.0
CL-00319,Wheels,2026-03-06 13:17:57.569313,2026-03-06 13:31:55.558979,Op-Wheels,CityLine,0.0
CL-00320,Frame & painting,2026-03-06 13:21:06.526112,2026-03-06 13:33:47.665115,Op-Paint,CityLine,0.0
CL-00262,Final inspection,2026-03-06 13:30:41.148981,2026-03-06 13:38:06.443437,Op-Inspect,CityLine,0.0
CL-00372,Order released,2026-03-06 13:38:06.443437,2026-03-06 13:38:06.443437,Planner,CityLine,0.0
CL-00320,Fork & steering,2026-03-06 13:33:47.665115,2026-03-06 13:40:31.619309,Op-Fork,CityLine,0.0
CL-00314,Brakes,2026-03-06 13:31:38.988208,2026-03-06 13:40:44.309695,Op-Brakes,CityLine,0.0
CL-00268,Paint rework,2026-03-06 13:33:47.665115,2026-03-06 13:41:37.571225,Op-Paint,CityLine,30.0
CL-00321,Frame & painting,2026-03-06 13:41:37.571225,2026-03-06 13:45:19.978641,Op-Paint,CityLine,0.0
CL-00314,Accessories,2026-03-06 13:40:44.309695,2026-03-06 13:47:55.721408,Op-Access,CityLine,0.0
CL-00268,Fork & steering,2026-03-06 13:41:37.571225,2026-03-06 13:50:15.755686,Op-Fork,CityLine,0.0
CL-00314,Final inspection,2026-03-06 13:47:55.721408,2026-03-06 13:52:55.857648,Op-Inspect,CityLine,0.0
CL-00373,Order released,2026-03-06 13:52:55.857648,2026-03-06 13:52:55.857648,Planner,CityLine,0.0
CL-00322,Frame & painting,2026-03-06 13:45:19.978641,2026-03-06 13:53:49.124883,Op-Paint,CityLine,0.0
CL-00320,Wheels,2026-03-06 13:40:31.619309,2026-03-06 13:58:29.132933,Op-Wheels,CityLine,0.0
CL-00323,Frame & painting,2026-03-06 13:53:49.124883,2026-03-06 13:58:44.294608,Op-Paint,CityLine,0.0
CL-00315,Transmission,2026-03-06 13:31:38.988208,2026-03-06 14:00:59.705339,Op-Trans,CityLine,0.0
CL-00321,Fork & steering,2026-03-06 13:50:15.755686,2026-03-06 14:01:10.100096,Op-Fork,CityLine,0.0
CL-00271,Paint rework,2026-03-06 13:58:44.294608,2026-03-06 14:02:25.425100,Op-Paint,CityLine,30.0
CL-00268,Wheels,2026-03-06 13:58:29.132933,2026-03-06 14:05:33.099513,Op-Wheels,CityLine,0.0
CL-00315,Brakes,2026-03-06 14:00:59.705339,2026-03-06 14:09:43.432977,Op-Brakes,CityLine,0.0
CL-00321,Wheels,2026-03-06 14:05:33.099513,2026-03-06 14:14:08.558027,Op-Wheels,CityLine,0.0
CL-00324,Frame & painting,2026-03-06 14:02:25.425100,2026-03-06 14:14:40.835473,Op-Paint,CityLine,0.0
CL-00323,Fork & steering,2026-03-06 14:01:10.100096,2026-03-06 14:14:49.630533,Op-Fork,CityLine,0.0
CL-00317,Transmission,2026-03-06 14:00:59.705339,2026-03-06 14:15:38.572975,Op-Trans,CityLine,0.0
CL-00271,Fork & steering,2026-03-06 14:14:49.630533,2026-03-06 14:21:24.259649,Op-Fork,CityLine,0.0
CL-00315,Accessories,2026-03-06 14:09:43.432977,2026-03-06 14:22:57.561011,Op-Access,CityLine,0.0
CL-00317,Brakes,2026-03-06 14:15:38.572975,2026-03-06 14:23:37.641486,Op-Brakes,CityLine,0.0
CL-00315,Final inspection,2026-03-06 14:22:57.561011,2026-03-06 14:28:32.614902,Op-Inspect,CityLine,0.0
CL-00324,Fork & steering,2026-03-06 14:21:24.259649,2026-03-06 14:29:42.103742,Op-Fork,CityLine,0.0
CL-00323,Wheels,2026-03-06 14:14:49.630533,2026-03-06 14:29:46.851857,Op-Wheels,CityLine,0.0
CL-00318,Transmission,2026-03-06 14:15:38.572975,2026-03-06 14:31:13.715645,Op-Trans,CityLine,0.0
CL-00317,Accessories,2026-03-06 14:23:37.641486,2026-03-06 14:33:52.935497,Op-Access,CityLine,0.0
CL-00315,Final adjustment,2026-03-06 14:28:32.614902,2026-03-06 14:39:01.959258,Op-Inspect,CityLine,0.0
CL-00271,Wheels,2026-03-06 14:29:46.851857,2026-03-06 14:41:50.850176,Op-Wheels,CityLine,0.0
CL-00318,Brakes,2026-03-06 14:31:13.715645,2026-03-06 14:42:19.364266,Op-Brakes,CityLine,0.0
CL-00265,Transmission,2026-03-06 14:31:13.715645,2026-03-06 14:45:40.223944,Op-Trans,CityLine,0.0
CL-00317,Final inspection,2026-03-06 14:39:01.959258,2026-03-06 14:45:59.336357,Op-Inspect,CityLine,0.0
CL-00374,Order released,2026-03-06 14:45:59.336357,2026-03-06 14:45:59.336357,Planner,CityLine,0.0
CL-00315,Final inspection,2026-03-06 14:45:59.336357,2026-03-06 14:53:46.754689,Op-Inspect,CityLine,0.0
CL-00375,Order released,2026-03-06 14:53:46.754689,2026-03-06 14:53:46.754689,Planner,CityLine,0.0
CL-00324,Wheels,2026-03-06 14:41:50.850176,2026-03-06 14:54:21.930967,Op-Wheels,CityLine,0.0
CL-00318,Accessories,2026-03-06 14:42:19.364266,2026-03-06 14:59:26.649962,Op-Access,CityLine,0.0
CL-00265,Brakes,2026-03-06 14:45:40.223944,2026-03-06 15:01:15.477268,Op-Brakes,CityLine,0.0
CL-00318,Final inspection,2026-03-06 14:59:26.649962,2026-03-06 15:04:07.968870,Op-Inspect,CityLine,0.0
CL-00376,Order released,2026-03-06 15:04:07.968870,2026-03-06 15:04:07.968870,Planner,CityLine,0.0
CL-00265,Accessories,2026-03-06 15:01:15.477268,2026-03-06 15:08:33.771571,Op-Access,CityLine,0.0
CL-00319,Transmission,2026-03-06 14:45:40.223944,2026-03-06 15:09:03.116386,Op-Trans,CityLine,0.0
CL-00325,Color change,2026-03-06 14:14:40.835473,2026-03-06 15:13:12.295290,Op-Paint,CityLine,0.0
CL-00265,Final inspection,2026-03-06 15:08:33.771571,2026-03-06 15:14:47.401892,Op-Inspect,CityLine,0.0
CL-00377,Order released,2026-03-06 15:14:47.401892,2026-03-06 15:14:47.401892,Planner,CityLine,0.0
CL-00325,Frame & painting,2026-03-06 15:13:12.295290,2026-03-06 15:19:09.109590,Op-Paint,CityLine,0.0
CL-00319,Brakes,2026-03-06 15:09:03.116386,2026-03-06 15:20:55.388156,Op-Brakes,CityLine,0.0
CL-00319,Accessories,2026-03-06 15:20:55.388156,2026-03-06 15:25:50.620031,Op-Access,CityLine,0.0
CL-00325,Fork & steering,2026-03-06 15:19:09.109590,2026-03-06 15:30:15.536709,Op-Fork,CityLine,0.0
CL-00326,Frame & painting,2026-03-06 15:19:09.109590,2026-03-06 15:31:25.842976,Op-Paint,CityLine,0.0
CL-00319,Final inspection,2026-03-06 15:25:50.620031,2026-03-06 15:31:47.008873,Op-Inspect,CityLine,0.0
CL-00378,Order released,2026-03-06 15:31:47.008873,2026-03-06 15:31:47.008873,Planner,CityLine,0.0
CL-00320,Transmission,2026-03-06 15:09:03.116386,2026-03-06 15:33:20.185984,Op-Trans,CityLine,0.0
CL-00325,Wheels,2026-03-06 15:30:15.536709,2026-03-06 15:41:14.538189,Op-Wheels,CityLine,0.0
CL-00327,Frame & painting,2026-03-06 15:31:25.842976,2026-03-06 15:44:17.491550,Op-Paint,CityLine,0.0
CL-00320,Brakes,2026-03-06 15:33:20.185984,2026-03-06 15:44:54.743257,Op-Brakes,CityLine,0.0
CL-00268,Transmission,2026-03-06 15:33:20.185984,2026-03-06 15:46:40.853955,Op-Trans,CityLine,0.0
CL-00320,Accessories,2026-03-06 15:44:54.743257,2026-03-06 15:49:23.232462,Op-Access,CityLine,0.0
CL-00327,Fork & steering,2026-03-06 15:44:17.491550,2026-03-06 15:51:53.477854,Op-Fork,CityLine,0.0
CL-00328,Frame & painting,2026-03-06 15:44:17.491550,2026-03-06 15:53:37.169576,Op-Paint,CityLine,0.0
CL-00320,Final inspection,2026-03-06 15:49:23.232462,2026-03-06 15:55:23.492819,Op-Inspect,CityLine,0.0
CL-00379,Order released,2026-03-06 15:55:23.492819,2026-03-06 15:55:23.492819,Planner,CityLine,0.0
CL-00268,Brakes,2026-03-06 15:46:40.853955,2026-03-06 15:56:34.540846,Op-Brakes,CityLine,0.0
CL-00328,Fork & steering,2026-03-06 15:53:37.169576,2026-03-06 15:58:51.117648,Op-Fork,CityLine,0.0
CL-00329,Frame & painting,2026-03-06 15:53:37.169576,2026-03-06 15:59:02.784635,Op-Paint,CityLine,0.0
CL-00327,Wheels,2026-03-06 15:51:53.477854,2026-03-06 16:01:26.288784,Op-Wheels,CityLine,0.0
CL-00329,Fork & steering,2026-03-06 15:59:02.784635,2026-03-06 16:03:37.816569,Op-Fork,CityLine,0.0
CL-00321,Transmission,2026-03-06 15:46:40.853955,2026-03-06 16:03:47.057207,Op-Trans,CityLine,0.0
CL-00277,Paint rework,2026-03-06 15:59:02.784635,2026-03-06 16:06:01.426706,Op-Paint,CityLine,30.0
CL-00277,Fork & steering,2026-03-06 16:06:01.426706,2026-03-06 16:11:33.138492,Op-Fork,CityLine,0.0
CL-00268,Accessories,2026-03-06 15:56:34.540846,2026-03-06 16:11:39.106246,Op-Access,CityLine,0.0
CL-00328,Wheels,2026-03-06 16:01:26.288784,2026-03-06 16:12:46.022162,Op-Wheels,CityLine,0.0
CL-00321,Brakes,2026-03-06 16:03:47.057207,2026-03-06 16:15:48.925095,Op-Brakes,CityLine,0.0
CL-00268,Final inspection,2026-03-06 16:11:39.106246,2026-03-06 16:20:23.977539,Op-Inspect,CityLine,0.0
CL-00380,Order released,2026-03-06 16:20:23.977539,2026-03-06 16:20:23.977539,Planner,CityLine,0.0
CL-00329,Wheels,2026-03-06 16:12:46.022162,2026-03-06 16:20:39.718204,Op-Wheels,CityLine,0.0
CL-00321,Accessories,2026-03-06 16:15:48.925095,2026-03-06 16:23:22.181409,Op-Access,CityLine,0.0
CL-00323,Transmission,2026-03-06 16:03:47.057207,2026-03-06 16:23:56.415468,Op-Trans,CityLine,0.0
CL-00321,Final inspection,2026-03-06 16:23:22.181409,2026-03-06 16:28:53.873337,Op-Inspect,CityLine,0.0
CL-00323,Brakes,2026-03-06 16:23:56.415468,2026-03-06 16:31:56.938797,Op-Brakes,CityLine,0.0
CL-00321,Final adjustment,2026-03-06 16:28:53.873337,2026-03-06 16:32:50.337264,Op-Inspect,CityLine,0.0
CL-00277,Wheels,2026-03-06 16:20:39.718204,2026-03-06 16:36:35.693846,Op-Wheels,CityLine,0.0
CL-00321,Final inspection,2026-03-06 16:32:50.337264,2026-03-06 16:37:39.474724,Op-Inspect,CityLine,0.0
CL-00381,Order released,2026-03-06 16:37:39.474724,2026-03-06 16:37:39.474724,Planner,CityLine,0.0
CL-00323,Accessories,2026-03-06 16:31:56.938797,2026-03-06 16:41:05.363216,Op-Access,CityLine,0.0
CL-00271,Transmission,2026-03-06 16:23:56.415468,2026-03-06 16:41:41.503372,Op-Trans,CityLine,0.0
CL-00323,Final inspection,2026-03-06 16:41:05.363216,2026-03-06 16:45:21.759609,Op-Inspect,CityLine,0.0
CL-00382,Order released,2026-03-06 16:45:21.759609,2026-03-06 16:45:21.759609,Planner,CityLine,0.0
CL-00330,Color change,2026-03-06 16:06:01.426706,2026-03-06 16:48:28.834823,Op-Paint,CityLine,0.0
CL-00271,Brakes,2026-03-06 16:41:41.503372,2026-03-06 16:53:08.048821,Op-Brakes,CityLine,0.0
CL-00324,Transmission,2026-03-06 16:41:41.503372,2026-03-06 16:56:55.892706,Op-Trans,CityLine,0.0
CL-00330,Frame & painting,2026-03-06 16:48:28.834823,2026-03-06 16:59:22.133550,Op-Paint,CityLine,0.0
CL-00271,Accessories,2026-03-06 16:53:08.048821,2026-03-06 17:00:55.385428,Op-Access,CityLine,0.0
CL-00324,Brakes,2026-03-06 16:56:55.892706,2026-03-06 17:03:39.012422,Op-Brakes,CityLine,0.0
CL-00330,Fork & steering,2026-03-06 16:59:22.133550,2026-03-06 17:06:53.912170,Op-Fork,CityLine,0.0
CL-00331,Frame & painting,2026-03-06 16:59:22.133550,2026-03-06 17:07:02.666060,Op-Paint,CityLine,0.0
CL-00325,Transmission,2026-03-06 16:56:55.892706,2026-03-06 17:07:05.219316,Op-Trans,CityLine,0.0
CL-00271,Final inspection,2026-03-06 17:00:55.385428,2026-03-06 17:09:05.681428,Op-Inspect,CityLine,0.0
CL-00324,Accessories,2026-03-06 17:03:39.012422,2026-03-06 17:11:22.542819,Op-Access,CityLine,0.0
CL-00330,Wheels,2026-03-06 17:06:53.912170,2026-03-06 17:14:22.639519,Op-Wheels,CityLine,0.0
CL-00331,Fork & steering,2026-03-06 17:07:02.666060,2026-03-06 17:15:11.872926,Op-Fork,CityLine,0.0
CL-00332,Frame & painting,2026-03-06 17:07:02.666060,2026-03-06 17:17:35.109873,Op-Paint,CityLine,0.0
CL-00271,Final adjustment,2026-03-06 17:09:05.681428,2026-03-06 17:18:54.810916,Op-Inspect,CityLine,0.0
CL-00327,Transmission,2026-03-06 17:07:05.219316,2026-03-06 17:20:27.233616,Op-Trans,CityLine,0.0
CL-00332,Fork & steering,2026-03-06 17:17:35.109873,2026-03-06 17:22:02.672703,Op-Fork,CityLine,0.0
CL-00324,Final inspection,2026-03-06 17:18:54.810916,2026-03-06 17:23:30.006623,Op-Inspect,CityLine,0.0
CL-00383,Order released,2026-03-06 17:23:30.006623,2026-03-06 17:23:30.006623,Planner,CityLine,0.0
CL-00331,Wheels,2026-03-06 17:15:11.872926,2026-03-06 17:25:29.879005,Op-Wheels,CityLine,0.0
CL-00333,Frame & painting,2026-03-06 17:17:35.109873,2026-03-06 17:25:31.148040,Op-Paint,CityLine,0.0
CL-00325,Brakes,2026-03-06 17:07:05.219316,2026-03-06 17:28:32.137790,Op-Brakes,CityLine,0.0
CL-00281,Paint rework,2026-03-06 17:25:31.148040,2026-03-06 17:29:32.032713,Op-Paint,CityLine,30.0
CL-00328,Transmission,2026-03-06 17:20:27.233616,2026-03-06 17:29:47.030576,Op-Trans,CityLine,0.0
CL-00271,Final inspection,2026-03-06 17:23:30.006623,2026-03-06 17:31:33.446616,Op-Inspect,CityLine,0.0
CL-00384,Order released,2026-03-06 17:31:33.446616,2026-03-06 17:31:33.446616,Planner,CityLine,0.0
CL-00333,Fork & steering,2026-03-06 17:25:31.148040,2026-03-06 17:32:25.843800,Op-Fork,CityLine,0.0
CL-00325,Accessories,2026-03-06 17:28:32.137790,2026-03-06 17:35:42.981186,Op-Access,CityLine,0.0
CL-00281,Fork & steering,2026-03-06 17:32:25.843800,2026-03-06 17:36:56.477040,Op-Fork,CityLine,0.0
CL-00332,Wheels,2026-03-06 17:25:29.879005,2026-03-06 17:38:14.052661,Op-Wheels,CityLine,0.0
CL-00325,Final inspection,2026-03-06 17:35:42.981186,2026-03-06 17:40:02.377881,Op-Inspect,CityLine,0.0
CL-00385,Order released,2026-03-06 17:40:02.377881,2026-03-06 17:40:02.377881,Planner,CityLine,0.0
CL-00327,Brakes,2026-03-06 17:28:32.137790,2026-03-06 17:41:30.429531,Op-Brakes,CityLine,0.0
CL-00334,Frame & painting,2026-03-06 17:29:32.032713,2026-03-06 17:42:01.662017,Op-Paint,CityLine,0.0
CL-00329,Transmission,2026-03-06 17:29:47.030576,2026-03-06 17:42:57.101177,Op-Trans,CityLine,0.0
CL-00334,Fork & steering,2026-03-06 17:42:01.662017,2026-03-06 17:46:29.549471,Op-Fork,CityLine,0.0
CL-00277,Transmission,2026-03-06 17:42:57.101177,2026-03-06 17:51:23.338989,Op-Trans,CityLine,0.0
CL-00333,Wheels,2026-03-06 17:38:14.052661,2026-03-06 17:51:26.956711,Op-Wheels,CityLine,0.0
CL-00328,Brakes,2026-03-06 17:41:30.429531,2026-03-06 17:54:54.115563,Op-Brakes,CityLine,0.0
CL-00327,Accessories,2026-03-06 17:41:30.429531,2026-03-06 17:56:29.956287,Op-Access,CityLine,0.0
CL-00281,Wheels,2026-03-06 17:51:26.956711,2026-03-06 18:00:38.511564,Op-Wheels,CityLine,0.0
CL-00329,Brakes,2026-03-06 17:54:54.115563,2026-03-06 18:02:40.754514,Op-Brakes,CityLine,0.0
CL-00327,Final inspection,2026-03-06 17:56:29.956287,2026-03-06 18:03:15.306981,Op-Inspect,CityLine,0.0
CL-00386,Express release,2026-03-06 18:03:15.306981,2026-03-06 18:03:15.306981,Planner,CityLine,0.0
CL-00328,Accessories,2026-03-06 17:56:29.956287,2026-03-06 18:05:19.983092,Op-Access,CityLine,0.0
CL-00330,Transmission,2026-03-06 17:51:23.338989,2026-03-06 18:08:55.399534,Op-Trans,CityLine,0.0
CL-00328,Final inspection,2026-03-06 18:05:19.983092,2026-03-06 18:11:41.161950,Op-Inspect,CityLine,0.0
CL-00387,Order released,2026-03-06 18:11:41.161950,2026-03-06 18:11:41.161950,Planner,CityLine,0.0
CL-00277,Brakes,2026-03-06 18:02:40.754514,2026-03-06 18:14:32.633866,Op-Brakes,CityLine,0.0
CL-00334,Wheels,2026-03-06 18:00:38.511564,2026-03-06 18:14:57.284195,Op-Wheels,CityLine,0.0
CL-00329,Accessories,2026-03-06 18:05:19.983092,2026-03-06 18:17:31.844310,Op-Access,CityLine,0.0
CL-00331,Transmission,2026-03-06 18:08:55.399534,2026-03-06 18:20:57.312567,Op-Trans,CityLine,0.0
CL-00335,Color change,2026-03-06 17:42:01.662017,2026-03-06 18:22:59.509125,Op-Paint,CityLine,0.0
CL-00329,Final inspection,2026-03-06 18:17:31.844310,2026-03-06 18:25:25.734676,Op-Inspect,CityLine,0.0
CL-00388,Order released,2026-03-06 18:25:25.734676,2026-03-06 18:25:25.734676,Planner,CityLine,0.0
CL-00330,Brakes,2026-03-06 18:14:32.633866,2026-03-06 18:27:26.137722,Op-Brakes,CityLine,0.0
CL-00335,Frame & painting,2026-03-06 18:22:59.509125,2026-03-06 18:27:28.028348,Op-Paint,CityLine,0.0
CL-00335,Fork & steering,2026-03-06 18:27:28.028348,2026-03-06 18:32:21.311627,Op-Fork,CityLine,0.0
CL-00277,Accessories,2026-03-06 18:17:31.844310,2026-03-06 18:33:36.625529,Op-Access,CityLine,0.0
CL-00331,Brakes,2026-03-06 18:27:26.137722,2026-03-06 18:37:31.355339,Op-Brakes,CityLine,0.0
CL-00336,Frame & painting,2026-03-06 18:27:28.028348,2026-03-06 18:38:45.269172,Op-Paint,CityLine,0.0
CL-00277,Final inspection,2026-03-06 18:33:36.625529,2026-03-06 18:40:26.777225,Op-Inspect,CityLine,0.0
CL-00389,Order released,2026-03-06 18:40:26.777225,2026-03-06 18:40:26.777225,Planner,CityLine,0.0
CL-00335,Wheels,2026-03-06 18:32:21.311627,2026-03-06 18:40:40.524855,Op-Wheels,CityLine,0.0
CL-00330,Accessories,2026-03-06 18:33:36.625529,2026-03-06 18:41:19.387914,Op-Access,CityLine,0.0
CL-00332,Transmission,2026-03-06 18:20:57.312567,2026-03-06 18:42:55.375672,Op-Trans,CityLine,0.0
CL-00337,Frame & painting,2026-03-06 18:38:45.269172,2026-03-06 18:48:20.609714,Op-Paint,CityLine,0.0
CL-00331,Accessories,2026-03-06 18:41:19.387914,2026-03-06 18:48:55.152932,Op-Access,CityLine,0.0
CL-00330,Final inspection,2026-03-06 18:41:19.387914,2026-03-06 18:50:56.738634,Op-Inspect,CityLine,0.0
CL-00390,Order released,2026-03-06 18:50:56.738634,2026-03-06 18:50:56.738634,Planner,CityLine,0.0
CL-00332,Brakes,2026-03-06 18:42:55.375672,2026-03-06 18:52:44.267895,Op-Brakes,CityLine,0.0
CL-00336,Fork & steering,2026-03-06 18:38:45.269172,2026-03-06 18:53:34.052948,Op-Fork,CityLine,0.0
CL-00338,Frame & painting,2026-03-06 18:48:20.609714,2026-03-06 18:57:39.702859,Op-Paint,CityLine,0.0
CL-00332,Accessories,2026-03-06 18:52:44.267895,2026-03-06 19:03:35.562712,Op-Access,CityLine,0.0
CL-00331,Final inspection,2026-03-06 18:50:56.738634,2026-03-06 19:03:43.558091,Op-Inspect,CityLine,0.0
CL-00391,Order released,2026-03-06 19:03:43.558091,2026-03-06 19:03:43.558091,Planner,CityLine,0.0
CL-00339,Frame & painting,2026-03-06 18:57:39.702859,2026-03-06 19:04:30.678480,Op-Paint,CityLine,0.0
CL-00338,Fork & steering,2026-03-06 18:57:39.702859,2026-03-06 19:05:50.653065,Op-Fork,CityLine,0.0
CL-00333,Transmission,2026-03-06 18:42:55.375672,2026-03-06 19:06:19.509987,Op-Trans,CityLine,0.0
CL-00332,Final inspection,2026-03-06 19:03:43.558091,2026-03-06 19:10:33.940040,Op-Inspect,CityLine,0.0
CL-00392,Order released,2026-03-06 19:10:33.940040,2026-03-06 19:10:33.940040,Planner,CityLine,0.0
CL-00336,Wheels,2026-03-06 18:53:34.052948,2026-03-06 19:10:37.961829,Op-Wheels,CityLine,0.0
CL-00339,Fork & steering,2026-03-06 19:05:50.653065,2026-03-06 19:14:46.083355,Op-Fork,CityLine,0.0
CL-00338,Wheels,2026-03-06 19:10:37.961829,2026-03-06 19:24:54.397693,Op-Wheels,CityLine,0.0
CL-00333,Brakes,2026-03-06 19:06:19.509987,2026-03-06 19:29:10.200246,Op-Brakes,CityLine,0.0
CL-00339,Wheels,2026-03-06 19:24:54.397693,2026-03-06 19:31:02.791820,Op-Wheels,CityLine,0.0
CL-00340,Color change,2026-03-06 19:04:30.678480,2026-03-06 19:31:04.238344,Op-Paint,CityLine,0.0
CL-00281,Transmission,2026-03-06 19:06:19.509987,2026-03-06 19:32:59.362870,Op-Trans,CityLine,0.0
CL-00333,Accessories,2026-03-06 19:29:10.200246,2026-03-06 19:36:49.967318,Op-Access,CityLine,0.0
CL-00340,Frame & painting,2026-03-06 19:31:04.238344,2026-03-06 19:36:58.359595,Op-Paint,CityLine,0.0
CL-00340,Fork & steering,2026-03-06 19:36:58.359595,2026-03-06 19:40:37.428802,Op-Fork,CityLine,0.0
CL-00333,Final inspection,2026-03-06 19:36:49.967318,2026-03-06 19:41:04.000128,Op-Inspect,CityLine,0.0
CL-00393,Order released,2026-03-06 19:41:04.000128,2026-03-06 19:41:04.000128,Planner,CityLine,0.0
CL-00341,Frame & painting,2026-03-06 19:36:58.359595,2026-03-06 19:45:43.362921,Op-Paint,CityLine,0.0
CL-00281,Brakes,2026-03-06 19:32:59.362870,2026-03-06 19:49:25.585914,Op-Brakes,CityLine,0.0
CL-00334,Transmission,2026-03-06 19:32:59.362870,2026-03-06 19:53:13.304997,Op-Trans,CityLine,0.0
CL-00340,Wheels,2026-03-06 19:40:37.428802,2026-03-06 19:55:54.601923,Op-Wheels,CityLine,0.0
CL-00341,Fork & steering,2026-03-06 19:45:43.362921,2026-03-06 19:56:14.398867,Op-Fork,CityLine,0.0
CL-00342,Frame & painting,2026-03-06 19:45:43.362921,2026-03-06 20:00:27.386482,Op-Paint,CityLine,0.0
CL-00281,Accessories,2026-03-06 19:49:25.585914,2026-03-06 20:00:51.678665,Op-Access,CityLine,0.0
CL-00281,Final inspection,2026-03-06 20:00:51.678665,2026-03-06 20:05:38.175692,Op-Inspect,CityLine,0.0
CL-00394,Order released,2026-03-06 20:05:38.175692,2026-03-06 20:05:38.175692,Planner,CityLine,0.0
CL-00343,Frame & painting,2026-03-06 20:00:27.386482,2026-03-06 20:06:42.421554,Op-Paint,CityLine,0.0
CL-00342,Fork & steering,2026-03-06 20:00:27.386482,2026-03-06 20:07:25.332870,Op-Fork,CityLine,0.0
CL-00341,Wheels,2026-03-06 19:56:14.398867,2026-03-06 20:07:36.190534,Op-Wheels,CityLine,0.0
CL-00334,Brakes,2026-03-06 19:53:13.304997,2026-03-06 20:09:34.796362,Op-Brakes,CityLine,0.0
CL-00335,Transmission,2026-03-06 19:53:13.304997,2026-03-06 20:14:44.932890,Op-Trans,CityLine,0.0
CL-00344,Frame & painting,2026-03-06 20:06:42.421554,2026-03-06 20:16:00.746977,Op-Paint,CityLine,0.0
CL-00334,Accessories,2026-03-06 20:09:34.796362,2026-03-06 20:17:25.916080,Op-Access,CityLine,0.0
CL-00343,Fork & steering,2026-03-06 20:07:25.332870,2026-03-06 20:18:02.560788,Op-Fork,CityLine,0.0
CL-00342,Wheels,2026-03-06 20:07:36.190534,2026-03-06 20:22:35.261400,Op-Wheels,CityLine,0.0
CL-00334,Final inspection,2026-03-06 20:17:25.916080,2026-03-06 20:24:24.712121,Op-Inspect,CityLine,0.0
CL-00395,Order released,2026-03-06 20:24:24.712121,2026-03-06 20:24:24.712121,Planner,CityLine,0.0
CL-00335,Brakes,2026-03-06 20:14:44.932890,2026-03-06 20:28:36.764707,Op-Brakes,CityLine,0.0
CL-00336,Transmission,2026-03-06 20:14:44.932890,2026-03-06 20:30:11.725683,Op-Trans,CityLine,0.0
CL-00344,Fork & steering,2026-03-06 20:18:02.560788,2026-03-06 20:31:15.910473,Op-Fork,CityLine,0.0
CL-00343,Wheels,2026-03-06 20:22:35.261400,2026-03-06 20:32:20.988052,Op-Wheels,CityLine,0.0
CL-00335,Accessories,2026-03-06 20:28:36.764707,2026-03-06 20:34:35.075840,Op-Access,CityLine,0.0
CL-00338,Transmission,2026-03-06 20:30:11.725683,2026-03-06 20:40:38.568662,Op-Trans,CityLine,0.0
CL-00344,Wheels,2026-03-06 20:32:20.988052,2026-03-06 20:40:44.590317,Op-Wheels,CityLine,0.0
CL-00336,Brakes,2026-03-06 20:30:11.725683,2026-03-06 20:43:40.145463,Op-Brakes,CityLine,0.0
CL-00335,Final inspection,2026-03-06 20:34:35.075840,2026-03-06 20:44:06.513526,Op-Inspect,CityLine,0.0
CL-00396,Order released,2026-03-06 20:44:06.513526,2026-03-06 20:44:06.513526,Planner,CityLine,0.0
CL-00336,Accessories,2026-03-06 20:43:40.145463,2026-03-06 20:51:19.713120,Op-Access,CityLine,0.0
CL-00338,Brakes,2026-03-06 20:43:40.145463,2026-03-06 20:56:51.100747,Op-Brakes,CityLine,0.0
CL-00339,Transmission,2026-03-06 20:40:38.568662,2026-03-06 20:59:35.161026,Op-Trans,CityLine,0.0
CL-00336,Final inspection,2026-03-06 20:51:19.713120,2026-03-06 20:59:35.305412,Op-Inspect,CityLine,0.0
CL-00397,Order released,2026-03-06 20:59:35.305412,2026-03-06 20:59:35.305412,Planner,CityLine,0.0
CL-00338,Accessories,2026-03-06 20:56:51.100747,2026-03-06 21:03:29.131592,Op-Access,CityLine,0.0
CL-00345,Color change,2026-03-06 20:16:00.746977,2026-03-06 21:07:33.765629,Op-Paint,CityLine,0.0
CL-00339,Brakes,2026-03-06 20:59:35.161026,2026-03-06 21:11:04.121532,Op-Brakes,CityLine,0.0
CL-00345,Frame & painting,2026-03-06 21:07:33.765629,2026-03-06 21:13:51.601142,Op-Paint,CityLine,0.0
CL-00340,Transmission,2026-03-06 20:59:35.161026,2026-03-06 21:14:40.548116,Op-Trans,CityLine,0.0
CL-00338,Final inspection,2026-03-06 21:03:29.131592,2026-03-06 21:14:44.710287,Op-Inspect,CityLine,0.0
CL-00398,Order released,2026-03-06 21:14:44.710287,2026-03-06 21:14:44.710287,Planner,CityLine,0.0
CL-00345,Fork & steering,2026-03-06 21:13:51.601142,2026-03-06 21:18:19.974952,Op-Fork,CityLine,0.0
CL-00339,Accessories,2026-03-06 21:11:04.121532,2026-03-06 21:20:45.017872,Op-Access,CityLine,0.0
CL-00346,Frame & painting,2026-03-06 21:13:51.601142,2026-03-06 21:22:56.729688,Op-Paint,CityLine,0.0
CL-00339,Final inspection,2026-03-06 21:20:45.017872,2026-03-06 21:24:56.761798,Op-Inspect,CityLine,0.0
CL-00399,Order released,2026-03-06 21:24:56.761798,2026-03-06 21:24:56.761798,Planner,CityLine,0.0
CL-00346,Fork & steering,2026-03-06 21:22:56.729688,2026-03-06 21:29:41.027013,Op-Fork,CityLine,0.0
CL-00341,Transmission,2026-03-06 21:14:40.548116,2026-03-06 21:30:25.400121,Op-Trans,CityLine,0.0
CL-00345,Wheels,2026-03-06 21:18:19.974952,2026-03-06 21:30:31.152963,Op-Wheels,CityLine,0.0
CL-00340,Brakes,2026-03-06 21:14:40.548116,2026-03-06 21:33:55.922613,Op-Brakes,CityLine,0.0
CL-00347,Frame & painting,2026-03-06 21:22:56.729688,2026-03-06 21:35:36.145172,Op-Paint,CityLine,0.0
CL-00346,Wheels,2026-03-06 21:30:31.152963,2026-03-06 21:40:22.320096,Op-Wheels,CityLine,0.0
CL-00340,Accessories,2026-03-06 21:33:55.922613,2026-03-06 21:43:40.746380,Op-Access,CityLine,0.0
CL-00341,Brakes,2026-03-06 21:33:55.922613,2026-03-06 21:44:16.663261,Op-Brakes,CityLine,0.0
CL-00347,Fork & steering,2026-03-06 21:35:36.145172,2026-03-06 21:48:38.081189,Op-Fork,CityLine,0.0
CL-00340,Final inspection,2026-03-06 21:43:40.746380,2026-03-06 21:48:46.820760,Op-Inspect,CityLine,0.0
CL-00400,Order released,2026-03-06 21:48:46.820760,2026-03-06 21:48:46.820760,Planner,CityLine,0.0
CL-00348,Frame & painting,2026-03-06 21:35:36.145172,2026-03-06 21:49:05.089575,Op-Paint,CityLine,0.0
CL-00342,Transmission,2026-03-06 21:30:25.400121,2026-03-06 21:49:20.157413,Op-Trans,CityLine,0.0
CL-00341,Accessories,2026-03-06 21:44:16.663261,2026-03-06 21:54:34.995678,Op-Access,CityLine,0.0
CL-00347,Wheels,2026-03-06 21:48:38.081189,2026-03-06 21:56:42.037849,Op-Wheels,CityLine,0.0
CL-00349,Frame & painting,2026-03-06 21:49:05.089575,2026-03-06 21:57:44.783682,Op-Paint,CityLine,0.0
CL-00348,Fork & steering,2026-03-06 21:49:05.089575,2026-03-06 21:59:25.934390,Op-Fork,CityLine,0.0
CL-00342,Brakes,2026-03-06 21:49:20.157413,2026-03-06 21:59:52.580845,Op-Brakes,CityLine,0.0
CL-00341,Final inspection,2026-03-06 21:54:34.995678,2026-03-06 22:02:38.010590,Op-Inspect,CityLine,0.0
CL-00401,Order released,2026-03-06 22:02:38.010590,2026-03-06 22:02:38.010590,Planner,CityLine,0.0
CL-00348,Wheels,2026-03-06 21:59:25.934390,2026-03-06 22:06:12.391736,Op-Wheels,CityLine,0.0
CL-00349,Fork & steering,2026-03-06 21:59:25.934390,2026-03-06 22:06:33.565109,Op-Fork,CityLine,0.0
CL-00343,Transmission,2026-03-06 21:49:20.157413,2026-03-06 22:08:37.411069,Op-Trans,CityLine,0.0
CL-00342,Accessories,2026-03-06 21:59:52.580845,2026-03-06 22:13:27.704809,Op-Access,CityLine,0.0
CL-00349,Wheels,2026-03-06 22:06:33.565109,2026-03-06 22:13:29.203991,Op-Wheels,CityLine,0.0
CL-00342,Final inspection,2026-03-06 22:13:27.704809,2026-03-06 22:21:55.039939,Op-Inspect,CityLine,0.0
CL-00402,Order released,2026-03-06 22:21:55.039939,2026-03-06 22:21:55.039939,Planner,CityLine,0.0
CL-00343,Brakes,2026-03-06 22:08:37.411069,2026-03-06 22:22:00.325647,Op-Brakes,CityLine,0.0
CL-00343,Accessories,2026-03-06 22:22:00.325647,2026-03-06 22:30:17.616071,Op-Access,CityLine,0.0
CL-00344,Transmission,2026-03-06 22:08:37.411069,2026-03-06 22:31:01.881127,Op-Trans,CityLine,0.0
CL-00343,Final inspection,2026-03-06 22:30:17.616071,2026-03-06 22:35:39.975727,Op-Inspect,CityLine,0.0
CL-00403,Order released,2026-03-06 22:35:39.975727,2026-03-06 22:35:39.975727,Planner,CityLine,0.0
CL-00344,Brakes,2026-03-06 22:31:01.881127,2026-03-06 22:36:58.365445,Op-Brakes,CityLine,0.0
CL-00344,Accessories,2026-03-06 22:36:58.365445,2026-03-06 22:42:21.835668,Op-Access,CityLine,0.0
CL-00345,Transmission,2026-03-06 22:31:01.881127,2026-03-06 22:49:51.880120,Op-Trans,CityLine,0.0
CL-00344,Final inspection,2026-03-06 22:42:21.835668,2026-03-06 22:50:35.443676,Op-Inspect,CityLine,0.0
CL-00404,Order released,2026-03-06 22:50:35.443676,2026-03-06 22:50:35.443676,Planner,CityLine,0.0
CL-00350,Color change,2026-03-06 21:57:44.783682,2026-03-06 22:50:45.105776,Op-Paint,CityLine,0.0
CL-00350,Frame & painting,2026-03-06 22:50:45.105776,2026-03-06 23:00:33.672042,Op-Paint,CityLine,0.0
CL-00350,Fork & steering,2026-03-06 23:00:33.672042,2026-03-06 23:05:53.578749,Op-Fork,CityLine,0.0
CL-00346,Transmission,2026-03-06 22:49:51.880120,2026-03-06 23:07:05.872688,Op-Trans,CityLine,0.0
CL-00351,Frame & painting,2026-03-06 23:00:33.672042,2026-03-06 23:10:40.489727,Op-Paint,CityLine,0.0
CL-00345,Brakes,2026-03-06 22:49:51.880120,2026-03-06 23:12:38.220916,Op-Brakes,CityLine,0.0
CL-00350,Wheels,2026-03-06 23:05:53.578749,2026-03-06 23:13:48.251744,Op-Wheels,CityLine,0.0
CL-00347,Transmission,2026-03-06 23:07:05.872688,2026-03-06 23:21:01.820796,Op-Trans,CityLine,0.0
CL-00345,Accessories,2026-03-06 23:12:38.220916,2026-03-06 23:22:31.776486,Op-Access,CityLine,0.0
CL-00346,Brakes,2026-03-06 23:12:38.220916,2026-03-06 23:22:36.138490,Op-Brakes,CityLine,0.0
CL-00351,Fork & steering,2026-03-06 23:10:40.489727,2026-03-06 23:22:36.728997,Op-Fork,CityLine,0.0
CL-00352,Frame & painting,2026-03-06 23:10:40.489727,2026-03-06 23:28:05.076803,Op-Paint,CityLine,0.0
CL-00345,Final inspection,2026-03-06 23:22:31.776486,2026-03-06 23:28:14.571696,Op-Inspect,CityLine,0.0
CL-00405,Order released,2026-03-06 23:28:14.571696,2026-03-06 23:28:14.571696,Planner,CityLine,0.0
CL-00347,Brakes,2026-03-06 23:22:36.138490,2026-03-06 23:28:47.843352,Op-Brakes,CityLine,0.0
CL-00346,Accessories,2026-03-06 23:22:36.138490,2026-03-06 23:29:35.879867,Op-Access,CityLine,0.0
CL-00346,Final inspection,2026-03-06 23:29:35.879867,2026-03-06 23:36:21.865316,Op-Inspect,CityLine,0.0
CL-00406,Order released,2026-03-06 23:36:21.865316,2026-03-06 23:36:21.865316,Planner,CityLine,0.0
CL-00351,Wheels,2026-03-06 23:22:36.728997,2026-03-06 23:39:18.020812,Op-Wheels,CityLine,0.0
CL-00347,Accessories,2026-03-06 23:29:35.879867,2026-03-06 23:40:46.239714,Op-Access,CityLine,0.0
CL-00347,Final inspection,2026-03-06 23:40:46.239714,2026-03-06 23:49:24.171242,Op-Inspect,CityLine,0.0
CL-00407,Order released,2026-03-06 23:49:24.171242,2026-03-06 23:49:24.171242,Planner,CityLine,0.0
CL-00353,Frame & painting,2026-03-06 23:28:05.076803,2026-03-06 23:49:33.347728,Op-Paint,CityLine,0.0
CL-00353,Fork & steering,2026-03-06 23:49:33.347728,2026-03-06 23:55:45.399422,Op-Fork,CityLine,0.0
CL-00302,Paint rework,2026-03-06 23:49:33.347728,2026-03-06 23:56:00.363002,Op-Paint,CityLine,30.0
CL-00348,Transmission,2026-03-06 23:21:01.820796,2026-03-07 00:00:11.168783,Op-Trans,CityLine,0.0
CL-00353,Wheels,2026-03-06 23:55:45.399422,2026-03-07 00:01:17.237359,Op-Wheels,CityLine,0.0
CL-00302,Fork & steering,2026-03-06 23:56:00.363002,2026-03-07 00:06:07.619958,Op-Fork,CityLine,0.0
CL-00304,Paint rework,2026-03-06 23:56:00.363002,2026-03-07 00:07:19.671764,Op-Paint,CityLine,30.0
CL-00348,Brakes,2026-03-07 00:00:11.168783,2026-03-07 00:09:06.592272,Op-Brakes,CityLine,0.0
CL-00354,Frame & painting,2026-03-07 00:07:19.671764,2026-03-07 00:14:57.188138,Op-Paint,CityLine,0.0
CL-00348,Accessories,2026-03-07 00:09:06.592272,2026-03-07 00:15:24.057911,Op-Access,CityLine,0.0
CL-00302,Wheels,2026-03-07 00:06:07.619958,2026-03-07 00:15:36.797934,Op-Wheels,CityLine,0.0
CL-00304,Fork & steering,2026-03-07 00:07:19.671764,2026-03-07 00:15:46.210079,Op-Fork,CityLine,0.0
CL-00349,Transmission,2026-03-07 00:00:11.168783,2026-03-07 00:19:04.461203,Op-Trans,CityLine,0.0
CL-00348,Final inspection,2026-03-07 00:15:24.057911,2026-03-07 00:22:06.768472,Op-Inspect,CityLine,0.0
CL-00408,Order released,2026-03-07 00:22:06.768472,2026-03-07 00:22:06.768472,Planner,CityLine,0.0
CL-00304,Wheels,2026-03-07 00:15:46.210079,2026-03-07 00:23:20.915995,Op-Wheels,CityLine,0.0
CL-00354,Fork & steering,2026-03-07 00:15:46.210079,2026-03-07 00:27:13.730586,Op-Fork,CityLine,0.0
CL-00349,Brakes,2026-03-07 00:19:04.461203,2026-03-07 00:33:06.566825,Op-Brakes,CityLine,0.0
CL-00354,Wheels,2026-03-07 00:27:13.730586,2026-03-07 00:37:10.304017,Op-Wheels,CityLine,0.0
CL-00350,Transmission,2026-03-07 00:19:04.461203,2026-03-07 00:40:33.441694,Op-Trans,CityLine,0.0
CL-00349,Accessories,2026-03-07 00:33:06.566825,2026-03-07 00:41:07.393822,Op-Access,CityLine,0.0
CL-00350,Brakes,2026-03-07 00:40:33.441694,2026-03-07 00:47:51.651280,Op-Brakes,CityLine,0.0
CL-00349,Final inspection,2026-03-07 00:41:07.393822,2026-03-07 00:51:31.776020,Op-Inspect,CityLine,0.0
CL-00409,Order released,2026-03-07 00:51:31.776020,2026-03-07 00:51:31.776020,Planner,CityLine,0.0
CL-00355,Color change,2026-03-07 00:14:57.188138,2026-03-07 00:55:35.455431,Op-Paint,CityLine,0.0
CL-00351,Transmission,2026-03-07 00:40:33.441694,2026-03-07 00:55:53.935369,Op-Trans,CityLine,0.0
CL-00350,Accessories,2026-03-07 00:47:51.651280,2026-03-07 00:57:04.160645,Op-Access,CityLine,0.0
CL-00350,Final inspection,2026-03-07 00:57:04.160645,2026-03-07 01:02:22.270169,Op-Inspect,CityLine,0.0
CL-00410,Order released,2026-03-07 01:02:22.270169,2026-03-07 01:02:22.270169,Planner,CityLine,0.0
CL-00353,Transmission,2026-03-07 00:55:53.935369,2026-03-07 01:12:10.276163,Op-Trans,CityLine,0.0
CL-00355,Frame & painting,2026-03-07 00:55:35.455431,2026-03-07 01:14:21.586985,Op-Paint,CityLine,0.0
CL-00351,Brakes,2026-03-07 00:55:53.935369,2026-03-07 01:15:50.720163,Op-Brakes,CityLine,0.0
CL-00356,Frame & painting,2026-03-07 01:14:21.586985,2026-03-07 01:23:57.933405,Op-Paint,CityLine,0.0
CL-00355,Fork & steering,2026-03-07 01:14:21.586985,2026-03-07 01:26:22.731586,Op-Fork,CityLine,0.0
CL-00353,Brakes,2026-03-07 01:15:50.720163,2026-03-07 01:28:12.262639,Op-Brakes,CityLine,0.0
CL-00351,Accessories,2026-03-07 01:15:50.720163,2026-03-07 01:29:39.324907,Op-Access,CityLine,0.0
CL-00356,Fork & steering,2026-03-07 01:26:22.731586,2026-03-07 01:34:52.666622,Op-Fork,CityLine,0.0
CL-00351,Final inspection,2026-03-07 01:29:39.324907,2026-03-07 01:35:45.576520,Op-Inspect,CityLine,0.0
CL-00411,Order released,2026-03-07 01:35:45.576520,2026-03-07 01:35:45.576520,Planner,CityLine,0.0
CL-00357,Frame & painting,2026-03-07 01:23:57.933405,2026-03-07 01:36:01.069949,Op-Paint,CityLine,0.0
CL-00355,Wheels,2026-03-07 01:26:22.731586,2026-03-07 01:39:12.693798,Op-Wheels,CityLine,0.0
CL-00302,Transmission,2026-03-07 01:12:10.276163,2026-03-07 01:39:23.448773,Op-Trans,CityLine,0.0
CL-00358,Frame & painting,2026-03-07 01:36:01.069949,2026-03-07 01:44:10.458178,Op-Paint,CityLine,0.0
CL-00357,Fork & steering,2026-03-07 01:36:01.069949,2026-03-07 01:44:40.541544,Op-Fork,CityLine,0.0
CL-00353,Accessories,2026-03-07 01:29:39.324907,2026-03-07 01:45:56.748777,Op-Access,CityLine,0.0
CL-00358,Fork & steering,2026-03-07 01:44:40.541544,2026-03-07 01:48:51.784906,Op-Fork,CityLine,0.0
CL-00304,Transmission,2026-03-07 01:39:23.448773,2026-03-07 01:49:11.460975,Op-Trans,CityLine,0.0
CL-00302,Brakes,2026-03-07 01:39:23.448773,2026-03-07 01:50:05.119899,Op-Brakes,CityLine,0.0
CL-00359,Frame & painting,2026-03-07 01:44:10.458178,2026-03-07 01:50:40.021219,Op-Paint,CityLine,0.0
CL-00356,Wheels,2026-03-07 01:39:12.693798,2026-03-07 01:50:45.988472,Op-Wheels,CityLine,0.0
CL-00353,Final inspection,2026-03-07 01:45:56.748777,2026-03-07 01:52:52.049995,Op-Inspect,CityLine,0.0
CL-00412,Order released,2026-03-07 01:52:52.049995,2026-03-07 01:52:52.049995,Planner,CityLine,0.0
CL-00359,Fork & steering,2026-03-07 01:50:40.021219,2026-03-07 01:55:25.265108,Op-Fork,CityLine,0.0
CL-00302,Accessories,2026-03-07 01:50:05.119899,2026-03-07 02:00:14.739424,Op-Access,CityLine,0.0
CL-00357,Wheels,2026-03-07 01:50:45.988472,2026-03-07 02:03:32.698899,Op-Wheels,CityLine,0.0
CL-00304,Brakes,2026-03-07 01:50:05.119899,2026-03-07 02:03:49.206261,Op-Brakes,CityLine,0.0
CL-00302,Final inspection,2026-03-07 02:00:14.739424,2026-03-07 02:05:34.383436,Op-Inspect,CityLine,0.0
CL-00413,Order released,2026-03-07 02:05:34.383436,2026-03-07 02:05:34.383436,Planner,CityLine,0.0
CL-00354,Transmission,2026-03-07 01:49:11.460975,2026-03-07 02:08:59.863269,Op-Trans,CityLine,0.0
CL-00304,Accessories,2026-03-07 02:03:49.206261,2026-03-07 02:12:43.146963,Op-Access,CityLine,0.0
CL-00358,Wheels,2026-03-07 02:03:32.698899,2026-03-07 02:16:06.667144,Op-Wheels,CityLine,0.0
CL-00355,Transmission,2026-03-07 02:08:59.863269,2026-03-07 02:20:06.512849,Op-Trans,CityLine,0.0
CL-00304,Final inspection,2026-03-07 02:12:43.146963,2026-03-07 02:20:21.570223,Op-Inspect,CityLine,0.0
CL-00414,Order released,2026-03-07 02:20:21.570223,2026-03-07 02:20:21.570223,Planner,CityLine,0.0
CL-00354,Brakes,2026-03-07 02:08:59.863269,2026-03-07 02:21:24.203971,Op-Brakes,CityLine,0.0
CL-00354,Accessories,2026-03-07 02:21:24.203971,2026-03-07 02:25:47.883078,Op-Access,CityLine,0.0
CL-00355,Brakes,2026-03-07 02:21:24.203971,2026-03-07 02:28:37.740337,Op-Brakes,CityLine,0.0
CL-00355,Accessories,2026-03-07 02:28:37.740337,2026-03-07 02:35:07.418545,Op-Access,CityLine,0.0
CL-00354,Final inspection,2026-03-07 02:25:47.883078,2026-03-07 02:36:00.994397,Op-Inspect,CityLine,0.0
CL-00415,Order released,2026-03-07 02:36:00.994397,2026-03-07 02:36:00.994397,Planner,CityLine,0.0
CL-00355,Final inspection,2026-03-07 02:36:00.994397,2026-03-07 02:40:37.282697,Op-Inspect,CityLine,0.0
CL-00416,Order released,2026-03-07 02:40:37.282697,2026-03-07 02:40:37.282697,Planner,CityLine,0.0
CL-00359,Wheels,2026-03-07 02:16:06.667144,2026-03-07 02:41:27.942955,Op-Wheels,CityLine,0.0
CL-00356,Transmission,2026-03-07 02:20:06.512849,2026-03-07 02:46:39.696713,Op-Trans,CityLine,0.0
CL-00356,Brakes,2026-03-07 02:46:39.696713,2026-03-07 02:55:01.599601,Op-Brakes,CityLine,0.0
CL-00357,Transmission,2026-03-07 02:46:39.696713,2026-03-07 02:59:42.290456,Op-Trans,CityLine,0.0
CL-00356,Accessories,2026-03-07 02:55:01.599601,2026-03-07 03:01:32.414046,Op-Access,CityLine,0.0
CL-00356,Final inspection,2026-03-07 03:01:32.414046,2026-03-07 03:07:45.486264,Op-Inspect,CityLine,0.0
CL-00417,Order released,2026-03-07 03:07:45.486264,2026-03-07 03:07:45.486264,Planner,CityLine,0.0
CL-00360,Color change,2026-03-07 01:50:40.021219,2026-03-07 03:11:53.831935,Op-Paint,CityLine,0.0
CL-00357,Brakes,2026-03-07 02:59:42.290456,2026-03-07 03:13:13.918783,Op-Brakes,CityLine,0.0
CL-00358,Transmission,2026-03-07 02:59:42.290456,2026-03-07 03:15:12.682562,Op-Trans,CityLine,0.0
CL-00360,Frame & painting,2026-03-07 03:11:53.831935,2026-03-07 03:18:30.525326,Op-Paint,CityLine,0.0
CL-00357,Accessories,2026-03-07 03:13:13.918783,2026-03-07 03:20:57.601601,Op-Access,CityLine,0.0
CL-00361,Frame & painting,2026-03-07 03:18:30.525326,2026-03-07 03:25:44.675157,Op-Paint,CityLine,0.0
CL-00357,Final inspection,2026-03-07 03:20:57.601601,2026-03-07 03:25:53.464462,Op-Inspect,CityLine,0.0
CL-00418,Order released,2026-03-07 03:25:53.464462,2026-03-07 03:25:53.464462,Planner,CityLine,0.0
CL-00360,Fork & steering,2026-03-07 03:18:30.525326,2026-03-07 03:26:16.163387,Op-Fork,CityLine,0.0
CL-00358,Brakes,2026-03-07 03:15:12.682562,2026-03-07 03:28:30.114382,Op-Brakes,CityLine,0.0
CL-00361,Fork & steering,2026-03-07 03:26:16.163387,2026-03-07 03:35:50.229350,Op-Fork,CityLine,0.0
CL-00359,Transmission,2026-03-07 03:15:12.682562,2026-03-07 03:36:16.207870,Op-Trans,CityLine,0.0
CL-00362,Frame & painting,2026-03-07 03:25:44.675157,2026-03-07 03:36:43.464304,Op-Paint,CityLine,0.0
CL-00360,Wheels,2026-03-07 03:26:16.163387,2026-03-07 03:36:48.971317,Op-Wheels,CityLine,0.0
CL-00358,Accessories,2026-03-07 03:28:30.114382,2026-03-07 03:40:10.527027,Op-Access,CityLine,0.0
CL-00311,Paint rework,2026-03-07 03:36:43.464304,2026-03-07 03:44:53.103884,Op-Paint,CityLine,30.0
CL-00358,Final inspection,2026-03-07 03:40:10.527027,2026-03-07 03:47:21.671263,Op-Inspect,CityLine,0.0
CL-00419,Order released,2026-03-07 03:47:21.671263,2026-03-07 03:47:21.671263,Planner,CityLine,0.0
CL-00361,Wheels,2026-03-07 03:36:48.971317,2026-03-07 03:48:14.611698,Op-Wheels,CityLine,0.0
CL-00362,Fork & steering,2026-03-07 03:36:43.464304,2026-03-07 03:48:49.427618,Op-Fork,CityLine,0.0
CL-00359,Brakes,2026-03-07 03:36:16.207870,2026-03-07 03:51:42.540826,Op-Brakes,CityLine,0.0
CL-00363,Frame & painting,2026-03-07 03:44:53.103884,2026-03-07 03:52:14.101684,Op-Paint,CityLine,0.0
CL-00311,Fork & steering,2026-03-07 03:48:49.427618,2026-03-07 03:56:33.546527,Op-Fork,CityLine,0.0
CL-00360,Transmission,2026-03-07 03:36:48.971317,2026-03-07 03:57:37.203767,Op-Trans,CityLine,0.0
CL-00362,Wheels,2026-03-07 03:48:49.427618,2026-03-07 03:57:57.854137,Op-Wheels,CityLine,0.0
CL-00359,Accessories,2026-03-07 03:51:42.540826,2026-03-07 03:59:00.492039,Op-Access,CityLine,0.0
CL-00311,Wheels,2026-03-07 03:57:57.854137,2026-03-07 04:04:01.002102,Op-Wheels,CityLine,0.0
CL-00359,Final inspection,2026-03-07 03:59:00.492039,2026-03-07 04:04:06.905072,Op-Inspect,CityLine,0.0
CL-00420,Order released,2026-03-07 04:04:06.905072,2026-03-07 04:04:06.905072,Planner,CityLine,0.0
CL-00360,Brakes,2026-03-07 03:57:37.203767,2026-03-07 04:06:37.816469,Op-Brakes,CityLine,0.0
CL-00364,Frame & painting,2026-03-07 03:52:14.101684,2026-03-07 04:08:11.451329,Op-Paint,CityLine,0.0
CL-00361,Transmission,2026-03-07 03:57:37.203767,2026-03-07 04:11:54.133836,Op-Trans,CityLine,0.0
CL-00364,Fork & steering,2026-03-07 04:08:11.451329,2026-03-07 04:12:28.537508,Op-Fork,CityLine,0.0
CL-00364,Wheels,2026-03-07 04:12:28.537508,2026-03-07 04:20:51.080927,Op-Wheels,CityLine,0.0
CL-00362,Transmission,2026-03-07 04:11:54.133836,2026-03-07 04:27:08.875813,Op-Trans,CityLine,0.0
CL-00360,Accessories,2026-03-07 04:06:37.816469,2026-03-07 04:28:37.986065,Op-Access,CityLine,0.0
CL-00361,Brakes,2026-03-07 04:11:54.133836,2026-03-07 04:29:31.113122,Op-Brakes,CityLine,0.0
CL-00360,Final inspection,2026-03-07 04:28:37.986065,2026-03-07 04:37:10.882124,Op-Inspect,CityLine,0.0
CL-00421,Order released,2026-03-07 04:37:10.882124,2026-03-07 04:37:10.882124,Planner,CityLine,0.0
CL-00361,Accessories,2026-03-07 04:29:31.113122,2026-03-07 04:37:22.878078,Op-Access,CityLine,0.0
CL-00362,Brakes,2026-03-07 04:29:31.113122,2026-03-07 04:39:05.105476,Op-Brakes,CityLine,0.0
CL-00311,Transmission,2026-03-07 04:27:08.875813,2026-03-07 04:42:56.558724,Op-Trans,CityLine,0.0
CL-00361,Final inspection,2026-03-07 04:37:22.878078,2026-03-07 04:43:33.389762,Op-Inspect,CityLine,0.0
CL-00422,Order released,2026-03-07 04:43:33.389762,2026-03-07 04:43:33.389762,Planner,CityLine,0.0
CL-00362,Accessories,2026-03-07 04:39:05.105476,2026-03-07 04:44:35.880061,Op-Access,CityLine,0.0
CL-00362,Final inspection,2026-03-07 04:44:35.880061,2026-03-07 04:51:55.316634,Op-Inspect,CityLine,0.0
CL-00423,Order released,2026-03-07 04:51:55.316634,2026-03-07 04:51:55.316634,Planner,CityLine,0.0
CL-00364,Transmission,2026-03-07 04:42:56.558724,2026-03-07 04:52:05.031179,Op-Trans,CityLine,0.0
CL-00311,Brakes,2026-03-07 04:42:56.558724,2026-03-07 04:55:54.334643,Op-Brakes,CityLine,0.0
CL-00365,Color change,2026-03-07 04:08:11.451329,2026-03-07 05:04:35.065740,Op-Paint,CityLine,0.0
CL-00311,Accessories,2026-03-07 04:55:54.334643,2026-03-07 05:08:32.902306,Op-Access,CityLine,0.0
CL-00364,Brakes,2026-03-07 04:55:54.334643,2026-03-07 05:11:24.919357,Op-Brakes,CityLine,0.0
CL-00365,Frame & painting,2026-03-07 05:04:35.065740,2026-03-07 05:11:57.388807,Op-Paint,CityLine,0.0
CL-00311,Final inspection,2026-03-07 05:08:32.902306,2026-03-07 05:16:14.242698,Op-Inspect,CityLine,0.0
CL-00366,Frame & painting,2026-03-07 05:11:57.388807,2026-03-07 05:17:56.024537,Op-Paint,CityLine,0.0
CL-00365,Fork & steering,2026-03-07 05:11:57.388807,2026-03-07 05:18:27.571965,Op-Fork,CityLine,0.0
CL-00364,Accessories,2026-03-07 05:11:24.919357,2026-03-07 05:23:03.533588,Op-Access,CityLine,0.0
CL-00316,Paint rework,2026-03-07 05:17:56.024537,2026-03-07 05:23:25.570247,Op-Paint,CityLine,30.0
CL-00365,Wheels,2026-03-07 05:18:27.571965,2026-03-07 05:26:05.324921,Op-Wheels,CityLine,0.0
CL-00311,Final adjustment,2026-03-07 05:16:14.242698,2026-03-07 05:26:27.893997,Op-Inspect,CityLine,0.0
CL-00366,Fork & steering,2026-03-07 05:18:27.571965,2026-03-07 05:27:17.289995,Op-Fork,CityLine,0.0
CL-00367,Frame & painting,2026-03-07 05:23:25.570247,2026-03-07 05:32:38.349128,Op-Paint,CityLine,0.0
CL-00316,Fork & steering,2026-03-07 05:27:17.289995,2026-03-07 05:32:45.836246,Op-Fork,CityLine,0.0
CL-00366,Wheels,2026-03-07 05:27:17.289995,2026-03-07 05:32:49.162333,Op-Wheels,CityLine,0.0
CL-00364,Final inspection,2026-03-07 05:26:27.893997,2026-03-07 05:33:58.227909,Op-Inspect,CityLine,0.0
CL-00424,Express release,2026-03-07 05:33:58.227909,2026-03-07 05:33:58.227909,Planner,CityLine,0.0
CL-00365,Transmission,2026-03-07 05:26:05.324921,2026-03-07 05:34:55.639948,Op-Trans,CityLine,0.0
CL-00316,Wheels,2026-03-07 05:32:49.162333,2026-03-07 05:39:41.240057,Op-Wheels,CityLine,0.0
CL-00365,Brakes,2026-03-07 05:34:55.639948,2026-03-07 05:44:30.385140,Op-Brakes,CityLine,0.0
CL-00311,Final inspection,2026-03-07 05:33:58.227909,2026-03-07 05:46:04.542732,Op-Inspect,CityLine,0.0
CL-00425,Order released,2026-03-07 05:46:04.542732,2026-03-07 05:46:04.542732,Planner,CityLine,0.0
CL-00366,Transmission,2026-03-07 05:34:55.639948,2026-03-07 05:49:11.753722,Op-Trans,CityLine,0.0
CL-00368,Frame & painting,2026-03-07 05:32:38.349128,2026-03-07 05:50:11.453412,Op-Paint,CityLine,0.0
CL-00369,Frame & painting,2026-03-07 05:50:11.453412,2026-03-07 05:55:33.594381,Op-Paint,CityLine,0.0
CL-00365,Accessories,2026-03-07 05:44:30.385140,2026-03-07 05:58:53.253179,Op-Access,CityLine,0.0
CL-00316,Transmission,2026-03-07 05:49:11.753722,2026-03-07 05:59:21.093796,Op-Trans,CityLine,0.0
CL-00368,Fork & steering,2026-03-07 05:50:11.453412,2026-03-07 05:59:30.814797,Op-Fork,CityLine,0.0
CL-00366,Brakes,2026-03-07 05:49:11.753722,2026-03-07 06:03:40.435074,Op-Brakes,CityLine,0.0
CL-00365,Final inspection,2026-03-07 05:58:53.253179,2026-03-07 06:04:48.921687,Op-Inspect,CityLine,0.0
CL-00426,Order released,2026-03-07 06:04:48.921687,2026-03-07 06:04:48.921687,Planner,CityLine,0.0
CL-00369,Fork & steering,2026-03-07 05:59:30.814797,2026-03-07 06:06:31.126837,Op-Fork,CityLine,0.0
CL-00368,Wheels,2026-03-07 05:59:30.814797,2026-03-07 06:07:33.773750,Op-Wheels,CityLine,0.0
CL-00366,Accessories,2026-03-07 06:03:40.435074,2026-03-07 06:13:05.053413,Op-Access,CityLine,0.0
CL-00369,Wheels,2026-03-07 06:07:33.773750,2026-03-07 06:17:36.132539,Op-Wheels,CityLine,0.0
CL-00316,Brakes,2026-03-07 06:03:40.435074,2026-03-07 06:19:29.619701,Op-Brakes,CityLine,0.0
CL-00366,Final inspection,2026-03-07 06:13:05.053413,2026-03-07 06:20:39.735629,Op-Inspect,CityLine,0.0
CL-00427,Order released,2026-03-07 06:20:39.735629,2026-03-07 06:20:39.735629,Planner,CityLine,0.0
CL-00368,Transmission,2026-03-07 06:07:33.773750,2026-03-07 06:25:16.505085,Op-Trans,CityLine,0.0
CL-00316,Accessories,2026-03-07 06:19:29.619701,2026-03-07 06:28:47.830839,Op-Access,CityLine,0.0
CL-00316,Final inspection,2026-03-07 06:28:47.830839,2026-03-07 06:33:56.922446,Op-Inspect,CityLine,0.0
CL-00428,Order released,2026-03-07 06:33:56.922446,2026-03-07 06:33:56.922446,Planner,CityLine,0.0
CL-00368,Brakes,2026-03-07 06:25:16.505085,2026-03-07 06:35:41.670687,Op-Brakes,CityLine,0.0
CL-00369,Transmission,2026-03-07 06:25:16.505085,2026-03-07 06:50:04.249812,Op-Trans,CityLine,0.0
CL-00368,Accessories,2026-03-07 06:35:41.670687,2026-03-07 06:50:07.955453,Op-Access,CityLine,0.0
CL-00370,Color change,2026-03-07 05:55:33.594381,2026-03-07 06:50:47.994973,Op-Paint,CityLine,0.0
CL-00368,Final inspection,2026-03-07 06:50:07.955453,2026-03-07 06:59:17.127107,Op-Inspect,CityLine,0.0
CL-00429,Order released,2026-03-07 06:59:17.127107,2026-03-07 06:59:17.127107,Planner,CityLine,0.0
CL-00370,Frame & painting,2026-03-07 06:50:47.994973,2026-03-07 07:00:04.783615,Op-Paint,CityLine,0.0
CL-00369,Brakes,2026-03-07 06:50:04.249812,2026-03-07 07:00:17.875819,Op-Brakes,CityLine,0.0
CL-00370,Fork & steering,2026-03-07 07:00:04.783615,2026-03-07 07:06:49.889649,Op-Fork,CityLine,0.0
CL-00371,Frame & painting,2026-03-07 07:00:04.783615,2026-03-07 07:08:43.930206,Op-Paint,CityLine,0.0
CL-00369,Accessories,2026-03-07 07:00:17.875819,2026-03-07 07:11:39.296042,Op-Access,CityLine,0.0
CL-00371,Fork & steering,2026-03-07 07:08:43.930206,2026-03-07 07:13:52.979219,Op-Fork,CityLine,0.0
CL-00372,Frame & painting,2026-03-07 07:08:43.930206,2026-03-07 07:15:31.520764,Op-Paint,CityLine,0.0
CL-00370,Wheels,2026-03-07 07:06:49.889649,2026-03-07 07:18:03.727768,Op-Wheels,CityLine,0.0
CL-00372,Fork & steering,2026-03-07 07:15:31.520764,2026-03-07 07:21:19.670243,Op-Fork,CityLine,0.0
CL-00369,Final inspection,2026-03-07 07:11:39.296042,2026-03-07 07:25:20.783060,Op-Inspect,CityLine,0.0
CL-00430,Order released,2026-03-07 07:25:20.783060,2026-03-07 07:25:20.783060,Planner,CityLine,0.0
CL-00371,Wheels,2026-03-07 07:18:03.727768,2026-03-07 07:30:41.966218,Op-Wheels,CityLine,0.0
CL-00373,Frame & painting,2026-03-07 07:15:31.520764,2026-03-07 07:30:52.683319,Op-Paint,CityLine,0.0
CL-00370,Transmission,2026-03-07 07:18:03.727768,2026-03-07 07:36:31.728215,Op-Trans,CityLine,0.0
CL-00373,Fork & steering,2026-03-07 07:30:52.683319,2026-03-07 07:38:12.394015,Op-Fork,CityLine,0.0
CL-00322,Paint rework,2026-03-07 07:30:52.683319,2026-03-07 07:39:13.700324,Op-Paint,CityLine,30.0
CL-00372,Wheels,2026-03-07 07:30:41.966218,2026-03-07 07:40:30.016047,Op-Wheels,CityLine,0.0
CL-00322,Fork & steering,2026-03-07 07:39:13.700324,2026-03-07 07:42:38.601901,Op-Fork,CityLine,0.0
CL-00374,Frame & painting,2026-03-07 07:39:13.700324,2026-03-07 07:48:22.207957,Op-Paint,CityLine,0.0
CL-00371,Transmission,2026-03-07 07:36:31.728215,2026-03-07 07:53:48.377596,Op-Trans,CityLine,0.0
CL-00370,Brakes,2026-03-07 07:36:31.728215,2026-03-07 07:57:46.491988,Op-Brakes,CityLine,0.0
CL-00370,Accessories,2026-03-07 07:57:46.491988,2026-03-07 08:03:08.178774,Op-Access,CityLine,0.0
CL-00372,Transmission,2026-03-07 07:53:48.377596,2026-03-07 08:06:50.706721,Op-Trans,CityLine,0.0
CL-00373,Wheels,2026-03-07 07:40:30.016047,2026-03-07 08:06:50.875954,Op-Wheels,CityLine,0.0
CL-00371,Brakes,2026-03-07 07:57:46.491988,2026-03-07 08:07:50.174129,Op-Brakes,CityLine,0.0
CL-00370,Final inspection,2026-03-07 08:03:08.178774,2026-03-07 08:09:57.127148,Op-Inspect,CityLine,0.0
CL-00431,Order released,2026-03-07 08:09:57.127148,2026-03-07 08:09:57.127148,Planner,CityLine,0.0
CL-00322,Wheels,2026-03-07 08:06:50.875954,2026-03-07 08:13:52.374747,Op-Wheels,CityLine,0.0
CL-00373,Transmission,2026-03-07 08:06:50.875954,2026-03-07 08:15:43.649498,Op-Trans,CityLine,0.0
CL-00371,Accessories,2026-03-07 08:07:50.174129,2026-03-07 08:16:21.651543,Op-Access,CityLine,0.0
CL-00372,Brakes,2026-03-07 08:07:50.174129,2026-03-07 08:17:41.707542,Op-Brakes,CityLine,0.0
CL-00375,Color change,2026-03-07 07:48:22.207957,2026-03-07 08:19:53.664497,Op-Paint,CityLine,0.0
CL-00371,Final inspection,2026-03-07 08:16:21.651543,2026-03-07 08:20:46.741698,Op-Inspect,CityLine,0.0
CL-00432,Order released,2026-03-07 08:20:46.741698,2026-03-07 08:20:46.741698,Planner,CityLine,0.0
CL-00373,Brakes,2026-03-07 08:17:41.707542,2026-03-07 08:24:00.966542,Op-Brakes,CityLine,0.0
CL-00375,Frame & painting,2026-03-07 08:19:53.664497,2026-03-07 08:31:26.013718,Op-Paint,CityLine,0.0
CL-00372,Accessories,2026-03-07 08:17:41.707542,2026-03-07 08:32:32.595778,Op-Access,CityLine,0.0
CL-00322,Transmission,2026-03-07 08:15:43.649498,2026-03-07 08:37:07.051379,Op-Trans,CityLine,0.0
CL-00372,Final inspection,2026-03-07 08:32:32.595778,2026-03-07 08:40:32.608567,Op-Inspect,CityLine,0.0
CL-00433,Order released,2026-03-07 08:40:32.608567,2026-03-07 08:40:32.608567,Planner,CityLine,0.0
CL-00373,Accessories,2026-03-07 08:32:32.595778,2026-03-07 08:41:05.326829,Op-Access,CityLine,0.0
CL-00376,Frame & painting,2026-03-07 08:31:26.013718,2026-03-07 08:41:56.345182,Op-Paint,CityLine,0.0
CL-00322,Brakes,2026-03-07 08:37:07.051379,2026-03-07 08:45:06.462948,Op-Brakes,CityLine,0.0
CL-00373,Final inspection,2026-03-07 08:41:05.326829,2026-03-07 08:45:21.997159,Op-Inspect,CityLine,0.0
CL-00434,Order released,2026-03-07 08:45:21.997159,2026-03-07 08:45:21.997159,Planner,CityLine,0.0
CL-00377,Frame & painting,2026-03-07 08:41:56.345182,2026-03-07 08:48:22.925165,Op-Paint,CityLine,0.0
CL-00376,Fork & steering,2026-03-07 08:41:56.345182,2026-03-07 08:48:31.287529,Op-Fork,CityLine,0.0
CL-00322,Accessories,2026-03-07 08:45:06.462948,2026-03-07 08:54:34.631859,Op-Access,CityLine,0.0
CL-00322,Final inspection,2026-03-07 08:54:34.631859,2026-03-07 08:59:41.249639,Op-Inspect,CityLine,0.0
CL-00435,Order released,2026-03-07 08:59:41.249639,2026-03-07 08:59:41.249639,Planner,CityLine,0.0
CL-00377,Fork & steering,2026-03-07 08:48:31.287529,2026-03-07 09:00:00.877656,Op-Fork,CityLine,0.0
CL-00376,Wheels,2026-03-07 08:48:31.287529,2026-03-07 09:00:06.700071,Op-Wheels,CityLine,0.0
CL-00326,Paint rework,2026-03-07 08:48:22.925165,2026-03-07 09:00:33.747241,Op-Paint,CityLine,30.0
CL-00326,Fork & steering,2026-03-07 09:00:33.747241,2026-03-07 09:06:27.734037,Op-Fork,CityLine,0.0
CL-00378,Frame & painting,2026-03-07 09:00:33.747241,2026-03-07 09:06:48.382904,Op-Paint,CityLine,0.0
CL-00377,Wheels,2026-03-07 09:00:06.700071,2026-03-07 09:09:36.543301,Op-Wheels,CityLine,0.0
CL-00378,Fork & steering,2026-03-07 09:06:48.382904,2026-03-07 09:10:12.896801,Op-Fork,CityLine,0.0
CL-00379,Frame & painting,2026-03-07 09:06:48.382904,2026-03-07 09:13:23.845974,Op-Paint,CityLine,0.0
CL-00376,Transmission,2026-03-07 09:00:06.700071,2026-03-07 09:14:41.429127,Op-Trans,CityLine,0.0
CL-00379,Fork & steering,2026-03-07 09:13:23.845974,2026-03-07 09:18:08.401667,Op-Fork,CityLine,0.0
CL-00326,Wheels,2026-03-07 09:09:36.543301,2026-03-07 09:22:27.606348,Op-Wheels,CityLine,0.0
CL-00376,Brakes,2026-03-07 09:14:41.429127,2026-03-07 09:27:19.371998,Op-Brakes,CityLine,0.0
CL-00376,Accessories,2026-03-07 09:27:19.371998,2026-03-07 09:32:23.149765,Op-Access,CityLine,0.0
CL-00378,Wheels,2026-03-07 09:22:27.606348,2026-03-07 09:35:27.906735,Op-Wheels,CityLine,0.0
CL-00377,Transmission,2026-03-07 09:14:41.429127,2026-03-07 09:35:33.886884,Op-Trans,CityLine,0.0
CL-00376,Final inspection,2026-03-07 09:32:23.149765,2026-03-07 09:38:29.624435,Op-Inspect,CityLine,0.0
CL-00436,Order released,2026-03-07 09:38:29.624435,2026-03-07 09:38:29.624435,Planner,CityLine,0.0
CL-00379,Wheels,2026-03-07 09:35:27.906735,2026-03-07 09:41:27.280344,Op-Wheels,CityLine,0.0
CL-00326,Transmission,2026-03-07 09:35:33.886884,2026-03-07 09:45:19.321648,Op-Trans,CityLine,0.0
CL-00378,Transmission,2026-03-07 09:45:19.321648,2026-03-07 09:55:24.632280,Op-Trans,CityLine,0.0
CL-00377,Brakes,2026-03-07 09:35:33.886884,2026-03-07 10:01:34.868635,Op-Brakes,CityLine,0.0
CL-00326,Brakes,2026-03-07 10:01:34.868635,2026-03-07 10:11:12.968419,Op-Brakes,CityLine,0.0
CL-00378,Brakes,2026-03-07 10:11:12.968419,2026-03-07 10:18:26.779470,Op-Brakes,CityLine,0.0
CL-00377,Accessories,2026-03-07 10:01:34.868635,2026-03-07 10:20:56.143653,Op-Access,CityLine,0.0
CL-00379,Transmission,2026-03-07 09:55:24.632280,2026-03-07 10:21:59.129410,Op-Trans,CityLine,0.0
CL-00377,Final inspection,2026-03-07 10:20:56.143653,2026-03-07 10:24:01.458810,Op-Inspect,CityLine,0.0
CL-00437,Order released,2026-03-07 10:24:01.458810,2026-03-07 10:24:01.458810,Planner,CityLine,0.0
CL-00326,Accessories,2026-03-07 10:20:56.143653,2026-03-07 10:28:45.239898,Op-Access,CityLine,0.0
CL-00380,Color change,2026-03-07 09:13:23.845974,2026-03-07 10:29:44.288130,Op-Paint,CityLine,0.0
CL-00379,Brakes,2026-03-07 10:21:59.129410,2026-03-07 10:32:09.415093,Op-Brakes,CityLine,0.0
CL-00326,Final inspection,2026-03-07 10:28:45.239898,2026-03-07 10:36:18.655976,Op-Inspect,CityLine,0.0
CL-00380,Frame & painting,2026-03-07 10:29:44.288130,2026-03-07 10:37:20.419484,Op-Paint,CityLine,0.0
CL-00378,Accessories,2026-03-07 10:28:45.239898,2026-03-07 10:38:14.090867,Op-Access,CityLine,0.0
CL-00326,Final adjustment,2026-03-07 10:36:18.655976,2026-03-07 10:42:09.136817,Op-Inspect,CityLine,0.0
CL-00380,Fork & steering,2026-03-07 10:37:20.419484,2026-03-07 10:44:55.402843,Op-Fork,CityLine,0.0
CL-00378,Final inspection,2026-03-07 10:42:09.136817,2026-03-07 10:46:13.624161,Op-Inspect,CityLine,0.0
CL-00438,Order released,2026-03-07 10:46:13.624161,2026-03-07 10:46:13.624161,Planner,CityLine,0.0
CL-00379,Accessories,2026-03-07 10:38:14.090867,2026-03-07 10:49:20.808921,Op-Access,CityLine,0.0
CL-00381,Frame & painting,2026-03-07 10:37:20.419484,2026-03-07 10:50:06.385355,Op-Paint,CityLine,0.0
CL-00380,Wheels,2026-03-07 10:44:55.402843,2026-03-07 10:51:17.973358,Op-Wheels,CityLine,0.0
CL-00326,Final inspection,2026-03-07 10:46:13.624161,2026-03-07 10:54:46.080170,Op-Inspect,CityLine,0.0
CL-00439,Order released,2026-03-07 10:54:46.080170,2026-03-07 10:54:46.080170,Planner,CityLine,0.0
CL-00382,Frame & painting,2026-03-07 10:50:06.385355,2026-03-07 11:00:54.411933,Op-Paint,CityLine,0.0
CL-00381,Fork & steering,2026-03-07 10:50:06.385355,2026-03-07 11:01:04.686271,Op-Fork,CityLine,0.0
CL-00379,Final inspection,2026-03-07 10:54:46.080170,2026-03-07 11:02:31.134416,Op-Inspect,CityLine,0.0
CL-00440,Order released,2026-03-07 11:02:31.134416,2026-03-07 11:02:31.134416,Planner,CityLine,0.0
CL-00382,Fork & steering,2026-03-07 11:01:04.686271,2026-03-07 11:07:53.209907,Op-Fork,CityLine,0.0
CL-00380,Transmission,2026-03-07 10:51:17.973358,2026-03-07 11:09:18.758137,Op-Trans,CityLine,0.0
CL-00381,Wheels,2026-03-07 11:01:04.686271,2026-03-07 11:11:52.507714,Op-Wheels,CityLine,0.0
CL-00383,Frame & painting,2026-03-07 11:00:54.411933,2026-03-07 11:16:31.159471,Op-Paint,CityLine,0.0
CL-00383,Fork & steering,2026-03-07 11:16:31.159471,2026-03-07 11:20:23.063247,Op-Fork,CityLine,0.0
CL-00382,Wheels,2026-03-07 11:11:52.507714,2026-03-07 11:22:04.833241,Op-Wheels,CityLine,0.0
CL-00380,Brakes,2026-03-07 11:09:18.758137,2026-03-07 11:23:41.795189,Op-Brakes,CityLine,0.0
CL-00384,Frame & painting,2026-03-07 11:16:31.159471,2026-03-07 11:25:46.899014,Op-Paint,CityLine,0.0
CL-00380,Accessories,2026-03-07 11:23:41.795189,2026-03-07 11:30:19.876556,Op-Access,CityLine,0.0
CL-00383,Wheels,2026-03-07 11:22:04.833241,2026-03-07 11:32:19.346712,Op-Wheels,CityLine,0.0
CL-00384,Fork & steering,2026-03-07 11:25:46.899014,2026-03-07 11:33:09.870540,Op-Fork,CityLine,0.0
CL-00380,Final inspection,2026-03-07 11:30:19.876556,2026-03-07 11:33:40.542505,Op-Inspect,CityLine,0.0
CL-00441,Order released,2026-03-07 11:33:40.542505,2026-03-07 11:33:40.542505,Planner,CityLine,0.0
CL-00381,Transmission,2026-03-07 11:11:52.507714,2026-03-07 11:37:25.590716,Op-Trans,CityLine,0.0
CL-00384,Wheels,2026-03-07 11:33:09.870540,2026-03-07 11:41:11.007576,Op-Wheels,CityLine,0.0
CL-00381,Brakes,2026-03-07 11:37:25.590716,2026-03-07 11:45:58.298095,Op-Brakes,CityLine,0.0
CL-00381,Accessories,2026-03-07 11:45:58.298095,2026-03-07 11:59:22.133356,Op-Access,CityLine,0.0
CL-00385,Color change,2026-03-07 11:25:46.899014,2026-03-07 12:01:56.181076,Op-Paint,CityLine,0.0
CL-00382,Transmission,2026-03-07 11:37:25.590716,2026-03-07 12:03:36.913549,Op-Trans,CityLine,0.0
CL-00381,Final inspection,2026-03-07 11:59:22.133356,2026-03-07 12:07:14.719774,Op-Inspect,CityLine,0.0
CL-00442,Order released,2026-03-07 12:07:14.719774,2026-03-07 12:07:14.719774,Planner,CityLine,0.0
CL-00385,Frame & painting,2026-03-07 12:01:56.181076,2026-03-07 12:11:27.516239,Op-Paint,CityLine,0.0
CL-00382,Brakes,2026-03-07 12:03:36.913549,2026-03-07 12:13:19.082112,Op-Brakes,CityLine,0.0
CL-00385,Fork & steering,2026-03-07 12:11:27.516239,2026-03-07 12:17:34.716108,Op-Fork,CityLine,0.0
CL-00386,Frame & painting,2026-03-07 12:11:27.516239,2026-03-07 12:18:05.897203,Op-Paint,CityLine,0.0
CL-00382,Accessories,2026-03-07 12:13:19.082112,2026-03-07 12:18:18.615544,Op-Access,CityLine,0.0
CL-00383,Transmission,2026-03-07 12:03:36.913549,2026-03-07 12:19:04.985386,Op-Trans,CityLine,0.0
CL-00382,Final inspection,2026-03-07 12:18:18.615544,2026-03-07 12:25:37.015484,Op-Inspect,CityLine,0.0
CL-00443,Order released,2026-03-07 12:25:37.015484,2026-03-07 12:25:37.015484,Planner,CityLine,0.0
CL-00387,Frame & painting,2026-03-07 12:18:05.897203,2026-03-07 12:25:37.117818,Op-Paint,CityLine,0.0
CL-00385,Wheels,2026-03-07 12:17:34.716108,2026-03-07 12:28:45.900654,Op-Wheels,CityLine,0.0
CL-00386,Fork & steering,2026-03-07 12:18:05.897203,2026-03-07 12:31:33.582311,Op-Fork,CityLine,0.0
CL-00383,Brakes,2026-03-07 12:19:04.985386,2026-03-07 12:31:40.784152,Op-Brakes,CityLine,0.0
CL-00388,Frame & painting,2026-03-07 12:25:37.117818,2026-03-07 12:34:16.296782,Op-Paint,CityLine,0.0
CL-00384,Transmission,2026-03-07 12:19:04.985386,2026-03-07 12:34:28.535821,Op-Trans,CityLine,0.0
CL-00383,Accessories,2026-03-07 12:31:40.784152,2026-03-07 12:37:00.949459,Op-Access,CityLine,0.0
CL-00388,Fork & steering,2026-03-07 12:34:16.296782,2026-03-07 12:40:23.003533,Op-Fork,CityLine,0.0
CL-00389,Frame & painting,2026-03-07 12:34:16.296782,2026-03-07 12:40:42.772465,Op-Paint,CityLine,0.0
CL-00386,Wheels,2026-03-07 12:31:33.582311,2026-03-07 12:40:45.237026,Op-Wheels,CityLine,0.0
CL-00383,Final inspection,2026-03-07 12:37:00.949459,2026-03-07 12:41:52.085295,Op-Inspect,CityLine,0.0
CL-00444,Order released,2026-03-07 12:41:52.085295,2026-03-07 12:41:52.085295,Planner,CityLine,0.0
CL-00389,Fork & steering,2026-03-07 12:40:42.772465,2026-03-07 12:46:01.543315,Op-Fork,CityLine,0.0
CL-00337,Paint rework,2026-03-07 12:40:42.772465,2026-03-07 12:47:31.215346,Op-Paint,CityLine,30.0
CL-00384,Brakes,2026-03-07 12:34:28.535821,2026-03-07 12:47:37.735397,Op-Brakes,CityLine,0.0
CL-00388,Wheels,2026-03-07 12:40:45.237026,2026-03-07 12:48:57.883046,Op-Wheels,CityLine,0.0
CL-00384,Accessories,2026-03-07 12:47:37.735397,2026-03-07 12:53:10.602383,Op-Access,CityLine,0.0
CL-00337,Fork & steering,2026-03-07 12:47:31.215346,2026-03-07 12:58:10.218564,Op-Fork,CityLine,0.0
CL-00385,Transmission,2026-03-07 12:34:28.535821,2026-03-07 12:59:40.696452,Op-Trans,CityLine,0.0
CL-00389,Wheels,2026-03-07 12:48:57.883046,2026-03-07 13:00:16.824354,Op-Wheels,CityLine,0.0
CL-00384,Final inspection,2026-03-07 12:53:10.602383,2026-03-07 13:02:08.030464,Op-Inspect,CityLine,0.0
CL-00445,Order released,2026-03-07 13:02:08.030464,2026-03-07 13:02:08.030464,Planner,CityLine,0.0
CL-00385,Brakes,2026-03-07 12:59:40.696452,2026-03-07 13:12:06.442052,Op-Brakes,CityLine,0.0
CL-00337,Wheels,2026-03-07 13:00:16.824354,2026-03-07 13:17:09.651441,Op-Wheels,CityLine,0.0
CL-00385,Accessories,2026-03-07 13:12:06.442052,2026-03-07 13:22:04.362716,Op-Access,CityLine,0.0
CL-00390,Color change,2026-03-07 12:47:31.215346,2026-03-07 13:25:43.318351,Op-Paint,CityLine,0.0
CL-00385,Final inspection,2026-03-07 13:22:04.362716,2026-03-07 13:27:02.513804,Op-Inspect,CityLine,0.0
CL-00446,Order released,2026-03-07 13:27:02.513804,2026-03-07 13:27:02.513804,Planner,CityLine,0.0
CL-00390,Frame & painting,2026-03-07 13:25:43.318351,2026-03-07 13:33:17.421796,Op-Paint,CityLine,0.0
CL-00386,Transmission,2026-03-07 12:59:40.696452,2026-03-07 13:35:35.770203,Op-Trans,CityLine,0.0
CL-00391,Frame & painting,2026-03-07 13:33:17.421796,2026-03-07 13:45:12.700772,Op-Paint,CityLine,0.0
CL-00388,Transmission,2026-03-07 13:35:35.770203,2026-03-07 13:53:22.794449,Op-Trans,CityLine,0.0
CL-00386,Brakes,2026-03-07 13:35:35.770203,2026-03-07 13:55:56.407829,Op-Brakes,CityLine,0.0
CL-00391,Fork & steering,2026-03-07 13:45:12.700772,2026-03-07 13:57:49.334407,Op-Fork,CityLine,0.0
CL-00392,Frame & painting,2026-03-07 13:45:12.700772,2026-03-07 13:58:19.567069,Op-Paint,CityLine,0.0
CL-00392,Fork & steering,2026-03-07 13:58:19.567069,2026-03-07 14:02:47.746607,Op-Fork,CityLine,0.0
CL-00386,Accessories,2026-03-07 13:55:56.407829,2026-03-07 14:04:26.990744,Op-Access,CityLine,0.0
CL-00393,Frame & painting,2026-03-07 13:58:19.567069,2026-03-07 14:05:18.408435,Op-Paint,CityLine,0.0
CL-00388,Brakes,2026-03-07 13:55:56.407829,2026-03-07 14:08:02.654396,Op-Brakes,CityLine,0.0
CL-00389,Transmission,2026-03-07 13:53:22.794449,2026-03-07 14:08:25.504269,Op-Trans,CityLine,0.0
CL-00386,Final inspection,2026-03-07 14:04:26.990744,2026-03-07 14:09:12.571138,Op-Inspect,CityLine,0.0
CL-00447,Order released,2026-03-07 14:09:12.571138,2026-03-07 14:09:12.571138,Planner,CityLine,0.0
CL-00391,Wheels,2026-03-07 13:57:49.334407,2026-03-07 14:09:33.810854,Op-Wheels,CityLine,0.0
CL-00394,Frame & painting,2026-03-07 14:05:18.408435,2026-03-07 14:14:13.118638,Op-Paint,CityLine,0.0
CL-00393,Fork & steering,2026-03-07 14:05:18.408435,2026-03-07 14:14:40.558967,Op-Fork,CityLine,0.0
CL-00389,Brakes,2026-03-07 14:08:25.504269,2026-03-07 14:15:53.724139,Op-Brakes,CityLine,0.0
CL-00388,Accessories,2026-03-07 14:08:02.654396,2026-03-07 14:17:07.527049,Op-Access,CityLine,0.0
CL-00392,Wheels,2026-03-07 14:09:33.810854,2026-03-07 14:17:40.755258,Op-Wheels,CityLine,0.0
CL-00394,Fork & steering,2026-03-07 14:14:40.558967,2026-03-07 14:20:38.499135,Op-Fork,CityLine,0.0
CL-00337,Transmission,2026-03-07 14:08:25.504269,2026-03-07 14:22:46.065323,Op-Trans,CityLine,0.0
CL-00388,Final inspection,2026-03-07 14:17:07.527049,2026-03-07 14:23:21.209724,Op-Inspect,CityLine,0.0
CL-00448,Order released,2026-03-07 14:23:21.209724,2026-03-07 14:23:21.209724,Planner,CityLine,0.0
CL-00389,Accessories,2026-03-07 14:17:07.527049,2026-03-07 14:25:53.434126,Op-Access,CityLine,0.0
CL-00393,Wheels,2026-03-07 14:17:40.755258,2026-03-07 14:27:32.498411,Op-Wheels,CityLine,0.0
CL-00389,Final inspection,2026-03-07 14:25:53.434126,2026-03-07 14:32:08.197400,Op-Inspect,CityLine,0.0
CL-00391,Transmission,2026-03-07 14:22:46.065323,2026-03-07 14:33:02.425292,Op-Trans,CityLine,0.0
CL-00337,Brakes,2026-03-07 14:22:46.065323,2026-03-07 14:33:58.438403,Op-Brakes,CityLine,0.0
CL-00394,Wheels,2026-03-07 14:27:32.498411,2026-03-07 14:36:06.379041,Op-Wheels,CityLine,0.0
CL-00389,Final adjustment,2026-03-07 14:32:08.197400,2026-03-07 14:40:48.562813,Op-Inspect,CityLine,0.0
CL-00337,Accessories,2026-03-07 14:33:58.438403,2026-03-07 14:42:11.219009,Op-Access,CityLine,0.0
CL-00389,Final inspection,2026-03-07 14:40:48.562813,2026-03-07 14:46:18.322650,Op-Inspect,CityLine,0.0
CL-00449,Order released,2026-03-07 14:46:18.322650,2026-03-07 14:46:18.322650,Planner,CityLine,0.0
CL-00391,Brakes,2026-03-07 14:33:58.438403,2026-03-07 14:46:56.762238,Op-Brakes,CityLine,0.0
CL-00337,Final inspection,2026-03-07 14:46:18.322650,2026-03-07 14:53:48.751811,Op-Inspect,CityLine,0.0
CL-00450,Order released,2026-03-07 14:53:48.751811,2026-03-07 14:53:48.751811,Planner,CityLine,0.0
CL-00392,Transmission,2026-03-07 14:33:02.425292,2026-03-07 14:55:44.631275,Op-Trans,CityLine,0.0
CL-00391,Accessories,2026-03-07 14:46:56.762238,2026-03-07 14:58:20.869488,Op-Access,CityLine,0.0
CL-00392,Brakes,2026-03-07 14:55:44.631275,2026-03-07 15:06:41.849524,Op-Brakes,CityLine,0.0
CL-00391,Final inspection,2026-03-07 14:58:20.869488,2026-03-07 15:07:49.939469,Op-Inspect,CityLine,0.0
CL-00451,Order released,2026-03-07 15:07:49.939469,2026-03-07 15:07:49.939469,Planner,CityLine,0.0
CL-00392,Accessories,2026-03-07 15:06:41.849524,2026-03-07 15:13:30.199490,Op-Access,CityLine,0.0
CL-00393,Transmission,2026-03-07 14:55:44.631275,2026-03-07 15:13:58.831470,Op-Trans,CityLine,0.0
CL-00392,Final inspection,2026-03-07 15:13:30.199490,2026-03-07 15:21:06.725280,Op-Inspect,CityLine,0.0
CL-00452,Order released,2026-03-07 15:21:06.725280,2026-03-07 15:21:06.725280,Planner,CityLine,0.0
CL-00393,Brakes,2026-03-07 15:13:58.831470,2026-03-07 15:22:32.370649,Op-Brakes,CityLine,0.0
CL-00394,Transmission,2026-03-07 15:13:58.831470,2026-03-07 15:30:20.349064,Op-Trans,CityLine,0.0
CL-00393,Accessories,2026-03-07 15:22:32.370649,2026-03-07 15:30:25.392445,Op-Access,CityLine,0.0
CL-00393,Final inspection,2026-03-07 15:30:25.392445,2026-03-07 15:36:40.790057,Op-Inspect,CityLine,0.0
CL-00453,Order released,2026-03-07 15:36:40.790057,2026-03-07 15:36:40.790057,Planner,CityLine,0.0
CL-00394,Brakes,2026-03-07 15:30:20.349064,2026-03-07 15:41:04.539002,Op-Brakes,CityLine,0.0
CL-00395,Color change,2026-03-07 14:14:13.118638,2026-03-07 15:41:54.919278,Op-Paint,CityLine,0.0
CL-00394,Accessories,2026-03-07 15:41:04.539002,2026-03-07 15:47:29.625823,Op-Access,CityLine,0.0
CL-00394,Final inspection,2026-03-07 15:47:29.625823,2026-03-07 15:50:12.746295,Op-Inspect,CityLine,0.0
CL-00454,Order released,2026-03-07 15:50:12.746295,2026-03-07 15:50:12.746295,Planner,CityLine,0.0
CL-00395,Frame & painting,2026-03-07 15:41:54.919278,2026-03-07 15:51:17.856585,Op-Paint,CityLine,0.0
CL-00395,Fork & steering,2026-03-07 15:51:17.856585,2026-03-07 16:02:18.060905,Op-Fork,CityLine,0.0
CL-00396,Frame & painting,2026-03-07 15:51:17.856585,2026-03-07 16:03:56.633423,Op-Paint,CityLine,0.0
CL-00395,Wheels,2026-03-07 16:02:18.060905,2026-03-07 16:12:57.714761,Op-Wheels,CityLine,0.0
CL-00397,Frame & painting,2026-03-07 16:03:56.633423,2026-03-07 16:13:19.157549,Op-Paint,CityLine,0.0
CL-00396,Fork & steering,2026-03-07 16:03:56.633423,2026-03-07 16:14:38.800521,Op-Fork,CityLine,0.0
CL-00398,Frame & painting,2026-03-07 16:13:19.157549,2026-03-07 16:21:26.579704,Op-Paint,CityLine,0.0
CL-00395,Transmission,2026-03-07 16:12:57.714761,2026-03-07 16:25:40.024498,Op-Trans,CityLine,0.0
CL-00396,Wheels,2026-03-07 16:14:38.800521,2026-03-07 16:28:03.922069,Op-Wheels,CityLine,0.0
CL-00399,Frame & painting,2026-03-07 16:21:26.579704,2026-03-07 16:28:43.161829,Op-Paint,CityLine,0.0
CL-00397,Fork & steering,2026-03-07 16:14:38.800521,2026-03-07 16:31:01.094475,Op-Fork,CityLine,0.0
CL-00395,Brakes,2026-03-07 16:25:40.024498,2026-03-07 16:33:14.278479,Op-Brakes,CityLine,0.0
CL-00398,Fork & steering,2026-03-07 16:31:01.094475,2026-03-07 16:38:01.548620,Op-Fork,CityLine,0.0
CL-00397,Wheels,2026-03-07 16:31:01.094475,2026-03-07 16:43:03.631705,Op-Wheels,CityLine,0.0
CL-00395,Accessories,2026-03-07 16:33:14.278479,2026-03-07 16:43:31.874884,Op-Access,CityLine,0.0
CL-00399,Fork & steering,2026-03-07 16:38:01.548620,2026-03-07 16:46:01.706759,Op-Fork,CityLine,0.0
CL-00396,Transmission,2026-03-07 16:28:03.922069,2026-03-07 16:48:18.492182,Op-Trans,CityLine,0.0
CL-00398,Wheels,2026-03-07 16:43:03.631705,2026-03-07 16:51:01.792102,Op-Wheels,CityLine,0.0
CL-00399,Wheels,2026-03-07 16:51:01.792102,2026-03-07 16:55:35.559818,Op-Wheels,CityLine,0.0
CL-00395,Final inspection,2026-03-07 16:43:31.874884,2026-03-07 16:55:55.474216,Op-Inspect,CityLine,0.0
CL-00455,Order released,2026-03-07 16:55:55.474216,2026-03-07 16:55:55.474216,Planner,CityLine,0.0
CL-00396,Brakes,2026-03-07 16:48:18.492182,2026-03-07 16:58:21.495440,Op-Brakes,CityLine,0.0
CL-00396,Accessories,2026-03-07 16:58:21.495440,2026-03-07 17:06:56.374290,Op-Access,CityLine,0.0
CL-00397,Transmission,2026-03-07 16:48:18.492182,2026-03-07 17:10:09.069320,Op-Trans,CityLine,0.0
CL-00396,Final inspection,2026-03-07 17:06:56.374290,2026-03-07 17:14:55.720665,Op-Inspect,CityLine,0.0
CL-00456,Order released,2026-03-07 17:14:55.720665,2026-03-07 17:14:55.720665,Planner,CityLine,0.0
CL-00400,Color change,2026-03-07 16:28:43.161829,2026-03-07 17:18:47.578297,Op-Paint,CityLine,0.0
CL-00398,Transmission,2026-03-07 17:10:09.069320,2026-03-07 17:23:38.238161,Op-Trans,CityLine,0.0
CL-00397,Brakes,2026-03-07 17:10:09.069320,2026-03-07 17:23:50.734496,Op-Brakes,CityLine,0.0
CL-00400,Frame & painting,2026-03-07 17:18:47.578297,2026-03-07 17:31:15.368402,Op-Paint,CityLine,0.0
CL-00397,Accessories,2026-03-07 17:23:50.734496,2026-03-07 17:36:18.344600,Op-Access,CityLine,0.0
CL-00400,Fork & steering,2026-03-07 17:31:15.368402,2026-03-07 17:37:08.427663,Op-Fork,CityLine,0.0
CL-00399,Transmission,2026-03-07 17:23:38.238161,2026-03-07 17:37:16.820979,Op-Trans,CityLine,0.0
CL-00401,Frame & painting,2026-03-07 17:31:15.368402,2026-03-07 17:38:50.090835,Op-Paint,CityLine,0.0
CL-00398,Brakes,2026-03-07 17:23:50.734496,2026-03-07 17:39:37.258130,Op-Brakes,CityLine,0.0
CL-00400,Wheels,2026-03-07 17:37:08.427663,2026-03-07 17:44:31.851967,Op-Wheels,CityLine,0.0
CL-00397,Final inspection,2026-03-07 17:36:18.344600,2026-03-07 17:44:46.876580,Op-Inspect,CityLine,0.0
CL-00457,Order released,2026-03-07 17:44:46.876580,2026-03-07 17:44:46.876580,Planner,CityLine,0.0
CL-00402,Frame & painting,2026-03-07 17:38:50.090835,2026-03-07 17:47:59.669784,Op-Paint,CityLine,0.0
CL-00401,Fork & steering,2026-03-07 17:38:50.090835,2026-03-07 17:48:34.083890,Op-Fork,CityLine,0.0
CL-00399,Brakes,2026-03-07 17:39:37.258130,2026-03-07 17:49:50.049925,Op-Brakes,CityLine,0.0
CL-00398,Accessories,2026-03-07 17:39:37.258130,2026-03-07 17:51:35.746659,Op-Access,CityLine,0.0
CL-00402,Fork & steering,2026-03-07 17:48:34.083890,2026-03-07 17:53:50.837810,Op-Fork,CityLine,0.0
CL-00398,Final inspection,2026-03-07 17:51:35.746659,2026-03-07 17:56:58.025711,Op-Inspect,CityLine,0.0
CL-00458,Order released,2026-03-07 17:56:58.025711,2026-03-07 17:56:58.025711,Planner,CityLine,0.0
CL-00403,Frame & painting,2026-03-07 17:47:59.669784,2026-03-07 17:58:37.486825,Op-Paint,CityLine,0.0
CL-00401,Wheels,2026-03-07 17:48:34.083890,2026-03-07 17:58:42.109845,Op-Wheels,CityLine,0.0
CL-00400,Transmission,2026-03-07 17:44:31.851967,2026-03-07 18:00:08.040451,Op-Trans,CityLine,0.0
CL-00399,Accessories,2026-03-07 17:51:35.746659,2026-03-07 18:05:11.312212,Op-Access,CityLine,0.0
CL-00403,Fork & steering,2026-03-07 17:58:37.486825,2026-03-07 18:05:48.585546,Op-Fork,CityLine,0.0
CL-00399,Final inspection,2026-03-07 18:05:11.312212,2026-03-07 18:08:43.322763,Op-Inspect,CityLine,0.0
CL-00459,Order released,2026-03-07 18:08:43.322763,2026-03-07 18:08:43.322763,Planner,CityLine,0.0
CL-00400,Brakes,2026-03-07 18:00:08.040451,2026-03-07 18:10:05.139443,Op-Brakes,CityLine,0.0
CL-00402,Wheels,2026-03-07 17:58:42.109845,2026-03-07 18:10:08.458198,Op-Wheels,CityLine,0.0
CL-00403,Wheels,2026-03-07 18:10:08.458198,2026-03-07 18:15:54.045228,Op-Wheels,CityLine,0.0
CL-00400,Accessories,2026-03-07 18:10:05.139443,2026-03-07 18:18:15.082577,Op-Access,CityLine,0.0
CL-00400,Final inspection,2026-03-07 18:18:15.082577,2026-03-07 18:24:01.584265,Op-Inspect,CityLine,0.0
CL-00460,Order released,2026-03-07 18:24:01.584265,2026-03-07 18:24:01.584265,Planner,CityLine,0.0
CL-00401,Transmission,2026-03-07 18:00:08.040451,2026-03-07 18:27:19.511087,Op-Trans,CityLine,0.0
CL-00404,Frame & painting,2026-03-07 17:58:37.486825,2026-03-07 18:29:09.763642,Op-Paint,CityLine,0.0
CL-00401,Brakes,2026-03-07 18:27:19.511087,2026-03-07 18:35:50.481844,Op-Brakes,CityLine,0.0
CL-00404,Fork & steering,2026-03-07 18:29:09.763642,2026-03-07 18:37:42.003037,Op-Fork,CityLine,0.0
CL-00402,Transmission,2026-03-07 18:27:19.511087,2026-03-07 18:40:37.084640,Op-Trans,CityLine,0.0
CL-00352,Paint rework,2026-03-07 18:29:09.763642,2026-03-07 18:41:03.784110,Op-Paint,CityLine,30.0
CL-00402,Brakes,2026-03-07 18:40:37.084640,2026-03-07 18:47:49.244002,Op-Brakes,CityLine,0.0
CL-00401,Accessories,2026-03-07 18:35:50.481844,2026-03-07 18:47:59.391148,Op-Access,CityLine,0.0
CL-00404,Wheels,2026-03-07 18:37:42.003037,2026-03-07 18:49:49.403280,Op-Wheels,CityLine,0.0
CL-00352,Fork & steering,2026-03-07 18:41:03.784110,2026-03-07 18:50:06.876769,Op-Fork,CityLine,0.0
CL-00403,Transmission,2026-03-07 18:40:37.084640,2026-03-07 18:51:18.129178,Op-Trans,CityLine,0.0
CL-00402,Accessories,2026-03-07 18:47:59.391148,2026-03-07 18:53:45.612290,Op-Access,CityLine,0.0
CL-00401,Final inspection,2026-03-07 18:47:59.391148,2026-03-07 18:55:18.992394,Op-Inspect,CityLine,0.0
CL-00461,Order released,2026-03-07 18:55:18.992394,2026-03-07 18:55:18.992394,Planner,CityLine,0.0
CL-00352,Wheels,2026-03-07 18:50:06.876769,2026-03-07 18:57:26.656604,Op-Wheels,CityLine,0.0
CL-00402,Final inspection,2026-03-07 18:55:18.992394,2026-03-07 19:02:05.464079,Op-Inspect,CityLine,0.0
CL-00462,Order released,2026-03-07 19:02:05.464079,2026-03-07 19:02:05.464079,Planner,CityLine,0.0
CL-00403,Brakes,2026-03-07 18:51:18.129178,2026-03-07 19:02:16.307991,Op-Brakes,CityLine,0.0
CL-00405,Color change,2026-03-07 18:41:03.784110,2026-03-07 19:07:20.938193,Op-Paint,CityLine,0.0
CL-00403,Accessories,2026-03-07 19:02:16.307991,2026-03-07 19:08:51.799561,Op-Access,CityLine,0.0
CL-00404,Transmission,2026-03-07 18:51:18.129178,2026-03-07 19:11:12.918166,Op-Trans,CityLine,0.0
CL-00403,Final inspection,2026-03-07 19:08:51.799561,2026-03-07 19:13:27.256902,Op-Inspect,CityLine,0.0
CL-00463,Order released,2026-03-07 19:13:27.256902,2026-03-07 19:13:27.256902,Planner,CityLine,0.0
CL-00405,Frame & painting,2026-03-07 19:07:20.938193,2026-03-07 19:16:05.451877,Op-Paint,CityLine,0.0
CL-00404,Brakes,2026-03-07 19:11:12.918166,2026-03-07 19:20:44.155707,Op-Brakes,CityLine,0.0
CL-00406,Frame & painting,2026-03-07 19:16:05.451877,2026-03-07 19:25:47.223953,Op-Paint,CityLine,0.0
CL-00404,Accessories,2026-03-07 19:20:44.155707,2026-03-07 19:25:59.004896,Op-Access,CityLine,0.0
CL-00405,Fork & steering,2026-03-07 19:16:05.451877,2026-03-07 19:27:27.749324,Op-Fork,CityLine,0.0
CL-00352,Transmission,2026-03-07 19:11:12.918166,2026-03-07 19:30:30.244353,Op-Trans,CityLine,0.0
CL-00404,Final inspection,2026-03-07 19:25:59.004896,2026-03-07 19:33:30.753364,Op-Inspect,CityLine,0.0
CL-00464,Order released,2026-03-07 19:33:30.753364,2026-03-07 19:33:30.753364,Planner,CityLine,0.0
CL-00406,Fork & steering,2026-03-07 19:27:27.749324,2026-03-07 19:34:07.582339,Op-Fork,CityLine,0.0
CL-00407,Frame & painting,2026-03-07 19:25:47.223953,2026-03-07 19:35:07.994642,Op-Paint,CityLine,0.0
CL-00352,Brakes,2026-03-07 19:30:30.244353,2026-03-07 19:39:20.914994,Op-Brakes,CityLine,0.0
CL-00405,Wheels,2026-03-07 19:27:27.749324,2026-03-07 19:39:21.315088,Op-Wheels,CityLine,0.0
CL-00352,Accessories,2026-03-07 19:39:20.914994,2026-03-07 19:45:23.305918,Op-Access,CityLine,0.0
CL-00408,Frame & painting,2026-03-07 19:35:07.994642,2026-03-07 19:46:36.865281,Op-Paint,CityLine,0.0
CL-00406,Wheels,2026-03-07 19:39:21.315088,2026-03-07 19:47:09.024514,Op-Wheels,CityLine,0.0
CL-00408,Fork & steering,2026-03-07 19:46:36.865281,2026-03-07 19:50:23.250932,Op-Fork,CityLine,0.0
CL-00352,Final inspection,2026-03-07 19:45:23.305918,2026-03-07 19:52:39.800383,Op-Inspect,CityLine,0.0
CL-00465,Order released,2026-03-07 19:52:39.800383,2026-03-07 19:52:39.800383,Planner,CityLine,0.0
CL-00409,Frame & painting,2026-03-07 19:46:36.865281,2026-03-07 19:57:07.893128,Op-Paint,CityLine,0.0
CL-00408,Wheels,2026-03-07 19:50:23.250932,2026-03-07 19:58:16.402836,Op-Wheels,CityLine,0.0
CL-00405,Transmission,2026-03-07 19:39:21.315088,2026-03-07 20:05:15.640049,Op-Trans,CityLine,0.0
CL-00409,Fork & steering,2026-03-07 19:57:07.893128,2026-03-07 20:09:14.490341,Op-Fork,CityLine,0.0
CL-00409,Wheels,2026-03-07 20:09:14.490341,2026-03-07 20:18:28.775659,Op-Wheels,CityLine,0.0
CL-00405,Brakes,2026-03-07 20:05:15.640049,2026-03-07 20:20:34.595623,Op-Brakes,CityLine,0.0
CL-00405,Accessories,2026-03-07 20:20:34.595623,2026-03-07 20:29:10.235340,Op-Access,CityLine,0.0
CL-00406,Transmission,2026-03-07 20:05:15.640049,2026-03-07 20:29:49.985494,Op-Trans,CityLine,0.0
CL-00410,Color change,2026-03-07 19:57:07.893128,2026-03-07 20:35:10.977746,Op-Paint,CityLine,0.0
CL-00405,Final inspection,2026-03-07 20:29:10.235340,2026-03-07 20:36:29.308547,Op-Inspect,CityLine,0.0
CL-00466,Express release,2026-03-07 20:36:29.308547,2026-03-07 20:36:29.308547,Planner,CityLine,0.0
CL-00406,Brakes,2026-03-07 20:29:49.985494,2026-03-07 20:43:30.355984,Op-Brakes,CityLine,0.0
CL-00410,Frame & painting,2026-03-07 20:35:10.977746,2026-03-07 20:44:38.998154,Op-Paint,CityLine,0.0
CL-00408,Transmission,2026-03-07 20:29:49.985494,2026-03-07 20:45:52.237901,Op-Trans,CityLine,0.0
CL-00410,Fork & steering,2026-03-07 20:44:38.998154,2026-03-07 20:53:31.878698,Op-Fork,CityLine,0.0
CL-00408,Brakes,2026-03-07 20:45:52.237901,2026-03-07 20:55:48.156548,Op-Brakes,CityLine,0.0
CL-00406,Accessories,2026-03-07 20:43:30.355984,2026-03-07 20:57:05.079181,Op-Access,CityLine,0.0
CL-00411,Frame & painting,2026-03-07 20:44:38.998154,2026-03-07 21:01:34.910388,Op-Paint,CityLine,0.0
CL-00408,Accessories,2026-03-07 20:57:05.079181,2026-03-07 21:02:44.900238,Op-Access,CityLine,0.0
CL-00410,Wheels,2026-03-07 20:53:31.878698,2026-03-07 21:06:00.986331,Op-Wheels,CityLine,0.0
CL-00411,Fork & steering,2026-03-07 21:01:34.910388,2026-03-07 21:10:17.278500,Op-Fork,CityLine,0.0
CL-00412,Frame & painting,2026-03-07 21:01:34.910388,2026-03-07 21:12:23.101594,Op-Paint,CityLine,0.0
CL-00409,Transmission,2026-03-07 20:45:52.237901,2026-03-07 21:15:00.235467,Op-Trans,CityLine,0.0
CL-00406,Final inspection,2026-03-07 20:57:05.079181,2026-03-07 21:17:10.307144,Op-Inspect,CityLine,0.0
CL-00467,Order released,2026-03-07 21:17:10.307144,2026-03-07 21:17:10.307144,Planner,CityLine,0.0
CL-00412,Fork & steering,2026-03-07 21:12:23.101594,2026-03-07 21:22:39.333761,Op-Fork,CityLine,0.0
CL-00408,Final inspection,2026-03-07 21:17:10.307144,2026-03-07 21:25:16.350360,Op-Inspect,CityLine,0.0
CL-00413,Frame & painting,2026-03-07 21:12:23.101594,2026-03-07 21:26:23.870370,Op-Paint,CityLine,0.0
CL-00410,Transmission,2026-03-07 21:15:00.235467,2026-03-07 21:27:06.442217,Op-Trans,CityLine,0.0
CL-00409,Brakes,2026-03-07 21:15:00.235467,2026-03-07 21:29:23.748622,Op-Brakes,CityLine,0.0
CL-00411,Wheels,2026-03-07 21:10:17.278500,2026-03-07 21:30:26.084574,Op-Wheels,CityLine,0.0
CL-00408,Final adjustment,2026-03-07 21:25:16.350360,2026-03-07 21:34:26.754517,Op-Inspect,CityLine,0.0
CL-00409,Accessories,2026-03-07 21:29:23.748622,2026-03-07 21:35:45.719154,Op-Access,CityLine,0.0
CL-00413,Fork & steering,2026-03-07 21:26:23.870370,2026-03-07 21:35:47.182917,Op-Fork,CityLine,0.0
CL-00414,Frame & painting,2026-03-07 21:26:23.870370,2026-03-07 21:35:56.211061,Op-Paint,CityLine,0.0
CL-00410,Brakes,2026-03-07 21:29:23.748622,2026-03-07 21:37:19.556963,Op-Brakes,CityLine,0.0
CL-00408,Final inspection,2026-03-07 21:34:26.754517,2026-03-07 21:40:59.559086,Op-Inspect,CityLine,0.0
CL-00468,Order released,2026-03-07 21:40:59.559086,2026-03-07 21:40:59.559086,Planner,CityLine,0.0
CL-00412,Wheels,2026-03-07 21:30:26.084574,2026-03-07 21:41:37.892192,Op-Wheels,CityLine,0.0
CL-00411,Transmission,2026-03-07 21:30:26.084574,2026-03-07 21:43:25.752724,Op-Trans,CityLine,0.0
CL-00414,Fork & steering,2026-03-07 21:35:56.211061,2026-03-07 21:44:53.347810,Op-Fork,CityLine,0.0
CL-00410,Accessories,2026-03-07 21:37:19.556963,2026-03-07 21:45:04.904580,Op-Access,CityLine,0.0
CL-00413,Wheels,2026-03-07 21:41:37.892192,2026-03-07 21:47:11.564607,Op-Wheels,CityLine,0.0
CL-00409,Final inspection,2026-03-07 21:40:59.559086,2026-03-07 21:48:46.618889,Op-Inspect,CityLine,0.0
CL-00469,Order released,2026-03-07 21:48:46.618889,2026-03-07 21:48:46.618889,Planner,CityLine,0.0
CL-00411,Brakes,2026-03-07 21:43:25.752724,2026-03-07 21:52:05.186208,Op-Brakes,CityLine,0.0
CL-00414,Wheels,2026-03-07 21:47:11.564607,2026-03-07 21:52:56.667861,Op-Wheels,CityLine,0.0
CL-00410,Final inspection,2026-03-07 21:48:46.618889,2026-03-07 21:54:36.251654,Op-Inspect,CityLine,0.0
CL-00470,Order released,2026-03-07 21:54:36.251654,2026-03-07 21:54:36.251654,Planner,CityLine,0.0
CL-00411,Accessories,2026-03-07 21:52:05.186208,2026-03-07 22:01:28.022288,Op-Access,CityLine,0.0
CL-00411,Final inspection,2026-03-07 22:01:28.022288,2026-03-07 22:06:19.838189,Op-Inspect,CityLine,0.0
CL-00471,Order released,2026-03-07 22:06:19.838189,2026-03-07 22:06:19.838189,Planner,CityLine,0.0
CL-00412,Transmission,2026-03-07 21:43:25.752724,2026-03-07 22:06:51.071259,Op-Trans,CityLine,0.0
CL-00415,Color change,2026-03-07 21:35:56.211061,2026-03-07 22:09:29.458516,Op-Paint,CityLine,0.0
CL-00412,Brakes,2026-03-07 22:06:51.071259,2026-03-07 22:16:28.806975,Op-Brakes,CityLine,0.0
CL-00413,Transmission,2026-03-07 22:06:51.071259,2026-03-07 22:19:38.303239,Op-Trans,CityLine,0.0
CL-00415,Frame & painting,2026-03-07 22:09:29.458516,2026-03-07 22:25:01.507287,Op-Paint,CityLine,0.0
CL-00412,Accessories,2026-03-07 22:16:28.806975,2026-03-07 22:26:01.453718,Op-Access,CityLine,0.0
CL-00415,Fork & steering,2026-03-07 22:25:01.507287,2026-03-07 22:30:15.055441,Op-Fork,CityLine,0.0
CL-00414,Transmission,2026-03-07 22:19:38.303239,2026-03-07 22:35:24.005244,Op-Trans,CityLine,0.0
CL-00416,Frame & painting,2026-03-07 22:25:01.507287,2026-03-07 22:35:49.118224,Op-Paint,CityLine,0.0
CL-00413,Brakes,2026-03-07 22:19:38.303239,2026-03-07 22:36:25.685649,Op-Brakes,CityLine,0.0
CL-00412,Final inspection,2026-03-07 22:26:01.453718,2026-03-07 22:38:23.463283,Op-Inspect,CityLine,0.0
CL-00472,Order released,2026-03-07 22:38:23.463283,2026-03-07 22:38:23.463283,Planner,CityLine,0.0
CL-00415,Wheels,2026-03-07 22:30:15.055441,2026-03-07 22:42:07.215752,Op-Wheels,CityLine,0.0
CL-00413,Accessories,2026-03-07 22:36:25.685649,2026-03-07 22:43:53.866202,Op-Access,CityLine,0.0
CL-00417,Frame & painting,2026-03-07 22:35:49.118224,2026-03-07 22:44:31.153740,Op-Paint,CityLine,0.0
CL-00414,Brakes,2026-03-07 22:36:25.685649,2026-03-07 22:44:36.298178,Op-Brakes,CityLine,0.0
CL-00416,Fork & steering,2026-03-07 22:35:49.118224,2026-03-07 22:45:36.962772,Op-Fork,CityLine,0.0
CL-00413,Final inspection,2026-03-07 22:43:53.866202,2026-03-07 22:49:32.469996,Op-Inspect,CityLine,0.0
CL-00473,Order released,2026-03-07 22:49:32.469996,2026-03-07 22:49:32.469996,Planner,CityLine,0.0
CL-00414,Accessories,2026-03-07 22:44:36.298178,2026-03-07 22:51:16.124058,Op-Access,CityLine,0.0
CL-00417,Fork & steering,2026-03-07 22:45:36.962772,2026-03-07 22:52:50.371351,Op-Fork,CityLine,0.0
CL-00416,Wheels,2026-03-07 22:45:36.962772,2026-03-07 22:53:51.330100,Op-Wheels,CityLine,0.0
CL-00414,Final inspection,2026-03-07 22:51:16.124058,2026-03-07 22:55:08.291753,Op-Inspect,CityLine,0.0
CL-00474,Order released,2026-03-07 22:55:08.291753,2026-03-07 22:55:08.291753,Planner,CityLine,0.0
CL-00418,Frame & painting,2026-03-07 22:44:31.153740,2026-03-07 23:01:17.854764,Op-Paint,CityLine,0.0
CL-00417,Wheels,2026-03-07 22:53:51.330100,2026-03-07 23:01:35.465502,Op-Wheels,CityLine,0.0
CL-00415,Transmission,2026-03-07 22:42:07.215752,2026-03-07 23:04:07.678965,Op-Trans,CityLine,0.0
CL-00418,Fork & steering,2026-03-07 23:01:17.854764,2026-03-07 23:08:12.382439,Op-Fork,CityLine,0.0
CL-00419,Frame & painting,2026-03-07 23:01:17.854764,2026-03-07 23:08:50.433466,Op-Paint,CityLine,0.0
CL-00419,Fork & steering,2026-03-07 23:08:50.433466,2026-03-07 23:14:44.841423,Op-Fork,CityLine,0.0
CL-00363,Paint rework,2026-03-07 23:08:50.433466,2026-03-07 23:15:00.556722,Op-Paint,CityLine,30.0
CL-00418,Wheels,2026-03-07 23:08:12.382439,2026-03-07 23:17:08.172320,Op-Wheels,CityLine,0.0
CL-00416,Transmission,2026-03-07 23:04:07.678965,2026-03-07 23:19:52.070583,Op-Trans,CityLine,0.0
CL-00363,Fork & steering,2026-03-07 23:15:00.556722,2026-03-07 23:22:35.189576,Op-Fork,CityLine,0.0
CL-00415,Brakes,2026-03-07 23:04:07.678965,2026-03-07 23:24:09.679874,Op-Brakes,CityLine,0.0
CL-00415,Accessories,2026-03-07 23:24:09.679874,2026-03-07 23:27:56.781435,Op-Access,CityLine,0.0
CL-00415,Final inspection,2026-03-07 23:27:56.781435,2026-03-07 23:34:38.339611,Op-Inspect,CityLine,0.0
CL-00475,Order released,2026-03-07 23:34:38.339611,2026-03-07 23:34:38.339611,Planner,CityLine,0.0
CL-00416,Brakes,2026-03-07 23:24:09.679874,2026-03-07 23:36:48.977394,Op-Brakes,CityLine,0.0
CL-00419,Wheels,2026-03-07 23:17:08.172320,2026-03-07 23:38:16.557679,Op-Wheels,CityLine,0.0
CL-00417,Transmission,2026-03-07 23:19:52.070583,2026-03-07 23:38:40.766773,Op-Trans,CityLine,0.0
CL-00416,Accessories,2026-03-07 23:36:48.977394,2026-03-07 23:46:03.106103,Op-Access,CityLine,0.0
CL-00363,Wheels,2026-03-07 23:38:16.557679,2026-03-07 23:48:33.460682,Op-Wheels,CityLine,0.0
CL-00417,Brakes,2026-03-07 23:38:40.766773,2026-03-07 23:49:48.298656,Op-Brakes,CityLine,0.0
CL-00416,Final inspection,2026-03-07 23:46:03.106103,2026-03-07 23:51:32.812081,Op-Inspect,CityLine,0.0
CL-00476,Order released,2026-03-07 23:51:32.812081,2026-03-07 23:51:32.812081,Planner,CityLine,0.0
CL-00417,Accessories,2026-03-07 23:49:48.298656,2026-03-07 23:55:57.608020,Op-Access,CityLine,0.0
CL-00420,Color change,2026-03-07 23:15:00.556722,2026-03-07 23:56:32.571586,Op-Paint,CityLine,0.0
CL-00418,Transmission,2026-03-07 23:38:40.766773,2026-03-07 23:59:20.823122,Op-Trans,CityLine,0.0
CL-00417,Final inspection,2026-03-07 23:55:57.608020,2026-03-08 00:02:47.755990,Op-Inspect,CityLine,0.0
CL-00477,Order released,2026-03-08 00:02:47.755990,2026-03-08 00:02:47.755990,Planner,CityLine,0.0
CL-00418,Brakes,2026-03-07 23:59:20.823122,2026-03-08 00:06:09.546747,Op-Brakes,CityLine,0.0
CL-00420,Frame & painting,2026-03-07 23:56:32.571586,2026-03-08 00:06:51.136684,Op-Paint,CityLine,0.0
CL-00421,Frame & painting,2026-03-08 00:06:51.136684,2026-03-08 00:12:01.284609,Op-Paint,CityLine,0.0
CL-00420,Fork & steering,2026-03-08 00:06:51.136684,2026-03-08 00:16:00.759001,Op-Fork,CityLine,0.0
CL-00419,Transmission,2026-03-07 23:59:20.823122,2026-03-08 00:16:48.265619,Op-Trans,CityLine,0.0
CL-00418,Accessories,2026-03-08 00:06:09.546747,2026-03-08 00:18:16.635045,Op-Access,CityLine,0.0
CL-00422,Frame & painting,2026-03-08 00:12:01.284609,2026-03-08 00:18:18.940660,Op-Paint,CityLine,0.0
CL-00418,Final inspection,2026-03-08 00:18:16.635045,2026-03-08 00:25:14.019103,Op-Inspect,CityLine,0.0
CL-00478,Order released,2026-03-08 00:25:14.019103,2026-03-08 00:25:14.019103,Planner,CityLine,0.0
CL-00421,Fork & steering,2026-03-08 00:16:00.759001,2026-03-08 00:26:41.912732,Op-Fork,CityLine,0.0
CL-00423,Frame & painting,2026-03-08 00:18:18.940660,2026-03-08 00:27:50.873837,Op-Paint,CityLine,0.0
CL-00363,Transmission,2026-03-08 00:16:48.265619,2026-03-08 00:29:21.120275,Op-Trans,CityLine,0.0
CL-00419,Brakes,2026-03-08 00:16:48.265619,2026-03-08 00:30:35.203684,Op-Brakes,CityLine,0.0
CL-00420,Wheels,2026-03-08 00:16:00.759001,2026-03-08 00:33:28.171052,Op-Wheels,CityLine,0.0
CL-00367,Paint rework,2026-03-08 00:27:50.873837,2026-03-08 00:34:15.089686,Op-Paint,CityLine,30.0
CL-00419,Accessories,2026-03-08 00:30:35.203684,2026-03-08 00:37:36.490149,Op-Access,CityLine,0.0
CL-00422,Fork & steering,2026-03-08 00:26:41.912732,2026-03-08 00:37:45.290633,Op-Fork,CityLine,0.0
CL-00421,Wheels,2026-03-08 00:33:28.171052,2026-03-08 00:38:17.579542,Op-Wheels,CityLine,0.0
CL-00363,Brakes,2026-03-08 00:30:35.203684,2026-03-08 00:43:22.847877,Op-Brakes,CityLine,0.0
CL-00423,Fork & steering,2026-03-08 00:37:45.290633,2026-03-08 00:44:48.617385,Op-Fork,CityLine,0.0
CL-00424,Frame & painting,2026-03-08 00:34:15.089686,2026-03-08 00:45:05.465046,Op-Paint,CityLine,0.0
CL-00422,Wheels,2026-03-08 00:38:17.579542,2026-03-08 00:45:19.258397,Op-Wheels,CityLine,0.0
CL-00419,Final inspection,2026-03-08 00:37:36.490149,2026-03-08 00:45:29.416067,Op-Inspect,CityLine,0.0
CL-00479,Order released,2026-03-08 00:45:29.416067,2026-03-08 00:45:29.416067,Planner,CityLine,0.0
CL-00420,Transmission,2026-03-08 00:33:28.171052,2026-03-08 00:45:51.168221,Op-Trans,CityLine,0.0
CL-00367,Fork & steering,2026-03-08 00:44:48.617385,2026-03-08 00:49:23.998403,Op-Fork,CityLine,0.0
CL-00363,Accessories,2026-03-08 00:43:22.847877,2026-03-08 00:52:08.175759,Op-Access,CityLine,0.0
CL-00423,Wheels,2026-03-08 00:45:19.258397,2026-03-08 00:54:29.961130,Op-Wheels,CityLine,0.0
CL-00363,Final inspection,2026-03-08 00:52:08.175759,2026-03-08 00:57:57.779358,Op-Inspect,CityLine,0.0
CL-00480,Order released,2026-03-08 00:57:57.779358,2026-03-08 00:57:57.779358,Planner,CityLine,0.0
CL-00420,Brakes,2026-03-08 00:45:51.168221,2026-03-08 00:58:37.249058,Op-Brakes,CityLine,0.0
CL-00367,Wheels,2026-03-08 00:54:29.961130,2026-03-08 01:02:58.596216,Op-Wheels,CityLine,0.0
CL-00421,Transmission,2026-03-08 00:45:51.168221,2026-03-08 01:04:40.918611,Op-Trans,CityLine,0.0
CL-00420,Accessories,2026-03-08 00:58:37.249058,2026-03-08 01:08:30.838439,Op-Access,CityLine,0.0
CL-00421,Brakes,2026-03-08 01:04:40.918611,2026-03-08 01:15:20.341851,Op-Brakes,CityLine,0.0
CL-00420,Final inspection,2026-03-08 01:08:30.838439,2026-03-08 01:16:59.976636,Op-Inspect,CityLine,0.0
CL-00481,Order released,2026-03-08 01:16:59.976636,2026-03-08 01:16:59.976636,Planner,CityLine,0.0
CL-00425,Color change,2026-03-08 00:45:05.465046,2026-03-08 01:17:16.021816,Op-Paint,CityLine,0.0
CL-00421,Accessories,2026-03-08 01:15:20.341851,2026-03-08 01:20:20.792587,Op-Access,CityLine,0.0
CL-00422,Transmission,2026-03-08 01:04:40.918611,2026-03-08 01:20:41.814396,Op-Trans,CityLine,0.0
CL-00423,Transmission,2026-03-08 01:20:41.814396,2026-03-08 01:28:37.964948,Op-Trans,CityLine,0.0
CL-00425,Frame & painting,2026-03-08 01:17:16.021816,2026-03-08 01:29:50.508826,Op-Paint,CityLine,0.0
CL-00421,Final inspection,2026-03-08 01:20:20.792587,2026-03-08 01:32:24.712057,Op-Inspect,CityLine,0.0
CL-00482,Order released,2026-03-08 01:32:24.712057,2026-03-08 01:32:24.712057,Planner,CityLine,0.0
CL-00426,Frame & painting,2026-03-08 01:29:50.508826,2026-03-08 01:35:51.531829,Op-Paint,CityLine,0.0
CL-00422,Brakes,2026-03-08 01:20:41.814396,2026-03-08 01:35:57.013162,Op-Brakes,CityLine,0.0
CL-00425,Fork & steering,2026-03-08 01:29:50.508826,2026-03-08 01:36:16.342433,Op-Fork,CityLine,0.0
CL-00367,Transmission,2026-03-08 01:28:37.964948,2026-03-08 01:38:39.766910,Op-Trans,CityLine,0.0
CL-00427,Frame & painting,2026-03-08 01:35:51.531829,2026-03-08 01:43:19.135332,Op-Paint,CityLine,0.0
CL-00426,Fork & steering,2026-03-08 01:36:16.342433,2026-03-08 01:45:33.980521,Op-Fork,CityLine,0.0
CL-00425,Wheels,2026-03-08 01:36:16.342433,2026-03-08 01:45:42.086245,Op-Wheels,CityLine,0.0
CL-00423,Brakes,2026-03-08 01:35:57.013162,2026-03-08 01:45:54.151144,Op-Brakes,CityLine,0.0
CL-00422,Accessories,2026-03-08 01:35:57.013162,2026-03-08 01:46:48.540219,Op-Access,CityLine,0.0
CL-00422,Final inspection,2026-03-08 01:46:48.540219,2026-03-08 01:51:15.607510,Op-Inspect,CityLine,0.0
CL-00426,Wheels,2026-03-08 01:45:42.086245,2026-03-08 01:52:54.284254,Op-Wheels,CityLine,0.0
CL-00427,Fork & steering,2026-03-08 01:45:33.980521,2026-03-08 01:53:36.011359,Op-Fork,CityLine,0.0
CL-00367,Brakes,2026-03-08 01:45:54.151144,2026-03-08 01:54:10.685392,Op-Brakes,CityLine,0.0
CL-00423,Accessories,2026-03-08 01:46:48.540219,2026-03-08 01:56:03.489011,Op-Access,CityLine,0.0
CL-00422,Final adjustment,2026-03-08 01:51:15.607510,2026-03-08 01:58:30.856564,Op-Inspect,CityLine,0.0
CL-00428,Frame & painting,2026-03-08 01:43:19.135332,2026-03-08 01:59:33.749930,Op-Paint,CityLine,0.0
CL-00427,Wheels,2026-03-08 01:53:36.011359,2026-03-08 02:00:57.317694,Op-Wheels,CityLine,0.0
CL-00367,Accessories,2026-03-08 01:56:03.489011,2026-03-08 02:01:34.855454,Op-Access,CityLine,0.0
CL-00423,Final inspection,2026-03-08 01:58:30.856564,2026-03-08 02:05:00.796995,Op-Inspect,CityLine,0.0
CL-00483,Order released,2026-03-08 02:05:00.796995,2026-03-08 02:05:00.796995,Planner,CityLine,0.0
CL-00428,Fork & steering,2026-03-08 01:59:33.749930,2026-03-08 02:05:32.613598,Op-Fork,CityLine,0.0
CL-00422,Final inspection,2026-03-08 02:05:00.796995,2026-03-08 02:10:31.493969,Op-Inspect,CityLine,0.0
CL-00484,Order released,2026-03-08 02:10:31.493969,2026-03-08 02:10:31.493969,Planner,CityLine,0.0
CL-00425,Transmission,2026-03-08 01:45:42.086245,2026-03-08 02:11:38.216135,Op-Trans,CityLine,0.0
CL-00367,Final inspection,2026-03-08 02:10:31.493969,2026-03-08 02:14:14.096536,Op-Inspect,CityLine,0.0
CL-00485,Order released,2026-03-08 02:14:14.096536,2026-03-08 02:14:14.096536,Planner,CityLine,0.0
CL-00429,Frame & painting,2026-03-08 01:59:33.749930,2026-03-08 02:15:31.959125,Op-Paint,CityLine,0.0
CL-00428,Wheels,2026-03-08 02:05:32.613598,2026-03-08 02:16:49.612468,Op-Wheels,CityLine,0.0
CL-00429,Fork & steering,2026-03-08 02:15:31.959125,2026-03-08 02:21:09.379732,Op-Fork,CityLine,0.0
CL-00426,Transmission,2026-03-08 02:11:38.216135,2026-03-08 02:27:39.789326,Op-Trans,CityLine,0.0
CL-00425,Brakes,2026-03-08 02:11:38.216135,2026-03-08 02:30:02.574249,Op-Brakes,CityLine,0.0
CL-00429,Wheels,2026-03-08 02:21:09.379732,2026-03-08 02:32:55.112305,Op-Wheels,CityLine,0.0
CL-00425,Accessories,2026-03-08 02:30:02.574249,2026-03-08 02:42:37.693104,Op-Access,CityLine,0.0
CL-00426,Brakes,2026-03-08 02:30:02.574249,2026-03-08 02:44:44.088890,Op-Brakes,CityLine,0.0
CL-00425,Final inspection,2026-03-08 02:42:37.693104,2026-03-08 02:46:42.183335,Op-Inspect,CityLine,0.0
CL-00486,Order released,2026-03-08 02:46:42.183335,2026-03-08 02:46:42.183335,Planner,CityLine,0.0
CL-00426,Accessories,2026-03-08 02:44:44.088890,2026-03-08 02:51:26.430576,Op-Access,CityLine,0.0
CL-00427,Transmission,2026-03-08 02:27:39.789326,2026-03-08 02:54:17.319421,Op-Trans,CityLine,0.0
CL-00426,Final inspection,2026-03-08 02:51:26.430576,2026-03-08 02:58:26.528042,Op-Inspect,CityLine,0.0
CL-00487,Order released,2026-03-08 02:58:26.528042,2026-03-08 02:58:26.528042,Planner,CityLine,0.0
CL-00427,Brakes,2026-03-08 02:54:17.319421,2026-03-08 03:01:20.916624,Op-Brakes,CityLine,0.0
CL-00427,Accessories,2026-03-08 03:01:20.916624,2026-03-08 03:06:11.260134,Op-Access,CityLine,0.0
CL-00428,Transmission,2026-03-08 02:54:17.319421,2026-03-08 03:10:01.533729,Op-Trans,CityLine,0.0
CL-00427,Final inspection,2026-03-08 03:06:11.260134,2026-03-08 03:14:05.752006,Op-Inspect,CityLine,0.0
CL-00430,Color change,2026-03-08 02:15:31.959125,2026-03-08 03:18:44.982792,Op-Paint,CityLine,0.0
CL-00427,Final adjustment,2026-03-08 03:14:05.752006,2026-03-08 03:21:27.184468,Op-Inspect,CityLine,0.0
CL-00428,Brakes,2026-03-08 03:10:01.533729,2026-03-08 03:22:54.284190,Op-Brakes,CityLine,0.0
CL-00428,Accessories,2026-03-08 03:22:54.284190,2026-03-08 03:28:11.210689,Op-Access,CityLine,0.0
CL-00430,Frame & painting,2026-03-08 03:18:44.982792,2026-03-08 03:29:14.536131,Op-Paint,CityLine,0.0
CL-00427,Final inspection,2026-03-08 03:21:27.184468,2026-03-08 03:30:10.701335,Op-Inspect,CityLine,0.0
CL-00488,Order released,2026-03-08 03:30:10.701335,2026-03-08 03:30:10.701335,Planner,CityLine,0.0
CL-00374,Paint rework,2026-03-08 03:29:14.536131,2026-03-08 03:32:52.065590,Op-Paint,CityLine,30.0
CL-00428,Final inspection,2026-03-08 03:30:10.701335,2026-03-08 03:34:50.941939,Op-Inspect,CityLine,0.0
CL-00489,Order released,2026-03-08 03:34:50.941939,2026-03-08 03:34:50.941939,Planner,CityLine,0.0
CL-00430,Fork & steering,2026-03-08 03:29:14.536131,2026-03-08 03:37:41.913469,Op-Fork,CityLine,0.0
CL-00429,Transmission,2026-03-08 03:10:01.533729,2026-03-08 03:42:07.340420,Op-Trans,CityLine,0.0
CL-00431,Frame & painting,2026-03-08 03:32:52.065590,2026-03-08 03:42:38.223179,Op-Paint,CityLine,0.0
CL-00430,Wheels,2026-03-08 03:37:41.913469,2026-03-08 03:48:08.966305,Op-Wheels,CityLine,0.0
CL-00374,Fork & steering,2026-03-08 03:37:41.913469,2026-03-08 03:49:51.184572,Op-Fork,CityLine,0.0
CL-00432,Frame & painting,2026-03-08 03:42:38.223179,2026-03-08 03:51:18.949402,Op-Paint,CityLine,0.0
CL-00429,Brakes,2026-03-08 03:42:07.340420,2026-03-08 03:53:28.475996,Op-Brakes,CityLine,0.0
CL-00375,Paint rework,2026-03-08 03:51:18.949402,2026-03-08 03:57:25.677537,Op-Paint,CityLine,30.0
CL-00430,Transmission,2026-03-08 03:48:08.966305,2026-03-08 03:58:46.467796,Op-Trans,CityLine,0.0
CL-00431,Fork & steering,2026-03-08 03:49:51.184572,2026-03-08 03:59:04.827463,Op-Fork,CityLine,0.0
CL-00429,Accessories,2026-03-08 03:53:28.475996,2026-03-08 04:01:13.810366,Op-Access,CityLine,0.0
CL-00374,Wheels,2026-03-08 03:49:51.184572,2026-03-08 04:01:46.356125,Op-Wheels,CityLine,0.0
CL-00433,Frame & painting,2026-03-08 03:57:25.677537,2026-03-08 04:05:11.324549,Op-Paint,CityLine,0.0
CL-00432,Fork & steering,2026-03-08 03:59:04.827463,2026-03-08 04:07:40.647701,Op-Fork,CityLine,0.0
CL-00429,Final inspection,2026-03-08 04:01:13.810366,2026-03-08 04:07:43.103012,Op-Inspect,CityLine,0.0
CL-00490,Order released,2026-03-08 04:07:43.103012,2026-03-08 04:07:43.103012,Planner,CityLine,0.0
CL-00431,Wheels,2026-03-08 04:01:46.356125,2026-03-08 04:10:11.440470,Op-Wheels,CityLine,0.0
CL-00430,Brakes,2026-03-08 03:58:46.467796,2026-03-08 04:10:56.857113,Op-Brakes,CityLine,0.0
CL-00375,Fork & steering,2026-03-08 04:07:40.647701,2026-03-08 04:15:11.850768,Op-Fork,CityLine,0.0
CL-00434,Frame & painting,2026-03-08 04:05:11.324549,2026-03-08 04:16:31.402049,Op-Paint,CityLine,0.0
CL-00432,Wheels,2026-03-08 04:10:11.440470,2026-03-08 04:18:03.321916,Op-Wheels,CityLine,0.0
CL-00430,Accessories,2026-03-08 04:10:56.857113,2026-03-08 04:20:20.865429,Op-Access,CityLine,0.0
CL-00433,Fork & steering,2026-03-08 04:15:11.850768,2026-03-08 04:21:02.918234,Op-Fork,CityLine,0.0
CL-00374,Transmission,2026-03-08 04:01:46.356125,2026-03-08 04:26:02.866767,Op-Trans,CityLine,0.0
CL-00430,Final inspection,2026-03-08 04:20:20.865429,2026-03-08 04:27:33.579124,Op-Inspect,CityLine,0.0
CL-00491,Order released,2026-03-08 04:27:33.579124,2026-03-08 04:27:33.579124,Planner,CityLine,0.0
CL-00375,Wheels,2026-03-08 04:18:03.321916,2026-03-08 04:30:24.848903,Op-Wheels,CityLine,0.0
CL-00374,Brakes,2026-03-08 04:26:02.866767,2026-03-08 04:35:32.989282,Op-Brakes,CityLine,0.0
CL-00433,Wheels,2026-03-08 04:30:24.848903,2026-03-08 04:40:38.981298,Op-Wheels,CityLine,0.0
CL-00374,Accessories,2026-03-08 04:35:32.989282,2026-03-08 04:45:23.107027,Op-Access,CityLine,0.0
CL-00431,Transmission,2026-03-08 04:26:02.866767,2026-03-08 04:47:45.631511,Op-Trans,CityLine,0.0
CL-00374,Final inspection,2026-03-08 04:45:23.107027,2026-03-08 04:52:31.676687,Op-Inspect,CityLine,0.0
CL-00492,Order released,2026-03-08 04:52:31.676687,2026-03-08 04:52:31.676687,Planner,CityLine,0.0
CL-00431,Brakes,2026-03-08 04:47:45.631511,2026-03-08 04:59:18.999006,Op-Brakes,CityLine,0.0
CL-00432,Transmission,2026-03-08 04:47:45.631511,2026-03-08 05:01:15.286723,Op-Trans,CityLine,0.0
CL-00431,Accessories,2026-03-08 04:59:18.999006,2026-03-08 05:09:08.431431,Op-Access,CityLine,0.0
CL-00432,Brakes,2026-03-08 05:01:15.286723,2026-03-08 05:11:24.768963,Op-Brakes,CityLine,0.0
CL-00435,Color change,2026-03-08 04:16:31.402049,2026-03-08 05:12:39.898081,Op-Paint,CityLine,0.0
CL-00431,Final inspection,2026-03-08 05:09:08.431431,2026-03-08 05:14:00.020885,Op-Inspect,CityLine,0.0
CL-00493,Order released,2026-03-08 05:14:00.020885,2026-03-08 05:14:00.020885,Planner,CityLine,0.0
CL-00432,Accessories,2026-03-08 05:11:24.768963,2026-03-08 05:18:01.732929,Op-Access,CityLine,0.0
CL-00435,Frame & painting,2026-03-08 05:12:39.898081,2026-03-08 05:20:09.585667,Op-Paint,CityLine,0.0
CL-00432,Final inspection,2026-03-08 05:18:01.732929,2026-03-08 05:22:10.302418,Op-Inspect,CityLine,0.0
CL-00494,Order released,2026-03-08 05:22:10.302418,2026-03-08 05:22:10.302418,Planner,CityLine,0.0
CL-00435,Fork & steering,2026-03-08 05:20:09.585667,2026-03-08 05:23:47.550651,Op-Fork,CityLine,0.0
CL-00436,Frame & painting,2026-03-08 05:20:09.585667,2026-03-08 05:30:24.128736,Op-Paint,CityLine,0.0
CL-00375,Transmission,2026-03-08 05:01:15.286723,2026-03-08 05:31:46.351451,Op-Trans,CityLine,0.0
CL-00437,Frame & painting,2026-03-08 05:30:24.128736,2026-03-08 05:37:50.360986,Op-Paint,CityLine,0.0
CL-00435,Wheels,2026-03-08 05:23:47.550651,2026-03-08 05:38:48.547128,Op-Wheels,CityLine,0.0
CL-00436,Fork & steering,2026-03-08 05:30:24.128736,2026-03-08 05:40:18.152283,Op-Fork,CityLine,0.0
CL-00438,Frame & painting,2026-03-08 05:37:50.360986,2026-03-08 05:44:44.995982,Op-Paint,CityLine,0.0
CL-00437,Fork & steering,2026-03-08 05:40:18.152283,2026-03-08 05:47:12.545136,Op-Fork,CityLine,0.0
CL-00375,Brakes,2026-03-08 05:31:46.351451,2026-03-08 05:51:17.696736,Op-Brakes,CityLine,0.0
CL-00436,Wheels,2026-03-08 05:40:18.152283,2026-03-08 05:53:03.478472,Op-Wheels,CityLine,0.0
CL-00438,Fork & steering,2026-03-08 05:47:12.545136,2026-03-08 05:53:03.795265,Op-Fork,CityLine,0.0
CL-00433,Transmission,2026-03-08 05:31:46.351451,2026-03-08 05:53:25.307119,Op-Trans,CityLine,0.0
CL-00439,Frame & painting,2026-03-08 05:44:44.995982,2026-03-08 05:59:17.732545,Op-Paint,CityLine,0.0
CL-00375,Accessories,2026-03-08 05:51:17.696736,2026-03-08 06:00:03.445917,Op-Access,CityLine,0.0
CL-00439,Fork & steering,2026-03-08 05:59:17.732545,2026-03-08 06:03:28.597862,Op-Fork,CityLine,0.0
CL-00375,Final inspection,2026-03-08 06:00:03.445917,2026-03-08 06:06:21.714335,Op-Inspect,CityLine,0.0
CL-00495,Order released,2026-03-08 06:06:21.714335,2026-03-08 06:06:21.714335,Planner,CityLine,0.0
CL-00437,Wheels,2026-03-08 05:53:03.478472,2026-03-08 06:07:25.237452,Op-Wheels,CityLine,0.0
CL-00433,Brakes,2026-03-08 05:53:25.307119,2026-03-08 06:08:20.037492,Op-Brakes,CityLine,0.0
CL-00435,Transmission,2026-03-08 05:53:25.307119,2026-03-08 06:09:18.918378,Op-Trans,CityLine,0.0
CL-00438,Wheels,2026-03-08 06:07:25.237452,2026-03-08 06:14:21.303307,Op-Wheels,CityLine,0.0
CL-00433,Accessories,2026-03-08 06:08:20.037492,2026-03-08 06:16:10.399740,Op-Access,CityLine,0.0
CL-00435,Brakes,2026-03-08 06:09:18.918378,2026-03-08 06:21:23.520137,Op-Brakes,CityLine,0.0
CL-00436,Transmission,2026-03-08 06:09:18.918378,2026-03-08 06:22:31.379458,Op-Trans,CityLine,0.0
CL-00433,Final inspection,2026-03-08 06:16:10.399740,2026-03-08 06:25:10.275687,Op-Inspect,CityLine,0.0
CL-00440,Color change,2026-03-08 05:59:17.732545,2026-03-08 06:28:17.830077,Op-Paint,CityLine,0.0
CL-00435,Accessories,2026-03-08 06:21:23.520137,2026-03-08 06:30:46.034982,Op-Access,CityLine,0.0
CL-00439,Wheels,2026-03-08 06:14:21.303307,2026-03-08 06:31:14.712311,Op-Wheels,CityLine,0.0
CL-00437,Transmission,2026-03-08 06:22:31.379458,2026-03-08 06:32:36.230412,Op-Trans,CityLine,0.0
CL-00433,Final adjustment,2026-03-08 06:25:10.275687,2026-03-08 06:34:47.552613,Op-Inspect,CityLine,0.0
CL-00440,Frame & painting,2026-03-08 06:28:17.830077,2026-03-08 06:38:48.872515,Op-Paint,CityLine,0.0
CL-00435,Final inspection,2026-03-08 06:34:47.552613,2026-03-08 06:42:06.640706,Op-Inspect,CityLine,0.0
CL-00496,Order released,2026-03-08 06:42:06.640706,2026-03-08 06:42:06.640706,Planner,CityLine,0.0
CL-00436,Brakes,2026-03-08 06:22:31.379458,2026-03-08 06:43:22.007222,Op-Brakes,CityLine,0.0
CL-00438,Transmission,2026-03-08 06:32:36.230412,2026-03-08 06:44:53.992905,Op-Trans,CityLine,0.0
CL-00433,Final inspection,2026-03-08 06:42:06.640706,2026-03-08 06:46:52.021663,Op-Inspect,CityLine,0.0
CL-00497,Order released,2026-03-08 06:46:52.021663,2026-03-08 06:46:52.021663,Planner,CityLine,0.0
CL-00440,Fork & steering,2026-03-08 06:38:48.872515,2026-03-08 06:48:21.797111,Op-Fork,CityLine,0.0
CL-00439,Transmission,2026-03-08 06:44:53.992905,2026-03-08 06:51:36.905157,Op-Trans,CityLine,0.0
CL-00441,Frame & painting,2026-03-08 06:38:48.872515,2026-03-08 06:52:20.263057,Op-Paint,CityLine,0.0
CL-00436,Accessories,2026-03-08 06:43:22.007222,2026-03-08 06:53:39.555205,Op-Access,CityLine,0.0
CL-00437,Brakes,2026-03-08 06:43:22.007222,2026-03-08 06:54:46.500128,Op-Brakes,CityLine,0.0
CL-00436,Final inspection,2026-03-08 06:53:39.555205,2026-03-08 06:58:54.423188,Op-Inspect,CityLine,0.0
CL-00498,Order released,2026-03-08 06:58:54.423188,2026-03-08 06:58:54.423188,Planner,CityLine,0.0
CL-00440,Wheels,2026-03-08 06:48:21.797111,2026-03-08 06:59:14.365212,Op-Wheels,CityLine,0.0
CL-00437,Accessories,2026-03-08 06:54:46.500128,2026-03-08 07:01:29.831477,Op-Access,CityLine,0.0
CL-00442,Frame & painting,2026-03-08 06:52:20.263057,2026-03-08 07:05:34.494118,Op-Paint,CityLine,0.0
CL-00438,Brakes,2026-03-08 06:54:46.500128,2026-03-08 07:07:34.116419,Op-Brakes,CityLine,0.0
CL-00437,Final inspection,2026-03-08 07:01:29.831477,2026-03-08 07:09:13.726524,Op-Inspect,CityLine,0.0
CL-00499,Order released,2026-03-08 07:09:13.726524,2026-03-08 07:09:13.726524,Planner,CityLine,0.0
CL-00442,Fork & steering,2026-03-08 07:05:34.494118,2026-03-08 07:10:30.006133,Op-Fork,CityLine,0.0
CL-00438,Accessories,2026-03-08 07:07:34.116419,2026-03-08 07:14:11.240972,Op-Access,CityLine,0.0
CL-00438,Final inspection,2026-03-08 07:14:11.240972,2026-03-08 07:16:30.708741,Op-Inspect,CityLine,0.0
CL-00500,Order released,2026-03-08 07:16:30.708741,2026-03-08 07:16:30.708741,Planner,CityLine,0.0
CL-00443,Frame & painting,2026-03-08 07:05:34.494118,2026-03-08 07:17:19.440293,Op-Paint,CityLine,0.0
CL-00440,Transmission,2026-03-08 06:59:14.365212,2026-03-08 07:18:12.099959,Op-Trans,CityLine,0.0
CL-00439,Brakes,2026-03-08 07:07:34.116419,2026-03-08 07:20:11.397938,Op-Brakes,CityLine,0.0
CL-00442,Wheels,2026-03-08 07:10:30.006133,2026-03-08 07:21:18.471506,Op-Wheels,CityLine,0.0
CL-00443,Fork & steering,2026-03-08 07:17:19.440293,2026-03-08 07:22:53.274502,Op-Fork,CityLine,0.0
CL-00387,Paint rework,2026-03-08 07:17:19.440293,2026-03-08 07:26:06.648342,Op-Paint,CityLine,30.0
CL-00439,Accessories,2026-03-08 07:20:11.397938,2026-03-08 07:28:23.613637,Op-Access,CityLine,0.0
CL-00439,Final inspection,2026-03-08 07:28:23.613637,2026-03-08 07:33:15.745278,Op-Inspect,CityLine,0.0
CL-00501,Order released,2026-03-08 07:33:15.745278,2026-03-08 07:33:15.745278,Planner,CityLine,0.0
CL-00443,Wheels,2026-03-08 07:22:53.274502,2026-03-08 07:34:56.154167,Op-Wheels,CityLine,0.0
CL-00444,Frame & painting,2026-03-08 07:26:06.648342,2026-03-08 07:36:47.251322,Op-Paint,CityLine,0.0
CL-00387,Fork & steering,2026-03-08 07:26:06.648342,2026-03-08 07:36:52.823224,Op-Fork,CityLine,0.0
CL-00442,Transmission,2026-03-08 07:21:18.471506,2026-03-08 07:39:57.663664,Op-Trans,CityLine,0.0
CL-00440,Brakes,2026-03-08 07:20:11.397938,2026-03-08 07:39:59.017723,Op-Brakes,CityLine,0.0
CL-00387,Wheels,2026-03-08 07:36:52.823224,2026-03-08 07:47:48.074724,Op-Wheels,CityLine,0.0
CL-00444,Fork & steering,2026-03-08 07:36:52.823224,2026-03-08 07:48:34.779052,Op-Fork,CityLine,0.0
CL-00440,Accessories,2026-03-08 07:39:59.017723,2026-03-08 07:49:56.515379,Op-Access,CityLine,0.0
CL-00442,Brakes,2026-03-08 07:39:59.017723,2026-03-08 07:53:26.113197,Op-Brakes,CityLine,0.0
CL-00440,Final inspection,2026-03-08 07:49:56.515379,2026-03-08 07:53:38.436813,Op-Inspect,CityLine,0.0
CL-00502,Order released,2026-03-08 07:53:38.436813,2026-03-08 07:53:38.436813,Planner,CityLine,0.0
CL-00443,Transmission,2026-03-08 07:39:57.663664,2026-03-08 07:55:08.314034,Op-Trans,CityLine,0.0
CL-00442,Accessories,2026-03-08 07:53:26.113197,2026-03-08 08:00:42.251431,Op-Access,CityLine,0.0
CL-00444,Wheels,2026-03-08 07:48:34.779052,2026-03-08 08:05:52.636062,Op-Wheels,CityLine,0.0
CL-00443,Brakes,2026-03-08 07:55:08.314034,2026-03-08 08:07:25.678022,Op-Brakes,CityLine,0.0
CL-00442,Final inspection,2026-03-08 08:00:42.251431,2026-03-08 08:09:15.032710,Op-Inspect,CityLine,0.0
CL-00503,Order released,2026-03-08 08:09:15.032710,2026-03-08 08:09:15.032710,Planner,CityLine,0.0
CL-00387,Transmission,2026-03-08 07:55:08.314034,2026-03-08 08:10:19.742533,Op-Trans,CityLine,0.0
CL-00445,Color change,2026-03-08 07:36:47.251322,2026-03-08 08:13:37.198531,Op-Paint,CityLine,0.0
CL-00443,Accessories,2026-03-08 08:07:25.678022,2026-03-08 08:18:50.456676,Op-Access,CityLine,0.0
CL-00445,Frame & painting,2026-03-08 08:13:37.198531,2026-03-08 08:26:00.797630,Op-Paint,CityLine,0.0
CL-00387,Brakes,2026-03-08 08:10:19.742533,2026-03-08 08:27:14.879658,Op-Brakes,CityLine,0.0
CL-00443,Final inspection,2026-03-08 08:18:50.456676,2026-03-08 08:27:20.714292,Op-Inspect,CityLine,0.0
CL-00504,Order released,2026-03-08 08:27:20.714292,2026-03-08 08:27:20.714292,Planner,CityLine,0.0
CL-00445,Fork & steering,2026-03-08 08:26:00.797630,2026-03-08 08:33:25.597605,Op-Fork,CityLine,0.0
CL-00387,Accessories,2026-03-08 08:27:14.879658,2026-03-08 08:35:24.910480,Op-Access,CityLine,0.0
CL-00446,Frame & painting,2026-03-08 08:26:00.797630,2026-03-08 08:37:25.258285,Op-Paint,CityLine,0.0
CL-00387,Final inspection,2026-03-08 08:35:24.910480,2026-03-08 08:39:53.956540,Op-Inspect,CityLine,0.0
CL-00505,Order released,2026-03-08 08:39:53.956540,2026-03-08 08:39:53.956540,Planner,CityLine,0.0
CL-00444,Transmission,2026-03-08 08:10:19.742533,2026-03-08 08:42:14.133581,Op-Trans,CityLine,0.0
CL-00446,Fork & steering,2026-03-08 08:37:25.258285,2026-03-08 08:45:13.592728,Op-Fork,CityLine,0.0
CL-00445,Wheels,2026-03-08 08:33:25.597605,2026-03-08 08:49:33.741417,Op-Wheels,CityLine,0.0
CL-00444,Brakes,2026-03-08 08:42:14.133581,2026-03-08 08:51:37.667789,Op-Brakes,CityLine,0.0
CL-00390,Paint rework,2026-03-08 08:37:25.258285,2026-03-08 08:52:16.682555,Op-Paint,CityLine,30.0
CL-00446,Wheels,2026-03-08 08:49:33.741417,2026-03-08 08:53:33.213057,Op-Wheels,CityLine,0.0
CL-00444,Accessories,2026-03-08 08:51:37.667789,2026-03-08 08:57:40.130094,Op-Access,CityLine,0.0
CL-00444,Final inspection,2026-03-08 08:57:40.130094,2026-03-08 09:02:12.322290,Op-Inspect,CityLine,0.0
CL-00506,Order released,2026-03-08 09:02:12.322290,2026-03-08 09:02:12.322290,Planner,CityLine,0.0
CL-00447,Frame & painting,2026-03-08 08:52:16.682555,2026-03-08 09:03:48.978954,Op-Paint,CityLine,0.0
CL-00390,Fork & steering,2026-03-08 08:52:16.682555,2026-03-08 09:11:23.192470,Op-Fork,CityLine,0.0
CL-00447,Fork & steering,2026-03-08 09:11:23.192470,2026-03-08 09:17:40.293065,Op-Fork,CityLine,0.0
CL-00445,Transmission,2026-03-08 08:49:33.741417,2026-03-08 09:19:03.216162,Op-Trans,CityLine,0.0
CL-00448,Frame & painting,2026-03-08 09:03:48.978954,2026-03-08 09:21:27.331166,Op-Paint,CityLine,0.0
CL-00390,Wheels,2026-03-08 09:11:23.192470,2026-03-08 09:23:14.101468,Op-Wheels,CityLine,0.0
CL-00448,Fork & steering,2026-03-08 09:21:27.331166,2026-03-08 09:25:36.404097,Op-Fork,CityLine,0.0
CL-00449,Frame & painting,2026-03-08 09:21:27.331166,2026-03-08 09:26:59.985105,Op-Paint,CityLine,0.0
CL-00447,Wheels,2026-03-08 09:23:14.101468,2026-03-08 09:30:53.410950,Op-Wheels,CityLine,0.0
CL-00446,Transmission,2026-03-08 09:19:03.216162,2026-03-08 09:32:17.270182,Op-Trans,CityLine,0.0
CL-00445,Brakes,2026-03-08 09:19:03.216162,2026-03-08 09:33:51.270140,Op-Brakes,CityLine,0.0
CL-00449,Fork & steering,2026-03-08 09:26:59.985105,2026-03-08 09:35:23.940701,Op-Fork,CityLine,0.0
CL-00448,Wheels,2026-03-08 09:30:53.410950,2026-03-08 09:38:10.263018,Op-Wheels,CityLine,0.0
CL-00445,Accessories,2026-03-08 09:33:51.270140,2026-03-08 09:40:46.143883,Op-Access,CityLine,0.0
CL-00390,Transmission,2026-03-08 09:32:17.270182,2026-03-08 09:46:34.847430,Op-Trans,CityLine,0.0
CL-00449,Wheels,2026-03-08 09:38:10.263018,2026-03-08 09:46:35.937824,Op-Wheels,CityLine,0.0
CL-00445,Final inspection,2026-03-08 09:40:46.143883,2026-03-08 09:49:40.966719,Op-Inspect,CityLine,0.0
CL-00507,Order released,2026-03-08 09:49:40.966719,2026-03-08 09:49:40.966719,Planner,CityLine,0.0
CL-00446,Brakes,2026-03-08 09:33:51.270140,2026-03-08 09:52:50.396997,Op-Brakes,CityLine,0.0
CL-00450,Color change,2026-03-08 09:26:59.985105,2026-03-08 09:54:37.429032,Op-Paint,CityLine,0.0
CL-00450,Frame & painting,2026-03-08 09:54:37.429032,2026-03-08 09:57:51.941556,Op-Paint,CityLine,0.0
CL-00446,Accessories,2026-03-08 09:52:50.396997,2026-03-08 10:01:09.996842,Op-Access,CityLine,0.0
CL-00390,Brakes,2026-03-08 09:52:50.396997,2026-03-08 10:01:34.341744,Op-Brakes,CityLine,0.0
CL-00447,Transmission,2026-03-08 09:46:34.847430,2026-03-08 10:03:15.153907,Op-Trans,CityLine,0.0
CL-00451,Frame & painting,2026-03-08 09:57:51.941556,2026-03-08 10:04:42.712138,Op-Paint,CityLine,0.0
CL-00450,Fork & steering,2026-03-08 09:57:51.941556,2026-03-08 10:04:50.031477,Op-Fork,CityLine,0.0
CL-00446,Final inspection,2026-03-08 10:01:09.996842,2026-03-08 10:10:25.380330,Op-Inspect,CityLine,0.0
CL-00508,Order released,2026-03-08 10:10:25.380330,2026-03-08 10:10:25.380330,Planner,CityLine,0.0
CL-00390,Accessories,2026-03-08 10:01:34.341744,2026-03-08 10:11:23.614748,Op-Access,CityLine,0.0
CL-00452,Frame & painting,2026-03-08 10:04:42.712138,2026-03-08 10:11:44.382014,Op-Paint,CityLine,0.0
CL-00447,Brakes,2026-03-08 10:03:15.153907,2026-03-08 10:12:58.720262,Op-Brakes,CityLine,0.0
CL-00390,Final inspection,2026-03-08 10:11:23.614748,2026-03-08 10:15:11.954367,Op-Inspect,CityLine,0.0
CL-00509,Order released,2026-03-08 10:15:11.954367,2026-03-08 10:15:11.954367,Planner,CityLine,0.0
CL-00450,Wheels,2026-03-08 10:04:50.031477,2026-03-08 10:15:28.086845,Op-Wheels,CityLine,0.0
CL-00453,Frame & painting,2026-03-08 10:11:44.382014,2026-03-08 10:19:11.583330,Op-Paint,CityLine,0.0
CL-00448,Transmission,2026-03-08 10:03:15.153907,2026-03-08 10:20:52.982249,Op-Trans,CityLine,0.0
CL-00452,Fork & steering,2026-03-08 10:11:44.382014,2026-03-08 10:20:53.735562,Op-Fork,CityLine,0.0
CL-00449,Transmission,2026-03-08 10:20:52.982249,2026-03-08 10:27:54.566994,Op-Trans,CityLine,0.0
CL-00448,Brakes,2026-03-08 10:20:52.982249,2026-03-08 10:29:33.039855,Op-Brakes,CityLine,0.0
CL-00452,Wheels,2026-03-08 10:20:53.735562,2026-03-08 10:29:49.023761,Op-Wheels,CityLine,0.0
CL-00453,Fork & steering,2026-03-08 10:20:53.735562,2026-03-08 10:30:01.457117,Op-Fork,CityLine,0.0
CL-00447,Accessories,2026-03-08 10:12:58.720262,2026-03-08 10:32:59.440054,Op-Access,CityLine,0.0
CL-00454,Frame & painting,2026-03-08 10:19:11.583330,2026-03-08 10:36:54.754141,Op-Paint,CityLine,0.0
CL-00447,Final inspection,2026-03-08 10:32:59.440054,2026-03-08 10:40:30.839080,Op-Inspect,CityLine,0.0
CL-00510,Order released,2026-03-08 10:40:30.839080,2026-03-08 10:40:30.839080,Planner,CityLine,0.0
CL-00449,Brakes,2026-03-08 10:29:33.039855,2026-03-08 10:41:59.331039,Op-Brakes,CityLine,0.0
CL-00454,Fork & steering,2026-03-08 10:36:54.754141,2026-03-08 10:42:06.952950,Op-Fork,CityLine,0.0
CL-00448,Accessories,2026-03-08 10:32:59.440054,2026-03-08 10:44:08.164052,Op-Access,CityLine,0.0
CL-00450,Transmission,2026-03-08 10:27:54.566994,2026-03-08 10:45:34.563739,Op-Trans,CityLine,0.0
CL-00453,Wheels,2026-03-08 10:30:01.457117,2026-03-08 10:46:17.483028,Op-Wheels,CityLine,0.0
CL-00448,Final inspection,2026-03-08 10:44:08.164052,2026-03-08 10:49:26.088398,Op-Inspect,CityLine,0.0
CL-00511,Order released,2026-03-08 10:49:26.088398,2026-03-08 10:49:26.088398,Planner,CityLine,0.0
CL-00449,Accessories,2026-03-08 10:44:08.164052,2026-03-08 10:50:48.693519,Op-Access,CityLine,0.0
CL-00450,Brakes,2026-03-08 10:45:34.563739,2026-03-08 10:52:53.906729,Op-Brakes,CityLine,0.0
CL-00452,Transmission,2026-03-08 10:45:34.563739,2026-03-08 10:55:39.101191,Op-Trans,CityLine,0.0
CL-00454,Wheels,2026-03-08 10:46:17.483028,2026-03-08 10:56:00.473664,Op-Wheels,CityLine,0.0
CL-00449,Final inspection,2026-03-08 10:50:48.693519,2026-03-08 10:58:06.643036,Op-Inspect,CityLine,0.0
CL-00512,Order released,2026-03-08 10:58:06.643036,2026-03-08 10:58:06.643036,Planner,CityLine,0.0
CL-00450,Accessories,2026-03-08 10:52:53.906729,2026-03-08 11:02:11.696270,Op-Access,CityLine,0.0
CL-00452,Brakes,2026-03-08 10:55:39.101191,2026-03-08 11:04:26.974671,Op-Brakes,CityLine,0.0
CL-00450,Final inspection,2026-03-08 11:02:11.696270,2026-03-08 11:08:35.663831,Op-Inspect,CityLine,0.0
CL-00513,Order released,2026-03-08 11:08:35.663831,2026-03-08 11:08:35.663831,Planner,CityLine,0.0
CL-00453,Transmission,2026-03-08 10:55:39.101191,2026-03-08 11:11:45.302671,Op-Trans,CityLine,0.0
CL-00452,Accessories,2026-03-08 11:04:26.974671,2026-03-08 11:16:42.530127,Op-Access,CityLine,0.0
CL-00454,Transmission,2026-03-08 11:11:45.302671,2026-03-08 11:20:48.974408,Op-Trans,CityLine,0.0
CL-00453,Brakes,2026-03-08 11:11:45.302671,2026-03-08 11:21:20.637569,Op-Brakes,CityLine,0.0
CL-00452,Final inspection,2026-03-08 11:16:42.530127,2026-03-08 11:23:56.815194,Op-Inspect,CityLine,0.0
CL-00514,Order released,2026-03-08 11:23:56.815194,2026-03-08 11:23:56.815194,Planner,CityLine,0.0
CL-00453,Accessories,2026-03-08 11:21:20.637569,2026-03-08 11:32:12.840470,Op-Access,CityLine,0.0
CL-00454,Brakes,2026-03-08 11:21:20.637569,2026-03-08 11:35:07.017708,Op-Brakes,CityLine,0.0
CL-00453,Final inspection,2026-03-08 11:32:12.840470,2026-03-08 11:37:14.178074,Op-Inspect,CityLine,0.0
CL-00515,Order released,2026-03-08 11:37:14.178074,2026-03-08 11:37:14.178074,Planner,CityLine,0.0
CL-00454,Accessories,2026-03-08 11:35:07.017708,2026-03-08 11:45:21.846459,Op-Access,CityLine,0.0
CL-00455,Color change,2026-03-08 10:36:54.754141,2026-03-08 11:48:48.038236,Op-Paint,CityLine,0.0
CL-00454,Final inspection,2026-03-08 11:45:21.846459,2026-03-08 11:54:59.868379,Op-Inspect,CityLine,0.0
CL-00516,Order released,2026-03-08 11:54:59.868379,2026-03-08 11:54:59.868379,Planner,CityLine,0.0
CL-00455,Frame & painting,2026-03-08 11:48:48.038236,2026-03-08 11:58:34.115028,Op-Paint,CityLine,0.0
CL-00456,Frame & painting,2026-03-08 11:58:34.115028,2026-03-08 12:06:55.537626,Op-Paint,CityLine,0.0
CL-00455,Fork & steering,2026-03-08 11:58:34.115028,2026-03-08 12:08:42.782183,Op-Fork,CityLine,0.0
CL-00455,Wheels,2026-03-08 12:08:42.782183,2026-03-08 12:12:47.748366,Op-Wheels,CityLine,0.0
CL-00457,Frame & painting,2026-03-08 12:06:55.537626,2026-03-08 12:16:52.450023,Op-Paint,CityLine,0.0
CL-00457,Fork & steering,2026-03-08 12:16:52.450023,2026-03-08 12:23:33.778759,Op-Fork,CityLine,0.0
CL-00455,Transmission,2026-03-08 12:12:47.748366,2026-03-08 12:25:07.540336,Op-Trans,CityLine,0.0
CL-00458,Frame & painting,2026-03-08 12:16:52.450023,2026-03-08 12:27:08.390431,Op-Paint,CityLine,0.0
CL-00455,Brakes,2026-03-08 12:25:07.540336,2026-03-08 12:35:16.754320,Op-Brakes,CityLine,0.0
CL-00458,Fork & steering,2026-03-08 12:27:08.390431,2026-03-08 12:35:34.339795,Op-Fork,CityLine,0.0
CL-00459,Frame & painting,2026-03-08 12:27:08.390431,2026-03-08 12:35:35.191502,Op-Paint,CityLine,0.0
CL-00457,Wheels,2026-03-08 12:23:33.778759,2026-03-08 12:38:48.313493,Op-Wheels,CityLine,0.0
CL-00455,Accessories,2026-03-08 12:35:16.754320,2026-03-08 12:43:20.102828,Op-Access,CityLine,0.0
CL-00458,Wheels,2026-03-08 12:38:48.313493,2026-03-08 12:46:45.983474,Op-Wheels,CityLine,0.0
CL-00459,Fork & steering,2026-03-08 12:35:35.191502,2026-03-08 12:51:45.966219,Op-Fork,CityLine,0.0
CL-00455,Final inspection,2026-03-08 12:43:20.102828,2026-03-08 12:52:18.373312,Op-Inspect,CityLine,0.0
CL-00517,Order released,2026-03-08 12:52:18.373312,2026-03-08 12:52:18.373312,Planner,CityLine,0.0
CL-00460,Color change,2026-03-08 12:35:35.191502,2026-03-08 12:54:58.534302,Op-Paint,CityLine,0.0
CL-00457,Transmission,2026-03-08 12:38:48.313493,2026-03-08 12:55:33.833983,Op-Trans,CityLine,0.0
CL-00460,Frame & painting,2026-03-08 12:54:58.534302,2026-03-08 13:03:14.814534,Op-Paint,CityLine,0.0
CL-00459,Wheels,2026-03-08 12:51:45.966219,2026-03-08 13:05:27.290856,Op-Wheels,CityLine,0.0
CL-00457,Brakes,2026-03-08 12:55:33.833983,2026-03-08 13:06:28.034286,Op-Brakes,CityLine,0.0
CL-00460,Fork & steering,2026-03-08 13:03:14.814534,2026-03-08 13:10:19.818609,Op-Fork,CityLine,0.0
CL-00458,Transmission,2026-03-08 12:55:33.833983,2026-03-08 13:11:45.384812,Op-Trans,CityLine,0.0
CL-00461,Frame & painting,2026-03-08 13:03:14.814534,2026-03-08 13:13:31.875472,Op-Paint,CityLine,0.0
CL-00460,Wheels,2026-03-08 13:10:19.818609,2026-03-08 13:17:09.855688,Op-Wheels,CityLine,0.0
CL-00457,Accessories,2026-03-08 13:06:28.034286,2026-03-08 13:17:26.449609,Op-Access,CityLine,0.0
CL-00458,Brakes,2026-03-08 13:11:45.384812,2026-03-08 13:19:40.858094,Op-Brakes,CityLine,0.0
CL-00459,Transmission,2026-03-08 13:11:45.384812,2026-03-08 13:21:01.027606,Op-Trans,CityLine,0.0
CL-00457,Final inspection,2026-03-08 13:17:26.449609,2026-03-08 13:21:30.294840,Op-Inspect,CityLine,0.0
CL-00518,Order released,2026-03-08 13:21:30.294840,2026-03-08 13:21:30.294840,Planner,CityLine,0.0
CL-00461,Fork & steering,2026-03-08 13:13:31.875472,2026-03-08 13:21:45.167583,Op-Fork,CityLine,0.0
CL-00462,Frame & painting,2026-03-08 13:13:31.875472,2026-03-08 13:24:44.313854,Op-Paint,CityLine,0.0
CL-00459,Brakes,2026-03-08 13:21:01.027606,2026-03-08 13:30:13.553355,Op-Brakes,CityLine,0.0
CL-00461,Wheels,2026-03-08 13:21:45.167583,2026-03-08 13:30:22.530117,Op-Wheels,CityLine,0.0
CL-00463,Frame & painting,2026-03-08 13:24:44.313854,2026-03-08 13:35:11.670033,Op-Paint,CityLine,0.0
CL-00458,Accessories,2026-03-08 13:19:40.858094,2026-03-08 13:35:15.873464,Op-Access,CityLine,0.0
CL-00460,Transmission,2026-03-08 13:21:01.027606,2026-03-08 13:38:47.054996,Op-Trans,CityLine,0.0
CL-00459,Accessories,2026-03-08 13:35:15.873464,2026-03-08 13:41:20.008223,Op-Access,CityLine,0.0
CL-00458,Final inspection,2026-03-08 13:35:15.873464,2026-03-08 13:42:45.122063,Op-Inspect,CityLine,0.0
CL-00519,Order released,2026-03-08 13:42:45.122063,2026-03-08 13:42:45.122063,Planner,CityLine,0.0
CL-00462,Fork & steering,2026-03-08 13:24:44.313854,2026-03-08 13:44:41.073280,Op-Fork,CityLine,0.0
CL-00459,Final inspection,2026-03-08 13:42:45.122063,2026-03-08 13:45:26.147430,Op-Inspect,CityLine,0.0
CL-00520,Order released,2026-03-08 13:45:26.147430,2026-03-08 13:45:26.147430,Planner,CityLine,0.0
CL-00461,Transmission,2026-03-08 13:38:47.054996,2026-03-08 13:48:52.067364,Op-Trans,CityLine,0.0
CL-00464,Frame & painting,2026-03-08 13:35:11.670033,2026-03-08 13:49:24.879843,Op-Paint,CityLine,0.0
CL-00462,Wheels,2026-03-08 13:44:41.073280,2026-03-08 13:53:55.929743,Op-Wheels,CityLine,0.0
CL-00463,Fork & steering,2026-03-08 13:44:41.073280,2026-03-08 13:54:06.912020,Op-Fork,CityLine,0.0
CL-00407,Paint rework,2026-03-08 13:49:24.879843,2026-03-08 13:54:15.510413,Op-Paint,CityLine,30.0
CL-00460,Brakes,2026-03-08 13:38:47.054996,2026-03-08 13:55:01.358966,Op-Brakes,CityLine,0.0
CL-00464,Fork & steering,2026-03-08 13:54:06.912020,2026-03-08 14:00:49.364730,Op-Fork,CityLine,0.0
CL-00460,Accessories,2026-03-08 13:55:01.358966,2026-03-08 14:04:28.295343,Op-Access,CityLine,0.0
CL-00463,Wheels,2026-03-08 13:54:06.912020,2026-03-08 14:04:36.578988,Op-Wheels,CityLine,0.0
CL-00407,Fork & steering,2026-03-08 14:00:49.364730,2026-03-08 14:05:16.250006,Op-Fork,CityLine,0.0
CL-00461,Brakes,2026-03-08 13:55:01.358966,2026-03-08 14:06:36.821866,Op-Brakes,CityLine,0.0
CL-00460,Final inspection,2026-03-08 14:04:28.295343,2026-03-08 14:08:41.471646,Op-Inspect,CityLine,0.0
CL-00521,Order released,2026-03-08 14:08:41.471646,2026-03-08 14:08:41.471646,Planner,CityLine,0.0
CL-00462,Transmission,2026-03-08 13:53:55.929743,2026-03-08 14:10:18.554751,Op-Trans,CityLine,0.0
CL-00462,Brakes,2026-03-08 14:10:18.554751,2026-03-08 14:14:14.617269,Op-Brakes,CityLine,0.0
CL-00464,Wheels,2026-03-08 14:04:36.578988,2026-03-08 14:15:02.052936,Op-Wheels,CityLine,0.0
CL-00461,Accessories,2026-03-08 14:06:36.821866,2026-03-08 14:23:16.343284,Op-Access,CityLine,0.0
CL-00407,Wheels,2026-03-08 14:15:02.052936,2026-03-08 14:25:04.954522,Op-Wheels,CityLine,0.0
CL-00462,Accessories,2026-03-08 14:23:16.343284,2026-03-08 14:29:34.156462,Op-Access,CityLine,0.0
CL-00463,Transmission,2026-03-08 14:10:18.554751,2026-03-08 14:31:50.246327,Op-Trans,CityLine,0.0
CL-00461,Final inspection,2026-03-08 14:23:16.343284,2026-03-08 14:33:00.655844,Op-Inspect,CityLine,0.0
CL-00522,Order released,2026-03-08 14:33:00.655844,2026-03-08 14:33:00.655844,Planner,CityLine,0.0
CL-00462,Final inspection,2026-03-08 14:33:00.655844,2026-03-08 14:39:40.495400,Op-Inspect,CityLine,0.0
CL-00523,Order released,2026-03-08 14:39:40.495400,2026-03-08 14:39:40.495400,Planner,CityLine,0.0
CL-00463,Brakes,2026-03-08 14:31:50.246327,2026-03-08 14:44:35.741442,Op-Brakes,CityLine,0.0
CL-00464,Transmission,2026-03-08 14:31:50.246327,2026-03-08 14:54:12.575755,Op-Trans,CityLine,0.0
CL-00463,Accessories,2026-03-08 14:44:35.741442,2026-03-08 14:56:25.474587,Op-Access,CityLine,0.0
CL-00465,Color change,2026-03-08 13:54:15.510413,2026-03-08 14:57:17.323478,Op-Paint,CityLine,0.0
CL-00464,Brakes,2026-03-08 14:54:12.575755,2026-03-08 15:03:53.396615,Op-Brakes,CityLine,0.0
CL-00465,Frame & painting,2026-03-08 14:57:17.323478,2026-03-08 15:04:21.492524,Op-Paint,CityLine,0.0
CL-00407,Transmission,2026-03-08 14:54:12.575755,2026-03-08 15:04:53.519473,Op-Trans,CityLine,0.0
CL-00463,Final inspection,2026-03-08 14:56:25.474587,2026-03-08 15:09:21.764491,Op-Inspect,CityLine,0.0
CL-00524,Order released,2026-03-08 15:09:21.764491,2026-03-08 15:09:21.764491,Planner,CityLine,0.0
CL-00464,Accessories,2026-03-08 15:03:53.396615,2026-03-08 15:10:48.385420,Op-Access,CityLine,0.0
CL-00465,Fork & steering,2026-03-08 15:04:21.492524,2026-03-08 15:11:44.522678,Op-Fork,CityLine,0.0
CL-00466,Frame & painting,2026-03-08 15:04:21.492524,2026-03-08 15:14:00.889546,Op-Paint,CityLine,0.0
CL-00407,Brakes,2026-03-08 15:04:53.519473,2026-03-08 15:14:49.389933,Op-Brakes,CityLine,0.0
CL-00465,Wheels,2026-03-08 15:11:44.522678,2026-03-08 15:16:24.038632,Op-Wheels,CityLine,0.0
CL-00464,Final inspection,2026-03-08 15:10:48.385420,2026-03-08 15:17:49.078441,Op-Inspect,CityLine,0.0
CL-00525,Order released,2026-03-08 15:17:49.078441,2026-03-08 15:17:49.078441,Planner,CityLine,0.0
CL-00407,Accessories,2026-03-08 15:14:49.389933,2026-03-08 15:20:08.431038,Op-Access,CityLine,0.0
CL-00466,Fork & steering,2026-03-08 15:14:00.889546,2026-03-08 15:21:11.816214,Op-Fork,CityLine,0.0
CL-00467,Frame & painting,2026-03-08 15:14:00.889546,2026-03-08 15:25:30.775708,Op-Paint,CityLine,0.0
CL-00407,Final inspection,2026-03-08 15:20:08.431038,2026-03-08 15:25:33.271705,Op-Inspect,CityLine,0.0
CL-00526,Order released,2026-03-08 15:25:33.271705,2026-03-08 15:25:33.271705,Planner,CityLine,0.0
CL-00465,Transmission,2026-03-08 15:16:24.038632,2026-03-08 15:30:41.866448,Op-Trans,CityLine,0.0
CL-00467,Fork & steering,2026-03-08 15:25:30.775708,2026-03-08 15:31:59.217848,Op-Fork,CityLine,0.0
CL-00468,Frame & painting,2026-03-08 15:25:30.775708,2026-03-08 15:34:11.738422,Op-Paint,CityLine,0.0
CL-00466,Wheels,2026-03-08 15:21:11.816214,2026-03-08 15:34:37.878819,Op-Wheels,CityLine,0.0
CL-00465,Brakes,2026-03-08 15:30:41.866448,2026-03-08 15:37:56.379960,Op-Brakes,CityLine,0.0
CL-00468,Fork & steering,2026-03-08 15:34:11.738422,2026-03-08 15:39:24.775876,Op-Fork,CityLine,0.0
CL-00469,Frame & painting,2026-03-08 15:34:11.738422,2026-03-08 15:41:21.511006,Op-Paint,CityLine,0.0
CL-00465,Accessories,2026-03-08 15:37:56.379960,2026-03-08 15:42:13.337405,Op-Access,CityLine,0.0
CL-00467,Wheels,2026-03-08 15:34:37.878819,2026-03-08 15:42:43.241017,Op-Wheels,CityLine,0.0
CL-00466,Transmission,2026-03-08 15:34:37.878819,2026-03-08 15:44:19.424730,Op-Trans,CityLine,0.0
CL-00465,Final inspection,2026-03-08 15:42:13.337405,2026-03-08 15:46:55.248645,Op-Inspect,CityLine,0.0
CL-00527,Order released,2026-03-08 15:46:55.248645,2026-03-08 15:46:55.248645,Planner,CityLine,0.0
CL-00468,Wheels,2026-03-08 15:42:43.241017,2026-03-08 15:48:52.790959,Op-Wheels,CityLine,0.0
CL-00466,Brakes,2026-03-08 15:44:19.424730,2026-03-08 15:52:00.807855,Op-Brakes,CityLine,0.0
CL-00469,Fork & steering,2026-03-08 15:41:21.511006,2026-03-08 15:52:42.861140,Op-Fork,CityLine,0.0
CL-00469,Wheels,2026-03-08 15:52:42.861140,2026-03-08 16:00:47.661181,Op-Wheels,CityLine,0.0
CL-00467,Transmission,2026-03-08 15:44:19.424730,2026-03-08 16:00:51.526741,Op-Trans,CityLine,0.0
CL-00466,Accessories,2026-03-08 15:52:00.807855,2026-03-08 16:02:32.346752,Op-Access,CityLine,0.0
CL-00466,Final inspection,2026-03-08 16:02:32.346752,2026-03-08 16:08:42.561541,Op-Inspect,CityLine,0.0
CL-00528,Order released,2026-03-08 16:08:42.561541,2026-03-08 16:08:42.561541,Planner,CityLine,0.0
CL-00467,Brakes,2026-03-08 16:00:51.526741,2026-03-08 16:12:16.799866,Op-Brakes,CityLine,0.0
CL-00468,Transmission,2026-03-08 16:00:51.526741,2026-03-08 16:15:54.125271,Op-Trans,CityLine,0.0
CL-00467,Accessories,2026-03-08 16:12:16.799866,2026-03-08 16:20:07.402574,Op-Access,CityLine,0.0
CL-00467,Final inspection,2026-03-08 16:20:07.402574,2026-03-08 16:25:25.908429,Op-Inspect,CityLine,0.0
CL-00529,Order released,2026-03-08 16:25:25.908429,2026-03-08 16:25:25.908429,Planner,CityLine,0.0
CL-00469,Transmission,2026-03-08 16:15:54.125271,2026-03-08 16:26:05.800418,Op-Trans,CityLine,0.0
CL-00470,Color change,2026-03-08 15:41:21.511006,2026-03-08 16:28:59.719315,Op-Paint,CityLine,0.0
CL-00468,Brakes,2026-03-08 16:15:54.125271,2026-03-08 16:33:00.093877,Op-Brakes,CityLine,0.0
CL-00468,Accessories,2026-03-08 16:33:00.093877,2026-03-08 16:37:56.361245,Op-Access,CityLine,0.0
CL-00470,Frame & painting,2026-03-08 16:28:59.719315,2026-03-08 16:39:03.298962,Op-Paint,CityLine,0.0
CL-00470,Fork & steering,2026-03-08 16:39:03.298962,2026-03-08 16:44:40.315908,Op-Fork,CityLine,0.0
CL-00468,Final inspection,2026-03-08 16:37:56.361245,2026-03-08 16:46:13.551319,Op-Inspect,CityLine,0.0
CL-00530,Order released,2026-03-08 16:46:13.551319,2026-03-08 16:46:13.551319,Planner,CityLine,0.0
CL-00469,Brakes,2026-03-08 16:33:00.093877,2026-03-08 16:46:52.094200,Op-Brakes,CityLine,0.0
CL-00471,Frame & painting,2026-03-08 16:39:03.298962,2026-03-08 16:48:46.515685,Op-Paint,CityLine,0.0
CL-00470,Wheels,2026-03-08 16:44:40.315908,2026-03-08 16:52:19.157984,Op-Wheels,CityLine,0.0
CL-00472,Frame & painting,2026-03-08 16:48:46.515685,2026-03-08 16:54:44.189948,Op-Paint,CityLine,0.0
CL-00469,Accessories,2026-03-08 16:46:52.094200,2026-03-08 16:55:38.630637,Op-Access,CityLine,0.0
CL-00471,Fork & steering,2026-03-08 16:48:46.515685,2026-03-08 16:56:48.210090,Op-Fork,CityLine,0.0
CL-00473,Frame & painting,2026-03-08 16:54:44.189948,2026-03-08 17:02:51.116110,Op-Paint,CityLine,0.0
CL-00470,Transmission,2026-03-08 16:52:19.157984,2026-03-08 17:03:28.921413,Op-Trans,CityLine,0.0
CL-00469,Final inspection,2026-03-08 16:55:38.630637,2026-03-08 17:04:43.740628,Op-Inspect,CityLine,0.0
CL-00531,Order released,2026-03-08 17:04:43.740628,2026-03-08 17:04:43.740628,Planner,CityLine,0.0
CL-00472,Fork & steering,2026-03-08 16:56:48.210090,2026-03-08 17:05:49.412475,Op-Fork,CityLine,0.0
CL-00471,Wheels,2026-03-08 16:56:48.210090,2026-03-08 17:09:26.511249,Op-Wheels,CityLine,0.0
CL-00474,Frame & painting,2026-03-08 17:02:51.116110,2026-03-08 17:10:42.247385,Op-Paint,CityLine,0.0
CL-00473,Fork & steering,2026-03-08 17:05:49.412475,2026-03-08 17:14:35.802193,Op-Fork,CityLine,0.0
CL-00470,Brakes,2026-03-08 17:03:28.921413,2026-03-08 17:15:54.332420,Op-Brakes,CityLine,0.0
CL-00472,Wheels,2026-03-08 17:09:26.511249,2026-03-08 17:20:39.216368,Op-Wheels,CityLine,0.0
CL-00470,Accessories,2026-03-08 17:15:54.332420,2026-03-08 17:21:03.850834,Op-Access,CityLine,0.0
CL-00474,Fork & steering,2026-03-08 17:14:35.802193,2026-03-08 17:23:43.738189,Op-Fork,CityLine,0.0
CL-00471,Transmission,2026-03-08 17:09:26.511249,2026-03-08 17:24:20.732553,Op-Trans,CityLine,0.0
CL-00470,Final inspection,2026-03-08 17:21:03.850834,2026-03-08 17:26:02.450574,Op-Inspect,CityLine,0.0
CL-00532,Order released,2026-03-08 17:26:02.450574,2026-03-08 17:26:02.450574,Planner,CityLine,0.0
CL-00473,Wheels,2026-03-08 17:20:39.216368,2026-03-08 17:27:47.506825,Op-Wheels,CityLine,0.0
CL-00471,Brakes,2026-03-08 17:24:20.732553,2026-03-08 17:32:48.935335,Op-Brakes,CityLine,0.0
CL-00474,Wheels,2026-03-08 17:27:47.506825,2026-03-08 17:39:19.254538,Op-Wheels,CityLine,0.0
CL-00471,Accessories,2026-03-08 17:32:48.935335,2026-03-08 17:40:06.964820,Op-Access,CityLine,0.0
CL-00472,Transmission,2026-03-08 17:24:20.732553,2026-03-08 17:40:37.083060,Op-Trans,CityLine,0.0
CL-00471,Final inspection,2026-03-08 17:40:06.964820,2026-03-08 17:43:22.285183,Op-Inspect,CityLine,0.0
CL-00533,Order released,2026-03-08 17:43:22.285183,2026-03-08 17:43:22.285183,Planner,CityLine,0.0
CL-00475,Color change,2026-03-08 17:10:42.247385,2026-03-08 17:49:52.630364,Op-Paint,CityLine,0.0
CL-00472,Brakes,2026-03-08 17:40:37.083060,2026-03-08 17:52:13.165549,Op-Brakes,CityLine,0.0
CL-00473,Transmission,2026-03-08 17:40:37.083060,2026-03-08 17:57:32.723752,Op-Trans,CityLine,0.0
CL-00475,Frame & painting,2026-03-08 17:49:52.630364,2026-03-08 18:03:58.235986,Op-Paint,CityLine,0.0
CL-00472,Accessories,2026-03-08 17:52:13.165549,2026-03-08 18:05:10.224941,Op-Access,CityLine,0.0
CL-00474,Transmission,2026-03-08 17:57:32.723752,2026-03-08 18:09:38.663741,Op-Trans,CityLine,0.0
CL-00472,Final inspection,2026-03-08 18:05:10.224941,2026-03-08 18:10:14.789970,Op-Inspect,CityLine,0.0
CL-00473,Brakes,2026-03-08 17:57:32.723752,2026-03-08 18:12:20.167072,Op-Brakes,CityLine,0.0
CL-00476,Frame & painting,2026-03-08 18:03:58.235986,2026-03-08 18:13:06.583442,Op-Paint,CityLine,0.0
CL-00476,Fork & steering,2026-03-08 18:13:06.583442,2026-03-08 18:17:18.281122,Op-Fork,CityLine,0.0
CL-00473,Accessories,2026-03-08 18:12:20.167072,2026-03-08 18:18:12.237769,Op-Access,CityLine,0.0
CL-00472,Final adjustment,2026-03-08 18:10:14.789970,2026-03-08 18:19:50.219696,Op-Inspect,CityLine,0.0
CL-00477,Frame & painting,2026-03-08 18:13:06.583442,2026-03-08 18:22:23.100075,Op-Paint,CityLine,0.0
CL-00476,Wheels,2026-03-08 18:17:18.281122,2026-03-08 18:28:43.716092,Op-Wheels,CityLine,0.0
CL-00473,Final inspection,2026-03-08 18:19:50.219696,2026-03-08 18:29:02.008483,Op-Inspect,CityLine,0.0
CL-00534,Order released,2026-03-08 18:29:02.008483,2026-03-08 18:29:02.008483,Planner,CityLine,0.0
CL-00474,Brakes,2026-03-08 18:12:20.167072,2026-03-08 18:29:20.941023,Op-Brakes,CityLine,0.0
CL-00477,Fork & steering,2026-03-08 18:22:23.100075,2026-03-08 18:32:23.415495,Op-Fork,CityLine,0.0
CL-00478,Frame & painting,2026-03-08 18:22:23.100075,2026-03-08 18:32:26.612902,Op-Paint,CityLine,0.0
CL-00424,Paint rework,2026-03-08 18:32:26.612902,2026-03-08 18:37:58.972285,Op-Paint,CityLine,30.0
CL-00474,Accessories,2026-03-08 18:29:20.941023,2026-03-08 18:38:49.758341,Op-Access,CityLine,0.0
CL-00472,Final inspection,2026-03-08 18:29:02.008483,2026-03-08 18:38:57.291461,Op-Inspect,CityLine,0.0
CL-00535,Order released,2026-03-08 18:38:57.291461,2026-03-08 18:38:57.291461,Planner,CityLine,0.0
CL-00476,Transmission,2026-03-08 18:28:43.716092,2026-03-08 18:39:27.573081,Op-Trans,CityLine,0.0
CL-00478,Fork & steering,2026-03-08 18:32:26.612902,2026-03-08 18:41:58.189678,Op-Fork,CityLine,0.0
CL-00474,Final inspection,2026-03-08 18:38:57.291461,2026-03-08 18:44:44.982406,Op-Inspect,CityLine,0.0
CL-00536,Order released,2026-03-08 18:44:44.982406,2026-03-08 18:44:44.982406,Planner,CityLine,0.0
CL-00476,Brakes,2026-03-08 18:39:27.573081,2026-03-08 18:48:29.050403,Op-Brakes,CityLine,0.0
CL-00477,Wheels,2026-03-08 18:32:23.415495,2026-03-08 18:49:39.194733,Op-Wheels,CityLine,0.0
CL-00424,Fork & steering,2026-03-08 18:41:58.189678,2026-03-08 18:50:12.566333,Op-Fork,CityLine,0.0
CL-00476,Accessories,2026-03-08 18:48:29.050403,2026-03-08 18:54:37.621753,Op-Access,CityLine,0.0
CL-00479,Frame & painting,2026-03-08 18:37:58.972285,2026-03-08 18:54:59.148016,Op-Paint,CityLine,0.0
CL-00478,Wheels,2026-03-08 18:49:39.194733,2026-03-08 18:58:20.920296,Op-Wheels,CityLine,0.0
CL-00476,Final inspection,2026-03-08 18:54:37.621753,2026-03-08 19:00:39.964066,Op-Inspect,CityLine,0.0
CL-00537,Order released,2026-03-08 19:00:39.964066,2026-03-08 19:00:39.964066,Planner,CityLine,0.0
CL-00479,Fork & steering,2026-03-08 18:54:59.148016,2026-03-08 19:02:08.037300,Op-Fork,CityLine,0.0
CL-00477,Transmission,2026-03-08 18:49:39.194733,2026-03-08 19:08:41.151668,Op-Trans,CityLine,0.0
CL-00424,Wheels,2026-03-08 18:58:20.920296,2026-03-08 19:10:03.642595,Op-Wheels,CityLine,0.0
CL-00479,Wheels,2026-03-08 19:10:03.642595,2026-03-08 19:20:10.404336,Op-Wheels,CityLine,0.0
CL-00478,Transmission,2026-03-08 19:08:41.151668,2026-03-08 19:21:20.474650,Op-Trans,CityLine,0.0
CL-00477,Brakes,2026-03-08 19:08:41.151668,2026-03-08 19:25:18.991469,Op-Brakes,CityLine,0.0
CL-00424,Transmission,2026-03-08 19:21:20.474650,2026-03-08 19:30:22.417450,Op-Trans,CityLine,0.0
CL-00477,Accessories,2026-03-08 19:25:18.991469,2026-03-08 19:37:45.626044,Op-Access,CityLine,0.0
CL-00477,Final inspection,2026-03-08 19:37:45.626044,2026-03-08 19:40:58.127226,Op-Inspect,CityLine,0.0
CL-00538,Order released,2026-03-08 19:40:58.127226,2026-03-08 19:40:58.127226,Planner,CityLine,0.0
CL-00479,Transmission,2026-03-08 19:30:22.417450,2026-03-08 19:47:36.983990,Op-Trans,CityLine,0.0
CL-00478,Brakes,2026-03-08 19:25:18.991469,2026-03-08 19:48:10.208224,Op-Brakes,CityLine,0.0
CL-00478,Accessories,2026-03-08 19:48:10.208224,2026-03-08 19:54:56.996076,Op-Access,CityLine,0.0
CL-00478,Final inspection,2026-03-08 19:54:56.996076,2026-03-08 20:02:09.247901,Op-Inspect,CityLine,0.0
CL-00539,Order released,2026-03-08 20:02:09.247901,2026-03-08 20:02:09.247901,Planner,CityLine,0.0
CL-00424,Brakes,2026-03-08 19:48:10.208224,2026-03-08 20:02:11.105598,Op-Brakes,CityLine,0.0
CL-00424,Accessories,2026-03-08 20:02:11.105598,2026-03-08 20:11:03.064651,Op-Access,CityLine,0.0
CL-00479,Brakes,2026-03-08 20:02:11.105598,2026-03-08 20:12:02.379190,Op-Brakes,CityLine,0.0
CL-00480,Color change,2026-03-08 18:54:59.148016,2026-03-08 20:13:55.527546,Op-Paint,CityLine,0.0
CL-00424,Final inspection,2026-03-08 20:11:03.064651,2026-03-08 20:15:34.956093,Op-Inspect,CityLine,0.0
CL-00540,Order released,2026-03-08 20:15:34.956093,2026-03-08 20:15:34.956093,Planner,CityLine,0.0
CL-00479,Accessories,2026-03-08 20:12:02.379190,2026-03-08 20:19:37.580092,Op-Access,CityLine,0.0
CL-00479,Final inspection,2026-03-08 20:19:37.580092,2026-03-08 20:23:42.754352,Op-Inspect,CityLine,0.0
CL-00541,Order released,2026-03-08 20:23:42.754352,2026-03-08 20:23:42.754352,Planner,CityLine,0.0
CL-00480,Frame & painting,2026-03-08 20:13:55.527546,2026-03-08 20:29:02.385563,Op-Paint,CityLine,0.0
CL-00480,Fork & steering,2026-03-08 20:29:02.385563,2026-03-08 20:35:09.317898,Op-Fork,CityLine,0.0
CL-00481,Frame & painting,2026-03-08 20:29:02.385563,2026-03-08 20:38:57.957525,Op-Paint,CityLine,0.0
CL-00481,Fork & steering,2026-03-08 20:38:57.957525,2026-03-08 20:44:53.566920,Op-Fork,CityLine,0.0
CL-00480,Wheels,2026-03-08 20:35:09.317898,2026-03-08 20:47:43.317067,Op-Wheels,CityLine,0.0
CL-00482,Frame & painting,2026-03-08 20:38:57.957525,2026-03-08 20:50:29.242771,Op-Paint,CityLine,0.0
CL-00481,Wheels,2026-03-08 20:47:43.317067,2026-03-08 20:53:31.470104,Op-Wheels,CityLine,0.0
CL-00482,Fork & steering,2026-03-08 20:50:29.242771,2026-03-08 20:55:07.045580,Op-Fork,CityLine,0.0
CL-00483,Frame & painting,2026-03-08 20:50:29.242771,2026-03-08 21:01:22.358183,Op-Paint,CityLine,0.0
CL-00480,Transmission,2026-03-08 20:47:43.317067,2026-03-08 21:05:39.397925,Op-Trans,CityLine,0.0
CL-00482,Wheels,2026-03-08 20:55:07.045580,2026-03-08 21:06:58.294988,Op-Wheels,CityLine,0.0
CL-00483,Fork & steering,2026-03-08 21:01:22.358183,2026-03-08 21:07:45.299246,Op-Fork,CityLine,0.0
CL-00480,Brakes,2026-03-08 21:05:39.397925,2026-03-08 21:12:19.229223,Op-Brakes,CityLine,0.0
CL-00484,Frame & painting,2026-03-08 21:01:22.358183,2026-03-08 21:13:52.577586,Op-Paint,CityLine,0.0
CL-00483,Wheels,2026-03-08 21:07:45.299246,2026-03-08 21:16:19.584368,Op-Wheels,CityLine,0.0
CL-00480,Accessories,2026-03-08 21:12:19.229223,2026-03-08 21:19:04.092801,Op-Access,CityLine,0.0
CL-00481,Transmission,2026-03-08 21:05:39.397925,2026-03-08 21:22:03.900855,Op-Trans,CityLine,0.0
CL-00484,Fork & steering,2026-03-08 21:13:52.577586,2026-03-08 21:24:46.039088,Op-Fork,CityLine,0.0
CL-00480,Final inspection,2026-03-08 21:19:04.092801,2026-03-08 21:25:47.273288,Op-Inspect,CityLine,0.0
CL-00542,Order released,2026-03-08 21:25:47.273288,2026-03-08 21:25:47.273288,Planner,CityLine,0.0
CL-00481,Brakes,2026-03-08 21:22:03.900855,2026-03-08 21:30:25.598576,Op-Brakes,CityLine,0.0
CL-00484,Wheels,2026-03-08 21:24:46.039088,2026-03-08 21:34:08.686864,Op-Wheels,CityLine,0.0
CL-00482,Transmission,2026-03-08 21:22:03.900855,2026-03-08 21:37:26.160434,Op-Trans,CityLine,0.0
CL-00481,Accessories,2026-03-08 21:30:25.598576,2026-03-08 21:39:37.602578,Op-Access,CityLine,0.0
CL-00482,Brakes,2026-03-08 21:37:26.160434,2026-03-08 21:44:01.896941,Op-Brakes,CityLine,0.0
CL-00483,Transmission,2026-03-08 21:37:26.160434,2026-03-08 21:47:00.428889,Op-Trans,CityLine,0.0
CL-00481,Final inspection,2026-03-08 21:39:37.602578,2026-03-08 21:47:15.590235,Op-Inspect,CityLine,0.0
CL-00543,Order released,2026-03-08 21:47:15.590235,2026-03-08 21:47:15.590235,Planner,CityLine,0.0
CL-00482,Accessories,2026-03-08 21:44:01.896941,2026-03-08 21:50:28.207860,Op-Access,CityLine,0.0
CL-00485,Color change,2026-03-08 21:13:52.577586,2026-03-08 21:50:49.929869,Op-Paint,CityLine,0.0
CL-00483,Brakes,2026-03-08 21:47:00.428889,2026-03-08 21:59:33.490864,Op-Brakes,CityLine,0.0
CL-00482,Final inspection,2026-03-08 21:50:28.207860,2026-03-08 22:02:08.627556,Op-Inspect,CityLine,0.0
CL-00485,Frame & painting,2026-03-08 21:50:49.929869,2026-03-08 22:03:08.365712,Op-Paint,CityLine,0.0
CL-00485,Fork & steering,2026-03-08 22:03:08.365712,2026-03-08 22:08:10.625020,Op-Fork,CityLine,0.0
CL-00482,Final adjustment,2026-03-08 22:02:08.627556,2026-03-08 22:08:19.666652,Op-Inspect,CityLine,0.0
CL-00484,Transmission,2026-03-08 21:47:00.428889,2026-03-08 22:08:53.315510,Op-Trans,CityLine,0.0
CL-00483,Accessories,2026-03-08 21:59:33.490864,2026-03-08 22:09:07.877353,Op-Access,CityLine,0.0
CL-00486,Frame & painting,2026-03-08 22:03:08.365712,2026-03-08 22:15:53.044987,Op-Paint,CityLine,0.0
CL-00485,Wheels,2026-03-08 22:08:10.625020,2026-03-08 22:16:09.008593,Op-Wheels,CityLine,0.0
CL-00482,Final inspection,2026-03-08 22:08:19.666652,2026-03-08 22:17:54.574809,Op-Inspect,CityLine,0.0
CL-00544,Order released,2026-03-08 22:17:54.574809,2026-03-08 22:17:54.574809,Planner,CityLine,0.0
CL-00484,Brakes,2026-03-08 22:08:53.315510,2026-03-08 22:18:46.367908,Op-Brakes,CityLine,0.0
CL-00487,Frame & painting,2026-03-08 22:15:53.044987,2026-03-08 22:19:45.127870,Op-Paint,CityLine,0.0
CL-00486,Fork & steering,2026-03-08 22:15:53.044987,2026-03-08 22:22:24.977833,Op-Fork,CityLine,0.0
CL-00484,Accessories,2026-03-08 22:18:46.367908,2026-03-08 22:23:14.790310,Op-Access,CityLine,0.0
CL-00483,Final inspection,2026-03-08 22:17:54.574809,2026-03-08 22:26:39.280514,Op-Inspect,CityLine,0.0
CL-00545,Order released,2026-03-08 22:26:39.280514,2026-03-08 22:26:39.280514,Planner,CityLine,0.0
CL-00487,Fork & steering,2026-03-08 22:22:24.977833,2026-03-08 22:29:49.982556,Op-Fork,CityLine,0.0
CL-00488,Frame & painting,2026-03-08 22:19:45.127870,2026-03-08 22:32:13.652394,Op-Paint,CityLine,0.0
CL-00485,Transmission,2026-03-08 22:16:09.008593,2026-03-08 22:32:15.295420,Op-Trans,CityLine,0.0
CL-00484,Final inspection,2026-03-08 22:26:39.280514,2026-03-08 22:35:04.436884,Op-Inspect,CityLine,0.0
CL-00546,Order released,2026-03-08 22:35:04.436884,2026-03-08 22:35:04.436884,Planner,CityLine,0.0
CL-00488,Fork & steering,2026-03-08 22:32:13.652394,2026-03-08 22:36:32.084107,Op-Fork,CityLine,0.0
CL-00486,Wheels,2026-03-08 22:22:24.977833,2026-03-08 22:38:18.419995,Op-Wheels,CityLine,0.0
CL-00489,Frame & painting,2026-03-08 22:32:13.652394,2026-03-08 22:38:40.105907,Op-Paint,CityLine,0.0
CL-00487,Wheels,2026-03-08 22:38:18.419995,2026-03-08 22:43:20.707276,Op-Wheels,CityLine,0.0
CL-00485,Brakes,2026-03-08 22:32:15.295420,2026-03-08 22:43:36.152414,Op-Brakes,CityLine,0.0
CL-00486,Transmission,2026-03-08 22:38:18.419995,2026-03-08 22:47:22.896423,Op-Trans,CityLine,0.0
CL-00489,Fork & steering,2026-03-08 22:38:40.105907,2026-03-08 22:48:56.103837,Op-Fork,CityLine,0.0
CL-00485,Accessories,2026-03-08 22:43:36.152414,2026-03-08 22:53:23.897010,Op-Access,CityLine,0.0
CL-00488,Wheels,2026-03-08 22:43:20.707276,2026-03-08 22:58:01.683467,Op-Wheels,CityLine,0.0
CL-00485,Final inspection,2026-03-08 22:53:23.897010,2026-03-08 22:58:33.124762,Op-Inspect,CityLine,0.0
CL-00547,Order released,2026-03-08 22:58:33.124762,2026-03-08 22:58:33.124762,Planner,CityLine,0.0
CL-00486,Brakes,2026-03-08 22:47:22.896423,2026-03-08 22:59:17.593521,Op-Brakes,CityLine,0.0
CL-00486,Accessories,2026-03-08 22:59:17.593521,2026-03-08 23:06:44.022344,Op-Access,CityLine,0.0
CL-00490,Color change,2026-03-08 22:38:40.105907,2026-03-08 23:07:44.318317,Op-Paint,CityLine,0.0
CL-00489,Wheels,2026-03-08 22:58:01.683467,2026-03-08 23:08:31.267557,Op-Wheels,CityLine,0.0
CL-00487,Transmission,2026-03-08 22:47:22.896423,2026-03-08 23:11:43.784670,Op-Trans,CityLine,0.0
CL-00486,Final inspection,2026-03-08 23:06:44.022344,2026-03-08 23:13:30.385112,Op-Inspect,CityLine,0.0
CL-00548,Order released,2026-03-08 23:13:30.385112,2026-03-08 23:13:30.385112,Planner,CityLine,0.0
CL-00490,Frame & painting,2026-03-08 23:07:44.318317,2026-03-08 23:17:10.056156,Op-Paint,CityLine,0.0
CL-00487,Brakes,2026-03-08 23:11:43.784670,2026-03-08 23:23:11.357998,Op-Brakes,CityLine,0.0
CL-00488,Transmission,2026-03-08 23:11:43.784670,2026-03-08 23:23:28.725217,Op-Trans,CityLine,0.0
CL-00434,Paint rework,2026-03-08 23:17:10.056156,2026-03-08 23:23:59.839940,Op-Paint,CityLine,30.0
CL-00488,Brakes,2026-03-08 23:23:28.725217,2026-03-08 23:28:59.390468,Op-Brakes,CityLine,0.0
CL-00434,Fork & steering,2026-03-08 23:23:59.839940,2026-03-08 23:29:59.756308,Op-Fork,CityLine,0.0
CL-00487,Accessories,2026-03-08 23:23:11.357998,2026-03-08 23:32:47.021480,Op-Access,CityLine,0.0
CL-00491,Frame & painting,2026-03-08 23:23:59.839940,2026-03-08 23:38:17.204534,Op-Paint,CityLine,0.0
CL-00434,Wheels,2026-03-08 23:29:59.756308,2026-03-08 23:38:49.246101,Op-Wheels,CityLine,0.0
CL-00487,Final inspection,2026-03-08 23:32:47.021480,2026-03-08 23:39:16.914235,Op-Inspect,CityLine,0.0
CL-00549,Order released,2026-03-08 23:39:16.914235,2026-03-08 23:39:16.914235,Planner,CityLine,0.0
CL-00489,Transmission,2026-03-08 23:23:28.725217,2026-03-08 23:46:11.624290,Op-Trans,CityLine,0.0
CL-00492,Frame & painting,2026-03-08 23:38:17.204534,2026-03-08 23:47:51.086317,Op-Paint,CityLine,0.0
CL-00488,Accessories,2026-03-08 23:32:47.021480,2026-03-08 23:49:03.897716,Op-Access,CityLine,0.0
CL-00491,Fork & steering,2026-03-08 23:38:17.204534,2026-03-08 23:49:47.513995,Op-Fork,CityLine,0.0
CL-00493,Frame & painting,2026-03-08 23:47:51.086317,2026-03-08 23:55:26.895246,Op-Paint,CityLine,0.0
CL-00488,Final inspection,2026-03-08 23:49:03.897716,2026-03-08 23:55:53.985383,Op-Inspect,CityLine,0.0
CL-00550,Order released,2026-03-08 23:55:53.985383,2026-03-08 23:55:53.985383,Planner,CityLine,0.0
CL-00492,Fork & steering,2026-03-08 23:49:47.513995,2026-03-08 23:59:24.291666,Op-Fork,CityLine,0.0
CL-00491,Wheels,2026-03-08 23:49:47.513995,2026-03-08 23:59:25.411085,Op-Wheels,CityLine,0.0
CL-00434,Transmission,2026-03-08 23:46:11.624290,2026-03-08 23:59:29.119544,Op-Trans,CityLine,0.0
CL-00489,Brakes,2026-03-08 23:46:11.624290,2026-03-09 00:01:18.213691,Op-Brakes,CityLine,0.0
CL-00494,Frame & painting,2026-03-08 23:55:26.895246,2026-03-09 00:02:13.330743,Op-Paint,CityLine,0.0
CL-00434,Brakes,2026-03-09 00:01:18.213691,2026-03-09 00:08:29.116819,Op-Brakes,CityLine,0.0
CL-00494,Fork & steering,2026-03-09 00:02:13.330743,2026-03-09 00:11:12.009851,Op-Fork,CityLine,0.0
CL-00489,Accessories,2026-03-09 00:01:18.213691,2026-03-09 00:11:18.191915,Op-Access,CityLine,0.0
CL-00434,Accessories,2026-03-09 00:11:18.191915,2026-03-09 00:17:27.579564,Op-Access,CityLine,0.0
CL-00491,Transmission,2026-03-08 23:59:29.119544,2026-03-09 00:18:05.764164,Op-Trans,CityLine,0.0
CL-00492,Wheels,2026-03-08 23:59:25.411085,2026-03-09 00:20:07.640652,Op-Wheels,CityLine,0.0
CL-00489,Final inspection,2026-03-09 00:11:18.191915,2026-03-09 00:25:48.072966,Op-Inspect,CityLine,0.0
CL-00551,Order released,2026-03-09 00:25:48.072966,2026-03-09 00:25:48.072966,Planner,CityLine,0.0
CL-00491,Brakes,2026-03-09 00:18:05.764164,2026-03-09 00:26:05.878848,Op-Brakes,CityLine,0.0
CL-00434,Final inspection,2026-03-09 00:25:48.072966,2026-03-09 00:32:29.450950,Op-Inspect,CityLine,0.0
CL-00552,Order released,2026-03-09 00:32:29.450950,2026-03-09 00:32:29.450950,Planner,CityLine,0.0
CL-00491,Accessories,2026-03-09 00:26:05.878848,2026-03-09 00:32:32.024705,Op-Access,CityLine,0.0
CL-00492,Transmission,2026-03-09 00:20:07.640652,2026-03-09 00:32:34.690076,Op-Trans,CityLine,0.0
CL-00494,Wheels,2026-03-09 00:20:07.640652,2026-03-09 00:38:03.064315,Op-Wheels,CityLine,0.0
CL-00491,Final inspection,2026-03-09 00:32:32.024705,2026-03-09 00:38:34.902256,Op-Inspect,CityLine,0.0
CL-00553,Order released,2026-03-09 00:38:34.902256,2026-03-09 00:38:34.902256,Planner,CityLine,0.0
CL-00495,Color change,2026-03-09 00:02:13.330743,2026-03-09 00:40:19.957314,Op-Paint,CityLine,0.0
CL-00492,Brakes,2026-03-09 00:32:34.690076,2026-03-09 00:46:30.518422,Op-Brakes,CityLine,0.0
CL-00494,Transmission,2026-03-09 00:38:03.064315,2026-03-09 00:53:47.519152,Op-Trans,CityLine,0.0
CL-00495,Frame & painting,2026-03-09 00:40:19.957314,2026-03-09 00:53:56.292053,Op-Paint,CityLine,0.0
CL-00492,Accessories,2026-03-09 00:46:30.518422,2026-03-09 00:57:38.434196,Op-Access,CityLine,0.0
CL-00496,Frame & painting,2026-03-09 00:53:56.292053,2026-03-09 01:02:45.410518,Op-Paint,CityLine,0.0
CL-00492,Final inspection,2026-03-09 00:57:38.434196,2026-03-09 01:02:50.080104,Op-Inspect,CityLine,0.0
CL-00554,Order released,2026-03-09 01:02:50.080104,2026-03-09 01:02:50.080104,Planner,CityLine,0.0
CL-00495,Fork & steering,2026-03-09 00:53:56.292053,2026-03-09 01:03:51.603406,Op-Fork,CityLine,0.0
CL-00496,Fork & steering,2026-03-09 01:03:51.603406,2026-03-09 01:10:12.482708,Op-Fork,CityLine,0.0
CL-00497,Frame & painting,2026-03-09 01:02:45.410518,2026-03-09 01:12:45.669905,Op-Paint,CityLine,0.0
CL-00494,Brakes,2026-03-09 00:53:47.519152,2026-03-09 01:13:36.888883,Op-Brakes,CityLine,0.0
CL-00495,Wheels,2026-03-09 01:03:51.603406,2026-03-09 01:13:57.240381,Op-Wheels,CityLine,0.0
CL-00441,Paint rework,2026-03-09 01:12:45.669905,2026-03-09 01:21:38.990538,Op-Paint,CityLine,30.0
CL-00496,Wheels,2026-03-09 01:13:57.240381,2026-03-09 01:24:37.662514,Op-Wheels,CityLine,0.0
CL-00441,Fork & steering,2026-03-09 01:21:38.990538,2026-03-09 01:27:08.505269,Op-Fork,CityLine,0.0
CL-00494,Accessories,2026-03-09 01:13:36.888883,2026-03-09 01:27:09.770355,Op-Access,CityLine,0.0
CL-00498,Frame & painting,2026-03-09 01:21:38.990538,2026-03-09 01:31:07.606798,Op-Paint,CityLine,0.0
CL-00494,Final inspection,2026-03-09 01:27:09.770355,2026-03-09 01:31:18.841999,Op-Inspect,CityLine,0.0
CL-00555,Order released,2026-03-09 01:31:18.841999,2026-03-09 01:31:18.841999,Planner,CityLine,0.0
CL-00495,Transmission,2026-03-09 01:13:57.240381,2026-03-09 01:32:18.338311,Op-Trans,CityLine,0.0
CL-00441,Wheels,2026-03-09 01:27:08.505269,2026-03-09 01:37:34.222274,Op-Wheels,CityLine,0.0
CL-00498,Fork & steering,2026-03-09 01:31:07.606798,2026-03-09 01:37:53.508354,Op-Fork,CityLine,0.0
CL-00498,Wheels,2026-03-09 01:37:53.508354,2026-03-09 01:41:48.362737,Op-Wheels,CityLine,0.0
CL-00499,Frame & painting,2026-03-09 01:31:07.606798,2026-03-09 01:41:59.387525,Op-Paint,CityLine,0.0
CL-00495,Brakes,2026-03-09 01:32:18.338311,2026-03-09 01:45:35.341738,Op-Brakes,CityLine,0.0
CL-00496,Transmission,2026-03-09 01:32:18.338311,2026-03-09 01:48:04.694434,Op-Trans,CityLine,0.0
CL-00495,Accessories,2026-03-09 01:45:35.341738,2026-03-09 01:54:24.929064,Op-Access,CityLine,0.0
CL-00495,Final inspection,2026-03-09 01:54:24.929064,2026-03-09 02:01:01.639287,Op-Inspect,CityLine,0.0
CL-00556,Order released,2026-03-09 02:01:01.639287,2026-03-09 02:01:01.639287,Planner,CityLine,0.0
CL-00441,Transmission,2026-03-09 01:48:04.694434,2026-03-09 02:01:02.092731,Op-Trans,CityLine,0.0
CL-00496,Brakes,2026-03-09 01:48:04.694434,2026-03-09 02:07:29.563216,Op-Brakes,CityLine,0.0
CL-00496,Accessories,2026-03-09 02:07:29.563216,2026-03-09 02:16:07.389714,Op-Access,CityLine,0.0
CL-00498,Transmission,2026-03-09 02:01:02.092731,2026-03-09 02:17:20.755034,Op-Trans,CityLine,0.0
CL-00496,Final inspection,2026-03-09 02:16:07.389714,2026-03-09 02:24:23.767681,Op-Inspect,CityLine,0.0
CL-00557,Order released,2026-03-09 02:24:23.767681,2026-03-09 02:24:23.767681,Planner,CityLine,0.0
CL-00441,Brakes,2026-03-09 02:07:29.563216,2026-03-09 02:25:26.473340,Op-Brakes,CityLine,0.0
CL-00498,Brakes,2026-03-09 02:25:26.473340,2026-03-09 02:34:36.138406,Op-Brakes,CityLine,0.0
CL-00441,Accessories,2026-03-09 02:25:26.473340,2026-03-09 02:35:29.545157,Op-Access,CityLine,0.0
CL-00441,Final inspection,2026-03-09 02:35:29.545157,2026-03-09 02:38:42.555260,Op-Inspect,CityLine,0.0
CL-00558,Order released,2026-03-09 02:38:42.555260,2026-03-09 02:38:42.555260,Planner,CityLine,0.0
CL-00500,Color change,2026-03-09 01:41:59.387525,2026-03-09 02:41:55.271228,Op-Paint,CityLine,0.0
CL-00498,Accessories,2026-03-09 02:35:29.545157,2026-03-09 02:43:50.087081,Op-Access,CityLine,0.0
CL-00500,Frame & painting,2026-03-09 02:41:55.271228,2026-03-09 02:47:14.989297,Op-Paint,CityLine,0.0
CL-00498,Final inspection,2026-03-09 02:43:50.087081,2026-03-09 02:50:51.061684,Op-Inspect,CityLine,0.0
CL-00559,Order released,2026-03-09 02:50:51.061684,2026-03-09 02:50:51.061684,Planner,CityLine,0.0
CL-00501,Frame & painting,2026-03-09 02:47:14.989297,2026-03-09 02:52:12.923023,Op-Paint,CityLine,0.0
CL-00500,Fork & steering,2026-03-09 02:47:14.989297,2026-03-09 02:53:12.267485,Op-Fork,CityLine,0.0
CL-00501,Fork & steering,2026-03-09 02:53:12.267485,2026-03-09 02:59:43.447250,Op-Fork,CityLine,0.0
CL-00500,Wheels,2026-03-09 02:53:12.267485,2026-03-09 03:03:16.024510,Op-Wheels,CityLine,0.0
CL-00502,Frame & painting,2026-03-09 02:52:12.923023,2026-03-09 03:04:17.857152,Op-Paint,CityLine,0.0
CL-00500,Transmission,2026-03-09 03:03:16.024510,2026-03-09 03:15:23.343136,Op-Trans,CityLine,0.0
CL-00503,Frame & painting,2026-03-09 03:04:17.857152,2026-03-09 03:19:27.326902,Op-Paint,CityLine,0.0
CL-00502,Fork & steering,2026-03-09 03:04:17.857152,2026-03-09 03:19:47.863537,Op-Fork,CityLine,0.0
CL-00500,Brakes,2026-03-09 03:15:23.343136,2026-03-09 03:21:39.387796,Op-Brakes,CityLine,0.0
CL-00501,Wheels,2026-03-09 03:03:16.024510,2026-03-09 03:24:10.728388,Op-Wheels,CityLine,0.0
CL-00504,Frame & painting,2026-03-09 03:19:27.326902,2026-03-09 03:26:58.439123,Op-Paint,CityLine,0.0
CL-00503,Fork & steering,2026-03-09 03:19:47.863537,2026-03-09 03:27:08.783806,Op-Fork,CityLine,0.0
CL-00500,Accessories,2026-03-09 03:21:39.387796,2026-03-09 03:29:58.727593,Op-Access,CityLine,0.0
CL-00502,Wheels,2026-03-09 03:24:10.728388,2026-03-09 03:31:22.660829,Op-Wheels,CityLine,0.0
CL-00500,Final inspection,2026-03-09 03:29:58.727593,2026-03-09 03:34:36.639597,Op-Inspect,CityLine,0.0
CL-00504,Fork & steering,2026-03-09 03:27:08.783806,2026-03-09 03:34:59.126507,Op-Fork,CityLine,0.0
CL-00503,Wheels,2026-03-09 03:31:22.660829,2026-03-09 03:42:08.570358,Op-Wheels,CityLine,0.0
CL-00500,Final adjustment,2026-03-09 03:34:36.639597,2026-03-09 03:44:06.364772,Op-Inspect,CityLine,0.0
CL-00504,Wheels,2026-03-09 03:42:08.570358,2026-03-09 03:54:44.761393,Op-Wheels,CityLine,0.0
CL-00500,Final inspection,2026-03-09 03:44:06.364772,2026-03-09 03:54:47.138040,Op-Inspect,CityLine,0.0
CL-00560,Order released,2026-03-09 03:54:47.138040,2026-03-09 03:54:47.138040,Planner,CityLine,0.0
CL-00501,Transmission,2026-03-09 03:24:10.728388,2026-03-09 04:10:38.651923,Op-Trans,CityLine,0.0
CL-00505,Color change,2026-03-09 03:26:58.439123,2026-03-09 04:18:11.194286,Op-Paint,CityLine,0.0
CL-00502,Transmission,2026-03-09 04:10:38.651923,2026-03-09 04:21:54.648885,Op-Trans,CityLine,0.0
CL-00501,Brakes,2026-03-09 04:10:38.651923,2026-03-09 04:22:14.901262,Op-Brakes,CityLine,0.0
CL-00505,Frame & painting,2026-03-09 04:18:11.194286,2026-03-09 04:27:37.206750,Op-Paint,CityLine,0.0
CL-00501,Accessories,2026-03-09 04:22:14.901262,2026-03-09 04:30:07.917082,Op-Access,CityLine,0.0
CL-00505,Fork & steering,2026-03-09 04:27:37.206750,2026-03-09 04:33:06.818345,Op-Fork,CityLine,0.0
CL-00501,Final inspection,2026-03-09 04:30:07.917082,2026-03-09 04:33:54.062055,Op-Inspect,CityLine,0.0
CL-00561,Order released,2026-03-09 04:33:54.062055,2026-03-09 04:33:54.062055,Planner,CityLine,0.0
CL-00506,Frame & painting,2026-03-09 04:27:37.206750,2026-03-09 04:33:55.335872,Op-Paint,CityLine,0.0
CL-00502,Brakes,2026-03-09 04:22:14.901262,2026-03-09 04:34:35.348340,Op-Brakes,CityLine,0.0
CL-00503,Transmission,2026-03-09 04:21:54.648885,2026-03-09 04:35:35.670633,Op-Trans,CityLine,0.0
CL-00506,Fork & steering,2026-03-09 04:33:55.335872,2026-03-09 04:38:43.023970,Op-Fork,CityLine,0.0
CL-00505,Wheels,2026-03-09 04:33:06.818345,2026-03-09 04:42:41.945883,Op-Wheels,CityLine,0.0
CL-00507,Frame & painting,2026-03-09 04:33:55.335872,2026-03-09 04:44:39.686455,Op-Paint,CityLine,0.0
CL-00503,Brakes,2026-03-09 04:35:35.670633,2026-03-09 04:44:59.471163,Op-Brakes,CityLine,0.0
CL-00502,Accessories,2026-03-09 04:34:35.348340,2026-03-09 04:45:30.862862,Op-Access,CityLine,0.0
CL-00504,Transmission,2026-03-09 04:35:35.670633,2026-03-09 04:50:03.462691,Op-Trans,CityLine,0.0
CL-00507,Fork & steering,2026-03-09 04:44:39.686455,2026-03-09 04:50:26.894920,Op-Fork,CityLine,0.0
CL-00502,Final inspection,2026-03-09 04:45:30.862862,2026-03-09 04:54:26.279496,Op-Inspect,CityLine,0.0
CL-00562,Order released,2026-03-09 04:54:26.279496,2026-03-09 04:54:26.279496,Planner,CityLine,0.0
CL-00506,Wheels,2026-03-09 04:42:41.945883,2026-03-09 04:55:09.759565,Op-Wheels,CityLine,0.0
CL-00503,Accessories,2026-03-09 04:45:30.862862,2026-03-09 04:55:56.193240,Op-Access,CityLine,0.0
CL-00451,Paint rework,2026-03-09 04:44:39.686455,2026-03-09 04:56:00.128810,Op-Paint,CityLine,30.0
CL-00505,Transmission,2026-03-09 04:50:03.462691,2026-03-09 04:58:37.533497,Op-Trans,CityLine,0.0
CL-00503,Final inspection,2026-03-09 04:55:56.193240,2026-03-09 05:03:28.376176,Op-Inspect,CityLine,0.0
CL-00563,Order released,2026-03-09 05:03:28.376176,2026-03-09 05:03:28.376176,Planner,CityLine,0.0
CL-00451,Fork & steering,2026-03-09 04:56:00.128810,2026-03-09 05:03:40.778736,Op-Fork,CityLine,0.0
CL-00508,Frame & painting,2026-03-09 04:56:00.128810,2026-03-09 05:04:35.847901,Op-Paint,CityLine,0.0
CL-00504,Brakes,2026-03-09 04:50:03.462691,2026-03-09 05:05:34.346530,Op-Brakes,CityLine,0.0
CL-00507,Wheels,2026-03-09 04:55:09.759565,2026-03-09 05:09:48.126480,Op-Wheels,CityLine,0.0
CL-00508,Fork & steering,2026-03-09 05:04:35.847901,2026-03-09 05:10:52.719417,Op-Fork,CityLine,0.0
CL-00504,Accessories,2026-03-09 05:05:34.346530,2026-03-09 05:12:26.320831,Op-Access,CityLine,0.0
CL-00505,Brakes,2026-03-09 05:05:34.346530,2026-03-09 05:16:00.962710,Op-Brakes,CityLine,0.0
CL-00451,Wheels,2026-03-09 05:09:48.126480,2026-03-09 05:17:29.605791,Op-Wheels,CityLine,0.0
CL-00506,Transmission,2026-03-09 04:58:37.533497,2026-03-09 05:17:38.146619,Op-Trans,CityLine,0.0
CL-00504,Final inspection,2026-03-09 05:12:26.320831,2026-03-09 05:19:50.684141,Op-Inspect,CityLine,0.0
CL-00564,Order released,2026-03-09 05:19:50.684141,2026-03-09 05:19:50.684141,Planner,CityLine,0.0
CL-00505,Accessories,2026-03-09 05:16:00.962710,2026-03-09 05:22:37.791535,Op-Access,CityLine,0.0
CL-00509,Frame & painting,2026-03-09 05:04:35.847901,2026-03-09 05:23:30.708503,Op-Paint,CityLine,0.0
CL-00508,Wheels,2026-03-09 05:17:29.605791,2026-03-09 05:27:14.461005,Op-Wheels,CityLine,0.0
CL-00507,Transmission,2026-03-09 05:17:38.146619,2026-03-09 05:30:52.062792,Op-Trans,CityLine,0.0
CL-00505,Final inspection,2026-03-09 05:22:37.791535,2026-03-09 05:32:05.209383,Op-Inspect,CityLine,0.0
CL-00565,Order released,2026-03-09 05:32:05.209383,2026-03-09 05:32:05.209383,Planner,CityLine,0.0
CL-00506,Brakes,2026-03-09 05:17:38.146619,2026-03-09 05:32:45.048853,Op-Brakes,CityLine,0.0
CL-00451,Transmission,2026-03-09 05:30:52.062792,2026-03-09 05:43:19.577511,Op-Trans,CityLine,0.0
CL-00509,Fork & steering,2026-03-09 05:23:30.708503,2026-03-09 05:46:14.244265,Op-Fork,CityLine,0.0
CL-00506,Accessories,2026-03-09 05:32:45.048853,2026-03-09 05:47:56.398835,Op-Access,CityLine,0.0
CL-00507,Brakes,2026-03-09 05:32:45.048853,2026-03-09 05:51:28.334586,Op-Brakes,CityLine,0.0
CL-00509,Wheels,2026-03-09 05:46:14.244265,2026-03-09 05:53:00.756134,Op-Wheels,CityLine,0.0
CL-00506,Final inspection,2026-03-09 05:47:56.398835,2026-03-09 05:55:44.217480,Op-Inspect,CityLine,0.0
CL-00566,Order released,2026-03-09 05:55:44.217480,2026-03-09 05:55:44.217480,Planner,CityLine,0.0
CL-00507,Accessories,2026-03-09 05:51:28.334586,2026-03-09 05:57:02.551165,Op-Access,CityLine,0.0
CL-00451,Brakes,2026-03-09 05:51:28.334586,2026-03-09 05:58:18.197592,Op-Brakes,CityLine,0.0
CL-00508,Transmission,2026-03-09 05:43:19.577511,2026-03-09 06:05:14.367077,Op-Trans,CityLine,0.0
CL-00507,Final inspection,2026-03-09 05:57:02.551165,2026-03-09 06:06:01.471848,Op-Inspect,CityLine,0.0
CL-00567,Order released,2026-03-09 06:06:01.471848,2026-03-09 06:06:01.471848,Planner,CityLine,0.0
CL-00451,Accessories,2026-03-09 05:58:18.197592,2026-03-09 06:08:21.721607,Op-Access,CityLine,0.0
CL-00451,Final inspection,2026-03-09 06:08:21.721607,2026-03-09 06:11:42.349674,Op-Inspect,CityLine,0.0
CL-00568,Order released,2026-03-09 06:11:42.349674,2026-03-09 06:11:42.349674,Planner,CityLine,0.0
CL-00509,Transmission,2026-03-09 06:05:14.367077,2026-03-09 06:17:14.757327,Op-Trans,CityLine,0.0
CL-00508,Brakes,2026-03-09 06:05:14.367077,2026-03-09 06:18:48.544826,Op-Brakes,CityLine,0.0
CL-00510,Color change,2026-03-09 05:23:30.708503,2026-03-09 06:22:56.822879,Op-Paint,CityLine,0.0
CL-00508,Accessories,2026-03-09 06:18:48.544826,2026-03-09 06:30:14.207654,Op-Access,CityLine,0.0
CL-00510,Frame & painting,2026-03-09 06:22:56.822879,2026-03-09 06:33:29.265167,Op-Paint,CityLine,0.0
CL-00509,Brakes,2026-03-09 06:18:48.544826,2026-03-09 06:35:19.076962,Op-Brakes,CityLine,0.0
CL-00508,Final inspection,2026-03-09 06:30:14.207654,2026-03-09 06:35:35.369630,Op-Inspect,CityLine,0.0
CL-00569,Order released,2026-03-09 06:35:35.369630,2026-03-09 06:35:35.369630,Planner,CityLine,0.0
CL-00509,Accessories,2026-03-09 06:35:19.076962,2026-03-09 06:39:51.213590,Op-Access,CityLine,0.0
CL-00511,Frame & painting,2026-03-09 06:33:29.265167,2026-03-09 06:41:01.588701,Op-Paint,CityLine,0.0
CL-00511,Fork & steering,2026-03-09 06:41:01.588701,2026-03-09 06:45:31.288382,Op-Fork,CityLine,0.0
CL-00509,Final inspection,2026-03-09 06:39:51.213590,2026-03-09 06:45:32.551267,Op-Inspect,CityLine,0.0
CL-00570,Order released,2026-03-09 06:45:32.551267,2026-03-09 06:45:32.551267,Planner,CityLine,0.0
CL-00512,Frame & painting,2026-03-09 06:41:01.588701,2026-03-09 06:51:46.622820,Op-Paint,CityLine,0.0
CL-00511,Wheels,2026-03-09 06:45:31.288382,2026-03-09 06:52:55.493821,Op-Wheels,CityLine,0.0
CL-00512,Fork & steering,2026-03-09 06:51:46.622820,2026-03-09 06:57:15.210054,Op-Fork,CityLine,0.0
CL-00513,Frame & painting,2026-03-09 06:51:46.622820,2026-03-09 06:59:03.170456,Op-Paint,CityLine,0.0
CL-00514,Frame & painting,2026-03-09 06:59:03.170456,2026-03-09 07:06:00.586079,Op-Paint,CityLine,0.0
CL-00511,Transmission,2026-03-09 06:52:55.493821,2026-03-09 07:15:55.334043,Op-Trans,CityLine,0.0
CL-00512,Wheels,2026-03-09 06:57:15.210054,2026-03-09 07:16:12.522659,Op-Wheels,CityLine,0.0
CL-00514,Fork & steering,2026-03-09 07:06:00.586079,2026-03-09 07:23:14.595017,Op-Fork,CityLine,0.0
CL-00511,Brakes,2026-03-09 07:15:55.334043,2026-03-09 07:24:43.708598,Op-Brakes,CityLine,0.0
CL-00512,Transmission,2026-03-09 07:16:12.522659,2026-03-09 07:32:45.003741,Op-Trans,CityLine,0.0
CL-00511,Accessories,2026-03-09 07:24:43.708598,2026-03-09 07:34:27.099376,Op-Access,CityLine,0.0
CL-00514,Wheels,2026-03-09 07:23:14.595017,2026-03-09 07:36:03.582640,Op-Wheels,CityLine,0.0
CL-00511,Final inspection,2026-03-09 07:34:27.099376,2026-03-09 07:39:28.153241,Op-Inspect,CityLine,0.0
CL-00571,Order released,2026-03-09 07:39:28.153241,2026-03-09 07:39:28.153241,Planner,CityLine,0.0
CL-00512,Brakes,2026-03-09 07:32:45.003741,2026-03-09 07:41:28.718323,Op-Brakes,CityLine,0.0
CL-00515,Color change,2026-03-09 07:06:00.586079,2026-03-09 07:49:00.657877,Op-Paint,CityLine,0.0
CL-00512,Accessories,2026-03-09 07:41:28.718323,2026-03-09 07:57:09.786707,Op-Access,CityLine,0.0
CL-00514,Transmission,2026-03-09 07:36:03.582640,2026-03-09 07:59:32.350546,Op-Trans,CityLine,0.0
CL-00512,Final inspection,2026-03-09 07:57:09.786707,2026-03-09 08:04:04.769850,Op-Inspect,CityLine,0.0
CL-00572,Order released,2026-03-09 08:04:04.769850,2026-03-09 08:04:04.769850,Planner,CityLine,0.0
CL-00515,Frame & painting,2026-03-09 07:49:00.657877,2026-03-09 08:04:31.497325,Op-Paint,CityLine,0.0
CL-00514,Brakes,2026-03-09 07:59:32.350546,2026-03-09 08:09:43.708945,Op-Brakes,CityLine,0.0
CL-00515,Fork & steering,2026-03-09 08:04:31.497325,2026-03-09 08:09:50.319702,Op-Fork,CityLine,0.0
CL-00516,Frame & painting,2026-03-09 08:04:31.497325,2026-03-09 08:15:40.893860,Op-Paint,CityLine,0.0
CL-00514,Accessories,2026-03-09 08:09:43.708945,2026-03-09 08:17:43.584805,Op-Access,CityLine,0.0
CL-00515,Wheels,2026-03-09 08:09:50.319702,2026-03-09 08:20:07.694382,Op-Wheels,CityLine,0.0
CL-00514,Final inspection,2026-03-09 08:17:43.584805,2026-03-09 08:21:09.172279,Op-Inspect,CityLine,0.0
CL-00573,Order released,2026-03-09 08:21:09.172279,2026-03-09 08:21:09.172279,Planner,CityLine,0.0
CL-00516,Fork & steering,2026-03-09 08:15:40.893860,2026-03-09 08:25:27.311984,Op-Fork,CityLine,0.0
CL-00456,Paint rework,2026-03-09 08:15:40.893860,2026-03-09 08:27:32.897026,Op-Paint,CityLine,30.0
CL-00456,Fork & steering,2026-03-09 08:27:32.897026,2026-03-09 08:33:13.355606,Op-Fork,CityLine,0.0
CL-00516,Wheels,2026-03-09 08:25:27.311984,2026-03-09 08:33:45.927990,Op-Wheels,CityLine,0.0
CL-00517,Frame & painting,2026-03-09 08:27:32.897026,2026-03-09 08:37:03.404650,Op-Paint,CityLine,0.0
CL-00515,Transmission,2026-03-09 08:20:07.694382,2026-03-09 08:38:25.045407,Op-Trans,CityLine,0.0
CL-00517,Fork & steering,2026-03-09 08:37:03.404650,2026-03-09 08:42:46.908753,Op-Fork,CityLine,0.0
CL-00518,Frame & painting,2026-03-09 08:37:03.404650,2026-03-09 08:48:20.727260,Op-Paint,CityLine,0.0
CL-00456,Wheels,2026-03-09 08:33:45.927990,2026-03-09 08:51:49.297388,Op-Wheels,CityLine,0.0
CL-00515,Brakes,2026-03-09 08:38:25.045407,2026-03-09 08:52:06.789541,Op-Brakes,CityLine,0.0
CL-00518,Fork & steering,2026-03-09 08:48:20.727260,2026-03-09 08:56:43.059018,Op-Fork,CityLine,0.0
CL-00516,Transmission,2026-03-09 08:38:25.045407,2026-03-09 08:57:33.627666,Op-Trans,CityLine,0.0
CL-00515,Accessories,2026-03-09 08:52:06.789541,2026-03-09 08:58:02.245942,Op-Access,CityLine,0.0
CL-00519,Frame & painting,2026-03-09 08:48:20.727260,2026-03-09 09:05:05.805763,Op-Paint,CityLine,0.0
CL-00515,Final inspection,2026-03-09 08:58:02.245942,2026-03-09 09:05:23.466605,Op-Inspect,CityLine,0.0
CL-00574,Order released,2026-03-09 09:05:23.466605,2026-03-09 09:05:23.466605,Planner,CityLine,0.0
CL-00517,Wheels,2026-03-09 08:51:49.297388,2026-03-09 09:06:55.471743,Op-Wheels,CityLine,0.0
CL-00516,Brakes,2026-03-09 08:57:33.627666,2026-03-09 09:12:24.292739,Op-Brakes,CityLine,0.0
CL-00519,Fork & steering,2026-03-09 09:05:05.805763,2026-03-09 09:13:08.769022,Op-Fork,CityLine,0.0
CL-00518,Wheels,2026-03-09 09:06:55.471743,2026-03-09 09:15:11.829232,Op-Wheels,CityLine,0.0
CL-00516,Accessories,2026-03-09 09:12:24.292739,2026-03-09 09:18:04.811543,Op-Access,CityLine,0.0
CL-00456,Transmission,2026-03-09 08:57:33.627666,2026-03-09 09:20:17.204979,Op-Trans,CityLine,0.0
CL-00516,Final inspection,2026-03-09 09:18:04.811543,2026-03-09 09:25:55.348830,Op-Inspect,CityLine,0.0
CL-00575,Order released,2026-03-09 09:25:55.348830,2026-03-09 09:25:55.348830,Planner,CityLine,0.0
CL-00456,Brakes,2026-03-09 09:20:17.204979,2026-03-09 09:31:29.926396,Op-Brakes,CityLine,0.0
CL-00519,Wheels,2026-03-09 09:15:11.829232,2026-03-09 09:32:06.114040,Op-Wheels,CityLine,0.0
CL-00517,Transmission,2026-03-09 09:20:17.204979,2026-03-09 09:34:08.110500,Op-Trans,CityLine,0.0
CL-00456,Accessories,2026-03-09 09:31:29.926396,2026-03-09 09:37:54.706591,Op-Access,CityLine,0.0
CL-00456,Final inspection,2026-03-09 09:37:54.706591,2026-03-09 09:41:19.982254,Op-Inspect,CityLine,0.0
CL-00576,Order released,2026-03-09 09:41:19.982254,2026-03-09 09:41:19.982254,Planner,CityLine,0.0
CL-00517,Brakes,2026-03-09 09:34:08.110500,2026-03-09 09:45:26.574005,Op-Brakes,CityLine,0.0
CL-00520,Color change,2026-03-09 09:05:05.805763,2026-03-09 09:49:33.318528,Op-Paint,CityLine,0.0
CL-00517,Accessories,2026-03-09 09:45:26.574005,2026-03-09 09:53:33.589538,Op-Access,CityLine,0.0
CL-00518,Transmission,2026-03-09 09:34:08.110500,2026-03-09 09:56:40.467200,Op-Trans,CityLine,0.0
CL-00517,Final inspection,2026-03-09 09:53:33.589538,2026-03-09 09:59:07.860714,Op-Inspect,CityLine,0.0
CL-00577,Order released,2026-03-09 09:59:07.860714,2026-03-09 09:59:07.860714,Planner,CityLine,0.0
CL-00520,Frame & painting,2026-03-09 09:49:33.318528,2026-03-09 09:59:23.461505,Op-Paint,CityLine,0.0
CL-00520,Fork & steering,2026-03-09 09:59:23.461505,2026-03-09 10:05:39.253331,Op-Fork,CityLine,0.0
CL-00518,Brakes,2026-03-09 09:56:40.467200,2026-03-09 10:08:32.593993,Op-Brakes,CityLine,0.0
CL-00520,Wheels,2026-03-09 10:05:39.253331,2026-03-09 10:16:03.328086,Op-Wheels,CityLine,0.0
CL-00521,Frame & painting,2026-03-09 09:59:23.461505,2026-03-09 10:16:52.919296,Op-Paint,CityLine,0.0
CL-00518,Accessories,2026-03-09 10:08:32.593993,2026-03-09 10:24:06.639828,Op-Access,CityLine,0.0
CL-00521,Fork & steering,2026-03-09 10:16:52.919296,2026-03-09 10:25:15.826144,Op-Fork,CityLine,0.0
CL-00522,Frame & painting,2026-03-09 10:16:52.919296,2026-03-09 10:26:06.739489,Op-Paint,CityLine,0.0
CL-00519,Transmission,2026-03-09 09:56:40.467200,2026-03-09 10:28:56.565470,Op-Trans,CityLine,0.0
CL-00518,Final inspection,2026-03-09 10:24:06.639828,2026-03-09 10:29:27.286461,Op-Inspect,CityLine,0.0
CL-00578,Order released,2026-03-09 10:29:27.286461,2026-03-09 10:29:27.286461,Planner,CityLine,0.0
CL-00523,Frame & painting,2026-03-09 10:26:06.739489,2026-03-09 10:35:30.536007,Op-Paint,CityLine,0.0
CL-00521,Wheels,2026-03-09 10:25:15.826144,2026-03-09 10:35:55.031100,Op-Wheels,CityLine,0.0
CL-00519,Brakes,2026-03-09 10:28:56.565470,2026-03-09 10:39:06.797759,Op-Brakes,CityLine,0.0
CL-00524,Frame & painting,2026-03-09 10:35:30.536007,2026-03-09 10:43:01.718355,Op-Paint,CityLine,0.0
CL-00520,Transmission,2026-03-09 10:28:56.565470,2026-03-09 10:44:21.075531,Op-Trans,CityLine,0.0
CL-00519,Accessories,2026-03-09 10:39:06.797759,2026-03-09 10:48:46.635762,Op-Access,CityLine,0.0
CL-00520,Brakes,2026-03-09 10:44:21.075531,2026-03-09 10:52:36.355824,Op-Brakes,CityLine,0.0
CL-00524,Fork & steering,2026-03-09 10:43:01.718355,2026-03-09 10:54:10.577454,Op-Fork,CityLine,0.0
CL-00520,Accessories,2026-03-09 10:52:36.355824,2026-03-09 10:57:50.607100,Op-Access,CityLine,0.0
CL-00521,Transmission,2026-03-09 10:44:21.075531,2026-03-09 10:59:40.342668,Op-Trans,CityLine,0.0
CL-00524,Wheels,2026-03-09 10:54:10.577454,2026-03-09 11:00:09.873128,Op-Wheels,CityLine,0.0
CL-00519,Final inspection,2026-03-09 10:48:46.635762,2026-03-09 11:00:10.580169,Op-Inspect,CityLine,0.0
CL-00579,Order released,2026-03-09 11:00:10.580169,2026-03-09 11:00:10.580169,Planner,CityLine,0.0
CL-00521,Brakes,2026-03-09 10:59:40.342668,2026-03-09 11:08:13.105998,Op-Brakes,CityLine,0.0
CL-00520,Final inspection,2026-03-09 11:00:10.580169,2026-03-09 11:10:01.769631,Op-Inspect,CityLine,0.0
CL-00525,Color change,2026-03-09 10:43:01.718355,2026-03-09 11:10:09.872090,Op-Paint,CityLine,0.0
CL-00521,Accessories,2026-03-09 11:08:13.105998,2026-03-09 11:12:53.010615,Op-Access,CityLine,0.0
CL-00524,Transmission,2026-03-09 11:00:09.873128,2026-03-09 11:18:39.947874,Op-Trans,CityLine,0.0
CL-00525,Frame & painting,2026-03-09 11:10:09.872090,2026-03-09 11:18:47.564278,Op-Paint,CityLine,0.0
CL-00521,Final inspection,2026-03-09 11:12:53.010615,2026-03-09 11:21:21.344654,Op-Inspect,CityLine,0.0
CL-00581,Express release,2026-03-09 11:21:21.344654,2026-03-09 11:21:21.344654,Planner,CityLine,0.0
CL-00524,Brakes,2026-03-09 11:18:39.947874,2026-03-09 11:25:53.316407,Op-Brakes,CityLine,0.0
CL-00525,Fork & steering,2026-03-09 11:18:47.564278,2026-03-09 11:26:58.505554,Op-Fork,CityLine,0.0
CL-00524,Accessories,2026-03-09 11:25:53.316407,2026-03-09 11:31:45.755021,Op-Access,CityLine,0.0
CL-00526,Frame & painting,2026-03-09 11:18:47.564278,2026-03-09 11:32:46.416895,Op-Paint,CityLine,0.0
CL-00526,Fork & steering,2026-03-09 11:32:46.416895,2026-03-09 11:39:04.128026,Op-Fork,CityLine,0.0
CL-00525,Wheels,2026-03-09 11:26:58.505554,2026-03-09 11:39:18.245240,Op-Wheels,CityLine,0.0
CL-00524,Final inspection,2026-03-09 11:31:45.755021,2026-03-09 11:40:22.051692,Op-Inspect,CityLine,0.0
CL-00582,Order released,2026-03-09 11:40:22.051692,2026-03-09 11:40:22.051692,Planner,CityLine,0.0
CL-00526,Wheels,2026-03-09 11:39:18.245240,2026-03-09 11:45:14.575278,Op-Wheels,CityLine,0.0
CL-00527,Frame & painting,2026-03-09 11:32:46.416895,2026-03-09 11:45:42.570682,Op-Paint,CityLine,0.0
CL-00527,Fork & steering,2026-03-09 11:45:42.570682,2026-03-09 11:50:42.761430,Op-Fork,CityLine,0.0
CL-00527,Wheels,2026-03-09 11:50:42.761430,2026-03-09 11:57:37.107340,Op-Wheels,CityLine,0.0
CL-00528,Frame & painting,2026-03-09 11:45:42.570682,2026-03-09 11:58:42.885669,Op-Paint,CityLine,0.0
CL-00525,Transmission,2026-03-09 11:39:18.245240,2026-03-09 12:05:57.251756,Op-Trans,CityLine,0.0
CL-00528,Fork & steering,2026-03-09 11:58:42.885669,2026-03-09 12:06:09.800129,Op-Fork,CityLine,0.0
CL-00529,Frame & painting,2026-03-09 11:58:42.885669,2026-03-09 12:10:45.148845,Op-Paint,CityLine,0.0
CL-00525,Brakes,2026-03-09 12:05:57.251756,2026-03-09 12:15:06.447929,Op-Brakes,CityLine,0.0
CL-00528,Wheels,2026-03-09 12:06:09.800129,2026-03-09 12:16:54.049496,Op-Wheels,CityLine,0.0
CL-00526,Transmission,2026-03-09 12:05:57.251756,2026-03-09 12:19:15.004033,Op-Trans,CityLine,0.0
CL-00525,Accessories,2026-03-09 12:15:06.447929,2026-03-09 12:20:58.730859,Op-Access,CityLine,0.0
CL-00525,Final inspection,2026-03-09 12:20:58.730859,2026-03-09 12:26:13.908519,Op-Inspect,CityLine,0.0
CL-00529,Fork & steering,2026-03-09 12:10:45.148845,2026-03-09 12:27:11.093067,Op-Fork,CityLine,0.0
CL-00527,Transmission,2026-03-09 12:19:15.004033,2026-03-09 12:31:26.774568,Op-Trans,CityLine,0.0
CL-00526,Brakes,2026-03-09 12:19:15.004033,2026-03-09 12:35:15.841670,Op-Brakes,CityLine,0.0
CL-00530,Color change,2026-03-09 12:10:45.148845,2026-03-09 12:35:37.792034,Op-Paint,CityLine,0.0
CL-00529,Wheels,2026-03-09 12:27:11.093067,2026-03-09 12:38:46.382386,Op-Wheels,CityLine,0.0
CL-00527,Brakes,2026-03-09 12:35:15.841670,2026-03-09 12:42:28.258746,Op-Brakes,CityLine,0.0
CL-00526,Accessories,2026-03-09 12:35:15.841670,2026-03-09 12:43:44.526870,Op-Access,CityLine,0.0
CL-00530,Frame & painting,2026-03-09 12:35:37.792034,2026-03-09 12:46:08.187566,Op-Paint,CityLine,0.0
CL-00528,Transmission,2026-03-09 12:31:26.774568,2026-03-09 12:51:13.488622,Op-Trans,CityLine,0.0
CL-00531,Frame & painting,2026-03-09 12:46:08.187566,2026-03-09 12:51:36.667334,Op-Paint,CityLine,0.0
CL-00530,Fork & steering,2026-03-09 12:46:08.187566,2026-03-09 12:52:04.361472,Op-Fork,CityLine,0.0
CL-00527,Accessories,2026-03-09 12:43:44.526870,2026-03-09 12:52:05.116802,Op-Access,CityLine,0.0
CL-00526,Final inspection,2026-03-09 12:43:44.526870,2026-03-09 12:52:12.220533,Op-Inspect,CityLine,0.0
CL-00584,Order released,2026-03-09 12:52:12.220533,2026-03-09 12:52:12.220533,Planner,CityLine,0.0
CL-00530,Wheels,2026-03-09 12:52:04.361472,2026-03-09 12:59:47.763971,Op-Wheels,CityLine,0.0
CL-00527,Final inspection,2026-03-09 12:52:12.220533,2026-03-09 13:00:13.405740,Op-Inspect,CityLine,0.0
CL-00585,Order released,2026-03-09 13:00:13.405740,2026-03-09 13:00:13.405740,Planner,CityLine,0.0
CL-00532,Frame & painting,2026-03-09 12:51:36.667334,2026-03-09 13:00:25.818943,Op-Paint,CityLine,0.0
CL-00528,Brakes,2026-03-09 12:51:13.488622,2026-03-09 13:02:25.251411,Op-Brakes,CityLine,0.0
CL-00531,Fork & steering,2026-03-09 12:52:04.361472,2026-03-09 13:05:47.841943,Op-Fork,CityLine,0.0
CL-00532,Fork & steering,2026-03-09 13:05:47.841943,2026-03-09 13:11:03.481686,Op-Fork,CityLine,0.0
CL-00528,Accessories,2026-03-09 13:02:25.251411,2026-03-09 13:12:41.416887,Op-Access,CityLine,0.0
CL-00533,Frame & painting,2026-03-09 13:00:25.818943,2026-03-09 13:13:14.621324,Op-Paint,CityLine,0.0
CL-00531,Wheels,2026-03-09 13:05:47.841943,2026-03-09 13:15:37.585941,Op-Wheels,CityLine,0.0
CL-00529,Transmission,2026-03-09 12:51:13.488622,2026-03-09 13:17:17.578118,Op-Trans,CityLine,0.0
CL-00528,Final inspection,2026-03-09 13:12:41.416887,2026-03-09 13:18:59.403384,Op-Inspect,CityLine,0.0
CL-00586,Order released,2026-03-09 13:18:59.403384,2026-03-09 13:18:59.403384,Planner,CityLine,0.0
CL-00533,Fork & steering,2026-03-09 13:13:14.621324,2026-03-09 13:22:09.088305,Op-Fork,CityLine,0.0
CL-00475,Paint rework,2026-03-09 13:13:14.621324,2026-03-09 13:23:10.634423,Op-Paint,CityLine,30.0
CL-00529,Brakes,2026-03-09 13:17:17.578118,2026-03-09 13:30:08.702943,Op-Brakes,CityLine,0.0
CL-00534,Frame & painting,2026-03-09 13:23:10.634423,2026-03-09 13:31:27.228719,Op-Paint,CityLine,0.0
CL-00475,Fork & steering,2026-03-09 13:23:10.634423,2026-03-09 13:32:02.838147,Op-Fork,CityLine,0.0
CL-00532,Wheels,2026-03-09 13:15:37.585941,2026-03-09 13:32:46.732461,Op-Wheels,CityLine,0.0
CL-00529,Accessories,2026-03-09 13:30:08.702943,2026-03-09 13:39:27.226415,Op-Access,CityLine,0.0
CL-00533,Wheels,2026-03-09 13:32:46.732461,2026-03-09 13:40:12.321886,Op-Wheels,CityLine,0.0
CL-00530,Transmission,2026-03-09 13:17:17.578118,2026-03-09 13:40:16.164101,Op-Trans,CityLine,0.0
CL-00534,Fork & steering,2026-03-09 13:32:02.838147,2026-03-09 13:42:15.263604,Op-Fork,CityLine,0.0
CL-00529,Final inspection,2026-03-09 13:39:27.226415,2026-03-09 13:47:45.148356,Op-Inspect,CityLine,0.0
CL-00587,Order released,2026-03-09 13:47:45.148356,2026-03-09 13:47:45.148356,Planner,CityLine,0.0
CL-00475,Wheels,2026-03-09 13:40:12.321886,2026-03-09 13:48:52.079812,Op-Wheels,CityLine,0.0
CL-00530,Brakes,2026-03-09 13:40:16.164101,2026-03-09 13:51:39.565775,Op-Brakes,CityLine,0.0
CL-00530,Accessories,2026-03-09 13:51:39.565775,2026-03-09 13:58:20.787466,Op-Access,CityLine,0.0
CL-00535,Color change,2026-03-09 13:31:27.228719,2026-03-09 14:02:13.744223,Op-Paint,CityLine,0.0
CL-00530,Final inspection,2026-03-09 13:58:20.787466,2026-03-09 14:03:04.323283,Op-Inspect,CityLine,0.0
CL-00588,Order released,2026-03-09 14:03:04.323283,2026-03-09 14:03:04.323283,Planner,CityLine,0.0
CL-00531,Transmission,2026-03-09 13:40:16.164101,2026-03-09 14:07:25.925522,Op-Trans,CityLine,0.0
CL-00534,Wheels,2026-03-09 13:48:52.079812,2026-03-09 14:08:44.013764,Op-Wheels,CityLine,0.0
CL-00531,Brakes,2026-03-09 14:07:25.925522,2026-03-09 14:12:31.156592,Op-Brakes,CityLine,0.0
CL-00535,Frame & painting,2026-03-09 14:02:13.744223,2026-03-09 14:13:56.599296,Op-Paint,CityLine,0.0
CL-00531,Accessories,2026-03-09 14:12:31.156592,2026-03-09 14:19:34.705624,Op-Access,CityLine,0.0
CL-00536,Frame & painting,2026-03-09 14:13:56.599296,2026-03-09 14:21:38.315505,Op-Paint,CityLine,0.0
CL-00535,Fork & steering,2026-03-09 14:13:56.599296,2026-03-09 14:22:27.312368,Op-Fork,CityLine,0.0
CL-00532,Transmission,2026-03-09 14:07:25.925522,2026-03-09 14:23:04.161730,Op-Trans,CityLine,0.0
CL-00536,Fork & steering,2026-03-09 14:22:27.312368,2026-03-09 14:25:59.935188,Op-Fork,CityLine,0.0
CL-00531,Final inspection,2026-03-09 14:19:34.705624,2026-03-09 14:27:39.161367,Op-Inspect,CityLine,0.0
CL-00537,Frame & painting,2026-03-09 14:21:38.315505,2026-03-09 14:28:54.424415,Op-Paint,CityLine,0.0
CL-00532,Brakes,2026-03-09 14:23:04.161730,2026-03-09 14:30:53.214123,Op-Brakes,CityLine,0.0
CL-00535,Wheels,2026-03-09 14:22:27.312368,2026-03-09 14:31:14.134313,Op-Wheels,CityLine,0.0
CL-00538,Frame & painting,2026-03-09 14:28:54.424415,2026-03-09 14:35:07.810561,Op-Paint,CityLine,0.0
CL-00533,Transmission,2026-03-09 14:23:04.161730,2026-03-09 14:36:06.369558,Op-Trans,CityLine,0.0
CL-00532,Accessories,2026-03-09 14:30:53.214123,2026-03-09 14:39:53.424263,Op-Access,CityLine,0.0
CL-00539,Frame & painting,2026-03-09 14:35:07.810561,2026-03-09 14:40:43.195883,Op-Paint,CityLine,0.0
CL-00538,Fork & steering,2026-03-09 14:35:07.810561,2026-03-09 14:42:42.770314,Op-Fork,CityLine,0.0
CL-00536,Wheels,2026-03-09 14:31:14.134313,2026-03-09 14:43:14.081274,Op-Wheels,CityLine,0.0
CL-00533,Brakes,2026-03-09 14:36:06.369558,2026-03-09 14:45:16.813864,Op-Brakes,CityLine,0.0
CL-00532,Final inspection,2026-03-09 14:39:53.424263,2026-03-09 14:45:39.058067,Op-Inspect,CityLine,0.0
CL-00590,Order released,2026-03-09 14:45:39.058067,2026-03-09 14:45:39.058067,Planner,CityLine,0.0
CL-00539,Fork & steering,2026-03-09 14:42:42.770314,2026-03-09 14:48:06.630337,Op-Fork,CityLine,0.0
CL-00475,Transmission,2026-03-09 14:36:06.369558,2026-03-09 14:50:42.973528,Op-Trans,CityLine,0.0
CL-00533,Accessories,2026-03-09 14:45:16.813864,2026-03-09 14:55:50.436485,Op-Access,CityLine,0.0
CL-00538,Wheels,2026-03-09 14:43:14.081274,2026-03-09 14:56:18.604421,Op-Wheels,CityLine,0.0
CL-00534,Transmission,2026-03-09 14:50:42.973528,2026-03-09 15:01:06.391272,Op-Trans,CityLine,0.0
CL-00475,Brakes,2026-03-09 14:50:42.973528,2026-03-09 15:01:26.493982,Op-Brakes,CityLine,0.0
CL-00533,Final inspection,2026-03-09 14:55:50.436485,2026-03-09 15:03:33.200195,Op-Inspect,CityLine,0.0
CL-00591,Order released,2026-03-09 15:03:33.200195,2026-03-09 15:03:33.200195,Planner,CityLine,0.0
CL-00539,Wheels,2026-03-09 14:56:18.604421,2026-03-09 15:07:29.232290,Op-Wheels,CityLine,0.0
CL-00475,Accessories,2026-03-09 15:01:26.493982,2026-03-09 15:09:49.729464,Op-Access,CityLine,0.0
CL-00534,Brakes,2026-03-09 15:01:26.493982,2026-03-09 15:10:18.698068,Op-Brakes,CityLine,0.0
CL-00535,Transmission,2026-03-09 15:01:06.391272,2026-03-09 15:16:38.191259,Op-Trans,CityLine,0.0
CL-00475,Final inspection,2026-03-09 15:09:49.729464,2026-03-09 15:16:49.227124,Op-Inspect,CityLine,0.0
CL-00592,Order released,2026-03-09 15:16:49.227124,2026-03-09 15:16:49.227124,Planner,CityLine,0.0
CL-00534,Accessories,2026-03-09 15:10:18.698068,2026-03-09 15:19:54.173388,Op-Access,CityLine,0.0
CL-00534,Final inspection,2026-03-09 15:19:54.173388,2026-03-09 15:24:16.712062,Op-Inspect,CityLine,0.0
CL-00593,Order released,2026-03-09 15:24:16.712062,2026-03-09 15:24:16.712062,Planner,CityLine,0.0
CL-00535,Brakes,2026-03-09 15:16:38.191259,2026-03-09 15:24:17.160720,Op-Brakes,CityLine,0.0
CL-00536,Transmission,2026-03-09 15:16:38.191259,2026-03-09 15:29:01.055414,Op-Trans,CityLine,0.0
CL-00535,Accessories,2026-03-09 15:24:17.160720,2026-03-09 15:34:42.661782,Op-Access,CityLine,0.0
CL-00536,Brakes,2026-03-09 15:29:01.055414,2026-03-09 15:36:32.376965,Op-Brakes,CityLine,0.0
CL-00538,Transmission,2026-03-09 15:29:01.055414,2026-03-09 15:45:25.781652,Op-Trans,CityLine,0.0
CL-00535,Final inspection,2026-03-09 15:34:42.661782,2026-03-09 15:46:22.093762,Op-Inspect,CityLine,0.0
CL-00594,Order released,2026-03-09 15:46:22.093762,2026-03-09 15:46:22.093762,Planner,CityLine,0.0
CL-00540,Color change,2026-03-09 14:40:43.195883,2026-03-09 15:48:08.660765,Op-Paint,CityLine,0.0
CL-00536,Accessories,2026-03-09 15:36:32.376965,2026-03-09 15:51:45.209030,Op-Access,CityLine,0.0
CL-00536,Final inspection,2026-03-09 15:51:45.209030,2026-03-09 15:58:00.896652,Op-Inspect,CityLine,0.0
CL-00595,Order released,2026-03-09 15:58:00.896652,2026-03-09 15:58:00.896652,Planner,CityLine,0.0
CL-00540,Frame & painting,2026-03-09 15:48:08.660765,2026-03-09 16:00:35.024783,Op-Paint,CityLine,0.0
CL-00538,Brakes,2026-03-09 15:45:25.781652,2026-03-09 16:01:16.389292,Op-Brakes,CityLine,0.0
CL-00539,Transmission,2026-03-09 15:45:25.781652,2026-03-09 16:04:14.955594,Op-Trans,CityLine,0.0
CL-00540,Fork & steering,2026-03-09 16:00:35.024783,2026-03-09 16:08:34.075742,Op-Fork,CityLine,0.0
CL-00541,Frame & painting,2026-03-09 16:00:35.024783,2026-03-09 16:10:50.792584,Op-Paint,CityLine,0.0
CL-00538,Accessories,2026-03-09 16:01:16.389292,2026-03-09 16:11:19.213390,Op-Access,CityLine,0.0
CL-00539,Brakes,2026-03-09 16:04:14.955594,2026-03-09 16:13:33.079635,Op-Brakes,CityLine,0.0
CL-00540,Wheels,2026-03-09 16:08:34.075742,2026-03-09 16:15:08.657457,Op-Wheels,CityLine,0.0
CL-00539,Accessories,2026-03-09 16:13:33.079635,2026-03-09 16:18:58.043430,Op-Access,CityLine,0.0
CL-00538,Final inspection,2026-03-09 16:11:19.213390,2026-03-09 16:19:00.754519,Op-Inspect,CityLine,0.0
CL-00596,Order released,2026-03-09 16:19:00.754519,2026-03-09 16:19:00.754519,Planner,CityLine,0.0
CL-00541,Fork & steering,2026-03-09 16:10:50.792584,2026-03-09 16:19:31.929517,Op-Fork,CityLine,0.0
CL-00539,Final inspection,2026-03-09 16:19:00.754519,2026-03-09 16:23:23.232458,Op-Inspect,CityLine,0.0
CL-00597,Order released,2026-03-09 16:23:23.232458,2026-03-09 16:23:23.232458,Planner,CityLine,0.0
CL-00540,Transmission,2026-03-09 16:15:08.657457,2026-03-09 16:28:02.737794,Op-Trans,CityLine,0.0
CL-00541,Wheels,2026-03-09 16:19:31.929517,2026-03-09 16:29:29.095512,Op-Wheels,CityLine,0.0
CL-00542,Frame & painting,2026-03-09 16:10:50.792584,2026-03-09 16:32:50.736317,Op-Paint,CityLine,0.0
CL-00540,Brakes,2026-03-09 16:28:02.737794,2026-03-09 16:38:07.399248,Op-Brakes,CityLine,0.0
CL-00541,Transmission,2026-03-09 16:29:29.095512,2026-03-09 16:39:20.744450,Op-Trans,CityLine,0.0
CL-00540,Accessories,2026-03-09 16:38:07.399248,2026-03-09 16:46:22.971884,Op-Access,CityLine,0.0
CL-00543,Frame & painting,2026-03-09 16:32:50.736317,2026-03-09 16:46:40.808112,Op-Paint,CityLine,0.0
CL-00540,Final inspection,2026-03-09 16:46:22.971884,2026-03-09 16:52:00.340987,Op-Inspect,CityLine,0.0
CL-00598,Order released,2026-03-09 16:52:00.340987,2026-03-09 16:52:00.340987,Planner,CityLine,0.0
CL-00541,Brakes,2026-03-09 16:39:20.744450,2026-03-09 16:52:20.693693,Op-Brakes,CityLine,0.0
CL-00543,Fork & steering,2026-03-09 16:46:40.808112,2026-03-09 16:57:23.026733,Op-Fork,CityLine,0.0
CL-00544,Frame & painting,2026-03-09 16:46:40.808112,2026-03-09 16:57:26.857099,Op-Paint,CityLine,0.0
CL-00541,Accessories,2026-03-09 16:52:20.693693,2026-03-09 16:58:16.792487,Op-Access,CityLine,0.0
CL-00541,Final inspection,2026-03-09 16:58:16.792487,2026-03-09 17:02:59.687316,Op-Inspect,CityLine,0.0
CL-00599,Order released,2026-03-09 17:02:59.687316,2026-03-09 17:02:59.687316,Planner,CityLine,0.0
CL-00544,Fork & steering,2026-03-09 16:57:26.857099,2026-03-09 17:03:40.826884,Op-Fork,CityLine,0.0
CL-00543,Wheels,2026-03-09 16:57:23.026733,2026-03-09 17:05:59.387435,Op-Wheels,CityLine,0.0
CL-00544,Wheels,2026-03-09 17:05:59.387435,2026-03-09 17:17:51.406355,Op-Wheels,CityLine,0.0
CL-00543,Transmission,2026-03-09 17:05:59.387435,2026-03-09 17:29:02.717917,Op-Trans,CityLine,0.0
CL-00543,Brakes,2026-03-09 17:29:02.717917,2026-03-09 17:42:17.631622,Op-Brakes,CityLine,0.0
CL-00544,Transmission,2026-03-09 17:29:02.717917,2026-03-09 17:47:45.308348,Op-Trans,CityLine,0.0
CL-00543,Accessories,2026-03-09 17:42:17.631622,2026-03-09 17:50:15.724894,Op-Access,CityLine,0.0
CL-00545,Color change,2026-03-09 16:57:26.857099,2026-03-09 17:51:38.687982,Op-Paint,CityLine,0.0
CL-00544,Brakes,2026-03-09 17:47:45.308348,2026-03-09 17:56:38.031260,Op-Brakes,CityLine,0.0
CL-00543,Final inspection,2026-03-09 17:50:15.724894,2026-03-09 17:57:33.043884,Op-Inspect,CityLine,0.0
CL-00600,Order released,2026-03-09 17:57:33.043884,2026-03-09 17:57:33.043884,Planner,CityLine,0.0
CL-00545,Frame & painting,2026-03-09 17:51:38.687982,2026-03-09 18:00:30.051422,Op-Paint,CityLine,0.0
CL-00544,Accessories,2026-03-09 17:56:38.031260,2026-03-09 18:04:13.145271,Op-Access,CityLine,0.0
CL-00544,Final inspection,2026-03-09 18:04:13.145271,2026-03-09 18:08:31.354634,Op-Inspect,CityLine,0.0
CL-00601,Order released,2026-03-09 18:08:31.354634,2026-03-09 18:08:31.354634,Planner,CityLine,0.0
CL-00545,Fork & steering,2026-03-09 18:00:30.051422,2026-03-09 18:09:05.306722,Op-Fork,CityLine,0.0
CL-00546,Frame & painting,2026-03-09 18:00:30.051422,2026-03-09 18:09:39.683881,Op-Paint,CityLine,0.0
CL-00547,Frame & painting,2026-03-09 18:09:39.683881,2026-03-09 18:17:07.266215,Op-Paint,CityLine,0.0
CL-00546,Fork & steering,2026-03-09 18:09:39.683881,2026-03-09 18:19:59.363593,Op-Fork,CityLine,0.0
CL-00545,Wheels,2026-03-09 18:09:05.306722,2026-03-09 18:20:18.789084,Op-Wheels,CityLine,0.0
CL-00547,Fork & steering,2026-03-09 18:19:59.363593,2026-03-09 18:29:48.167637,Op-Fork,CityLine,0.0
CL-00546,Wheels,2026-03-09 18:20:18.789084,2026-03-09 18:30:19.440906,Op-Wheels,CityLine,0.0
CL-00548,Frame & painting,2026-03-09 18:17:07.266215,2026-03-09 18:32:34.636438,Op-Paint,CityLine,0.0
CL-00545,Transmission,2026-03-09 18:20:18.789084,2026-03-09 18:35:00.334438,Op-Trans,CityLine,0.0
CL-00547,Wheels,2026-03-09 18:30:19.440906,2026-03-09 18:40:21.011695,Op-Wheels,CityLine,0.0
CL-00548,Fork & steering,2026-03-09 18:32:34.636438,2026-03-09 18:41:26.661301,Op-Fork,CityLine,0.0
CL-00545,Brakes,2026-03-09 18:35:00.334438,2026-03-09 18:47:05.193796,Op-Brakes,CityLine,0.0
CL-00548,Wheels,2026-03-09 18:41:26.661301,2026-03-09 18:47:17.793193,Op-Wheels,CityLine,0.0
CL-00490,Paint rework,2026-03-09 18:32:34.636438,2026-03-09 18:50:27.138046,Op-Paint,CityLine,30.0
CL-00545,Accessories,2026-03-09 18:47:05.193796,2026-03-09 18:54:17.421992,Op-Access,CityLine,0.0
CL-00545,Final inspection,2026-03-09 18:54:17.421992,2026-03-09 18:55:46.583150,Op-Inspect,CityLine,0.0
CL-00602,Order released,2026-03-09 18:55:46.583150,2026-03-09 18:55:46.583150,Planner,CityLine,0.0
CL-00546,Transmission,2026-03-09 18:35:00.334438,2026-03-09 18:56:01.456847,Op-Trans,CityLine,0.0
CL-00549,Frame & painting,2026-03-09 18:50:27.138046,2026-03-09 19:01:16.449869,Op-Paint,CityLine,0.0
CL-00546,Brakes,2026-03-09 18:56:01.456847,2026-03-09 19:01:46.264161,Op-Brakes,CityLine,0.0
CL-00490,Fork & steering,2026-03-09 18:50:27.138046,2026-03-09 19:01:55.096703,Op-Fork,CityLine,0.0
CL-00490,Wheels,2026-03-09 19:01:55.096703,2026-03-09 19:06:35.327751,Op-Wheels,CityLine,0.0
CL-00546,Accessories,2026-03-09 19:01:46.264161,2026-03-09 19:10:14.451403,Op-Access,CityLine,0.0
CL-00549,Fork & steering,2026-03-09 19:01:55.096703,2026-03-09 19:10:42.342296,Op-Fork,CityLine,0.0
CL-00493,Paint rework,2026-03-09 19:01:16.449869,2026-03-09 19:11:39.650872,Op-Paint,CityLine,30.0
CL-00546,Final inspection,2026-03-09 19:10:14.451403,2026-03-09 19:20:00.668706,Op-Inspect,CityLine,0.0
CL-00603,Order released,2026-03-09 19:20:00.668706,2026-03-09 19:20:00.668706,Planner,CityLine,0.0
CL-00493,Fork & steering,2026-03-09 19:11:39.650872,2026-03-09 19:20:52.349291,Op-Fork,CityLine,0.0
CL-00549,Wheels,2026-03-09 19:10:42.342296,2026-03-09 19:22:27.315611,Op-Wheels,CityLine,0.0
CL-00547,Transmission,2026-03-09 18:56:01.456847,2026-03-09 19:24:08.973596,Op-Trans,CityLine,0.0
CL-00547,Brakes,2026-03-09 19:24:08.973596,2026-03-09 19:29:54.723625,Op-Brakes,CityLine,0.0
CL-00548,Transmission,2026-03-09 19:24:08.973596,2026-03-09 19:34:10.543862,Op-Trans,CityLine,0.0
CL-00547,Accessories,2026-03-09 19:29:54.723625,2026-03-09 19:36:17.026350,Op-Access,CityLine,0.0
CL-00493,Wheels,2026-03-09 19:22:27.315611,2026-03-09 19:37:41.880981,Op-Wheels,CityLine,0.0
CL-00548,Brakes,2026-03-09 19:34:10.543862,2026-03-09 19:40:45.967618,Op-Brakes,CityLine,0.0
CL-00547,Final inspection,2026-03-09 19:36:17.026350,2026-03-09 19:43:50.171644,Op-Inspect,CityLine,0.0
CL-00604,Order released,2026-03-09 19:43:50.171644,2026-03-09 19:43:50.171644,Planner,CityLine,0.0
CL-00548,Accessories,2026-03-09 19:40:45.967618,2026-03-09 19:45:59.402455,Op-Access,CityLine,0.0
CL-00550,Color change,2026-03-09 19:11:39.650872,2026-03-09 19:47:46.025499,Op-Paint,CityLine,0.0
CL-00490,Transmission,2026-03-09 19:34:10.543862,2026-03-09 19:51:12.564021,Op-Trans,CityLine,0.0
CL-00548,Final inspection,2026-03-09 19:45:59.402455,2026-03-09 19:51:28.427879,Op-Inspect,CityLine,0.0
CL-00605,Order released,2026-03-09 19:51:28.427879,2026-03-09 19:51:28.427879,Planner,CityLine,0.0
CL-00550,Frame & painting,2026-03-09 19:47:46.025499,2026-03-09 19:52:46.809383,Op-Paint,CityLine,0.0
CL-00549,Transmission,2026-03-09 19:51:12.564021,2026-03-09 19:59:51.459095,Op-Trans,CityLine,0.0
CL-00550,Fork & steering,2026-03-09 19:52:46.809383,2026-03-09 20:01:22.136497,Op-Fork,CityLine,0.0
CL-00490,Brakes,2026-03-09 19:51:12.564021,2026-03-09 20:01:53.433065,Op-Brakes,CityLine,0.0
CL-00551,Frame & painting,2026-03-09 19:52:46.809383,2026-03-09 20:03:02.151077,Op-Paint,CityLine,0.0
CL-00551,Fork & steering,2026-03-09 20:03:02.151077,2026-03-09 20:10:07.419341,Op-Fork,CityLine,0.0
CL-00552,Frame & painting,2026-03-09 20:03:02.151077,2026-03-09 20:10:36.693878,Op-Paint,CityLine,0.0
CL-00550,Wheels,2026-03-09 20:01:22.136497,2026-03-09 20:12:48.734800,Op-Wheels,CityLine,0.0
CL-00549,Brakes,2026-03-09 20:01:53.433065,2026-03-09 20:12:51.303857,Op-Brakes,CityLine,0.0
CL-00490,Accessories,2026-03-09 20:01:53.433065,2026-03-09 20:13:49.962589,Op-Access,CityLine,0.0
CL-00493,Transmission,2026-03-09 19:59:51.459095,2026-03-09 20:15:11.717006,Op-Trans,CityLine,0.0
CL-00552,Fork & steering,2026-03-09 20:10:36.693878,2026-03-09 20:16:51.820688,Op-Fork,CityLine,0.0
CL-00490,Final inspection,2026-03-09 20:13:49.962589,2026-03-09 20:19:47.470101,Op-Inspect,CityLine,0.0
CL-00606,Order released,2026-03-09 20:19:47.470101,2026-03-09 20:19:47.470101,Planner,CityLine,0.0
CL-00553,Frame & painting,2026-03-09 20:10:36.693878,2026-03-09 20:21:22.446680,Op-Paint,CityLine,0.0
CL-00549,Accessories,2026-03-09 20:13:49.962589,2026-03-09 20:21:25.848012,Op-Access,CityLine,0.0
CL-00551,Wheels,2026-03-09 20:12:48.734800,2026-03-09 20:23:17.693604,Op-Wheels,CityLine,0.0
CL-00493,Brakes,2026-03-09 20:15:11.717006,2026-03-09 20:24:43.489993,Op-Brakes,CityLine,0.0
CL-00550,Transmission,2026-03-09 20:15:11.717006,2026-03-09 20:24:47.104127,Op-Trans,CityLine,0.0
CL-00549,Final inspection,2026-03-09 20:21:25.848012,2026-03-09 20:27:14.261021,Op-Inspect,CityLine,0.0
CL-00607,Order released,2026-03-09 20:27:14.261021,2026-03-09 20:27:14.261021,Planner,CityLine,0.0
CL-00553,Fork & steering,2026-03-09 20:21:22.446680,2026-03-09 20:27:40.616801,Op-Fork,CityLine,0.0
CL-00493,Accessories,2026-03-09 20:24:43.489993,2026-03-09 20:30:47.069492,Op-Access,CityLine,0.0
CL-00552,Wheels,2026-03-09 20:23:17.693604,2026-03-09 20:31:00.346461,Op-Wheels,CityLine,0.0
CL-00550,Brakes,2026-03-09 20:24:47.104127,2026-03-09 20:31:04.028536,Op-Brakes,CityLine,0.0
CL-00493,Final inspection,2026-03-09 20:30:47.069492,2026-03-09 20:35:39.392753,Op-Inspect,CityLine,0.0
CL-00608,Order released,2026-03-09 20:35:39.392753,2026-03-09 20:35:39.392753,Planner,CityLine,0.0
CL-00550,Accessories,2026-03-09 20:31:04.028536,2026-03-09 20:38:36.274863,Op-Access,CityLine,0.0
CL-00554,Frame & painting,2026-03-09 20:21:22.446680,2026-03-09 20:39:21.095872,Op-Paint,CityLine,0.0
CL-00497,Paint rework,2026-03-09 20:39:21.095872,2026-03-09 20:45:56.948024,Op-Paint,CityLine,30.0
CL-00550,Final inspection,2026-03-09 20:38:36.274863,2026-03-09 20:46:52.219732,Op-Inspect,CityLine,0.0
CL-00609,Order released,2026-03-09 20:46:52.219732,2026-03-09 20:46:52.219732,Planner,CityLine,0.0
CL-00554,Fork & steering,2026-03-09 20:39:21.095872,2026-03-09 20:47:34.119580,Op-Fork,CityLine,0.0
CL-00553,Wheels,2026-03-09 20:31:00.346461,2026-03-09 20:50:13.413546,Op-Wheels,CityLine,0.0
CL-00551,Transmission,2026-03-09 20:24:47.104127,2026-03-09 20:53:02.233274,Op-Trans,CityLine,0.0
CL-00497,Fork & steering,2026-03-09 20:47:34.119580,2026-03-09 20:56:49.455873,Op-Fork,CityLine,0.0
CL-00554,Wheels,2026-03-09 20:50:13.413546,2026-03-09 21:00:40.675437,Op-Wheels,CityLine,0.0
CL-00551,Brakes,2026-03-09 20:53:02.233274,2026-03-09 21:01:06.800071,Op-Brakes,CityLine,0.0
CL-00551,Accessories,2026-03-09 21:01:06.800071,2026-03-09 21:10:56.850571,Op-Access,CityLine,0.0
CL-00552,Transmission,2026-03-09 20:53:02.233274,2026-03-09 21:11:09.734136,Op-Trans,CityLine,0.0
CL-00497,Wheels,2026-03-09 21:00:40.675437,2026-03-09 21:15:19.649394,Op-Wheels,CityLine,0.0
CL-00551,Final inspection,2026-03-09 21:10:56.850571,2026-03-09 21:17:56.389065,Op-Inspect,CityLine,0.0
CL-00555,Color change,2026-03-09 20:45:56.948024,2026-03-09 21:19:40.842414,Op-Paint,CityLine,0.0
CL-00552,Brakes,2026-03-09 21:11:09.734136,2026-03-09 21:19:48.034677,Op-Brakes,CityLine,0.0
CL-00555,Frame & painting,2026-03-09 21:19:40.842414,2026-03-09 21:24:43.101621,Op-Paint,CityLine,0.0
CL-00555,Fork & steering,2026-03-09 21:24:43.101621,2026-03-09 21:31:40.464521,Op-Fork,CityLine,0.0
CL-00499,Paint rework,2026-03-09 21:24:43.101621,2026-03-09 21:32:14.936897,Op-Paint,CityLine,30.0
CL-00553,Transmission,2026-03-09 21:11:09.734136,2026-03-09 21:33:41.684192,Op-Trans,CityLine,0.0
CL-00552,Accessories,2026-03-09 21:19:48.034677,2026-03-09 21:40:09.176916,Op-Access,CityLine,0.0
CL-00555,Wheels,2026-03-09 21:31:40.464521,2026-03-09 21:40:32.766442,Op-Wheels,CityLine,0.0
CL-00499,Fork & steering,2026-03-09 21:32:14.936897,2026-03-09 21:42:59.331115,Op-Fork,CityLine,0.0
CL-00556,Frame & painting,2026-03-09 21:32:14.936897,2026-03-09 21:43:19.915513,Op-Paint,CityLine,0.0
CL-00553,Brakes,2026-03-09 21:33:41.684192,2026-03-09 21:45:37.372564,Op-Brakes,CityLine,0.0
CL-00552,Final inspection,2026-03-09 21:40:09.176916,2026-03-09 21:46:47.861168,Op-Inspect,CityLine,0.0
CL-00611,Order released,2026-03-09 21:46:47.861168,2026-03-09 21:46:47.861168,Planner,CityLine,0.0
CL-00553,Accessories,2026-03-09 21:45:37.372564,2026-03-09 21:50:22.328806,Op-Access,CityLine,0.0
CL-00557,Frame & painting,2026-03-09 21:43:19.915513,2026-03-09 21:53:25.100656,Op-Paint,CityLine,0.0
CL-00553,Final inspection,2026-03-09 21:50:22.328806,2026-03-09 21:54:34.095297,Op-Inspect,CityLine,0.0
CL-00612,Order released,2026-03-09 21:54:34.095297,2026-03-09 21:54:34.095297,Planner,CityLine,0.0
CL-00554,Transmission,2026-03-09 21:33:41.684192,2026-03-09 21:55:41.884104,Op-Trans,CityLine,0.0
CL-00557,Fork & steering,2026-03-09 21:53:25.100656,2026-03-09 22:01:03.157008,Op-Fork,CityLine,0.0
CL-00554,Brakes,2026-03-09 21:55:41.884104,2026-03-09 22:01:43.180987,Op-Brakes,CityLine,0.0
CL-00558,Frame & painting,2026-03-09 21:53:25.100656,2026-03-09 22:08:27.556383,Op-Paint,CityLine,0.0
CL-00554,Accessories,2026-03-09 22:01:43.180987,2026-03-09 22:12:21.337129,Op-Access,CityLine,0.0
CL-00499,Wheels,2026-03-09 21:42:59.331115,2026-03-09 22:13:35.469172,Op-Wheels,CityLine,0.0
CL-00497,Transmission,2026-03-09 21:55:41.884104,2026-03-09 22:15:15.979579,Op-Trans,CityLine,0.0
CL-00558,Fork & steering,2026-03-09 22:08:27.556383,2026-03-09 22:19:33.815364,Op-Fork,CityLine,0.0
CL-00559,Frame & painting,2026-03-09 22:08:27.556383,2026-03-09 22:20:42.240071,Op-Paint,CityLine,0.0
CL-00554,Final inspection,2026-03-09 22:12:21.337129,2026-03-09 22:22:03.874643,Op-Inspect,CityLine,0.0
CL-00613,Order released,2026-03-09 22:22:03.874643,2026-03-09 22:22:03.874643,Planner,CityLine,0.0
CL-00559,Fork & steering,2026-03-09 22:20:42.240071,2026-03-09 22:24:46.379801,Op-Fork,CityLine,0.0
CL-00557,Wheels,2026-03-09 22:13:35.469172,2026-03-09 22:26:15.093073,Op-Wheels,CityLine,0.0
CL-00497,Brakes,2026-03-09 22:15:15.979579,2026-03-09 22:29:24.661201,Op-Brakes,CityLine,0.0
CL-00555,Transmission,2026-03-09 22:15:15.979579,2026-03-09 22:35:17.722038,Op-Trans,CityLine,0.0
CL-00558,Wheels,2026-03-09 22:26:15.093073,2026-03-09 22:37:50.733246,Op-Wheels,CityLine,0.0
CL-00497,Accessories,2026-03-09 22:29:24.661201,2026-03-09 22:41:49.775405,Op-Access,CityLine,0.0
CL-00560,Color change,2026-03-09 22:20:42.240071,2026-03-09 22:45:38.145271,Op-Paint,CityLine,0.0
CL-00497,Final inspection,2026-03-09 22:41:49.775405,2026-03-09 22:46:46.933636,Op-Inspect,CityLine,0.0
CL-00499,Transmission,2026-03-09 22:35:17.722038,2026-03-09 22:47:46.136668,Op-Trans,CityLine,0.0
CL-00559,Wheels,2026-03-09 22:37:50.733246,2026-03-09 22:49:06.306723,Op-Wheels,CityLine,0.0
CL-00555,Brakes,2026-03-09 22:35:17.722038,2026-03-09 22:52:01.865395,Op-Brakes,CityLine,0.0
CL-00560,Frame & painting,2026-03-09 22:45:38.145271,2026-03-09 22:52:59.104709,Op-Paint,CityLine,0.0
CL-00557,Transmission,2026-03-09 22:47:46.136668,2026-03-09 22:53:02.142723,Op-Trans,CityLine,0.0
CL-00497,Final adjustment,2026-03-09 22:46:46.933636,2026-03-09 22:56:15.534841,Op-Inspect,CityLine,0.0
CL-00497,Final inspection,2026-03-09 22:56:15.534841,2026-03-09 23:03:10.221839,Op-Inspect,CityLine,0.0
CL-00614,Order released,2026-03-09 23:03:10.221839,2026-03-09 23:03:10.221839,Planner,CityLine,0.0
CL-00499,Brakes,2026-03-09 22:52:01.865395,2026-03-09 23:05:45.738309,Op-Brakes,CityLine,0.0
CL-00558,Transmission,2026-03-09 22:53:02.142723,2026-03-09 23:07:56.771912,Op-Trans,CityLine,0.0
CL-00561,Frame & painting,2026-03-09 22:52:59.104709,2026-03-09 23:11:09.546398,Op-Paint,CityLine,0.0
CL-00555,Accessories,2026-03-09 22:52:01.865395,2026-03-09 23:11:18.725962,Op-Access,CityLine,0.0
CL-00555,Final inspection,2026-03-09 23:11:18.725962,2026-03-09 23:17:47.889837,Op-Inspect,CityLine,0.0
CL-00615,Order released,2026-03-09 23:17:47.889837,2026-03-09 23:17:47.889837,Planner,CityLine,0.0
CL-00561,Fork & steering,2026-03-09 23:11:09.546398,2026-03-09 23:22:31.675617,Op-Fork,CityLine,0.0
CL-00562,Frame & painting,2026-03-09 23:11:09.546398,2026-03-09 23:22:40.492658,Op-Paint,CityLine,0.0
CL-00499,Accessories,2026-03-09 23:11:18.725962,2026-03-09 23:23:42.141283,Op-Access,CityLine,0.0
CL-00559,Transmission,2026-03-09 23:07:56.771912,2026-03-09 23:24:08.257333,Op-Trans,CityLine,0.0
CL-00557,Brakes,2026-03-09 23:05:45.738309,2026-03-09 23:25:37.333340,Op-Brakes,CityLine,0.0
CL-00499,Final inspection,2026-03-09 23:23:42.141283,2026-03-09 23:29:42.775654,Op-Inspect,CityLine,0.0
CL-00616,Express release,2026-03-09 23:29:42.775654,2026-03-09 23:29:42.775654,Planner,CityLine,0.0
CL-00563,Frame & painting,2026-03-09 23:22:40.492658,2026-03-09 23:30:22.444186,Op-Paint,CityLine,0.0
CL-00557,Accessories,2026-03-09 23:25:37.333340,2026-03-09 23:30:39.552837,Op-Access,CityLine,0.0
CL-00558,Brakes,2026-03-09 23:25:37.333340,2026-03-09 23:33:11.756803,Op-Brakes,CityLine,0.0
CL-00561,Wheels,2026-03-09 23:22:31.675617,2026-03-09 23:33:19.844926,Op-Wheels,CityLine,0.0
CL-00562,Fork & steering,2026-03-09 23:22:40.492658,2026-03-09 23:34:27.805228,Op-Fork,CityLine,0.0
CL-00557,Final inspection,2026-03-09 23:30:39.552837,2026-03-09 23:35:30.291480,Op-Inspect,CityLine,0.0
CL-00558,Accessories,2026-03-09 23:33:11.756803,2026-03-09 23:39:49.704749,Op-Access,CityLine,0.0
CL-00563,Fork & steering,2026-03-09 23:34:27.805228,2026-03-09 23:40:57.582332,Op-Fork,CityLine,0.0
CL-00564,Frame & painting,2026-03-09 23:30:22.444186,2026-03-09 23:41:41.942803,Op-Paint,CityLine,0.0
CL-00562,Wheels,2026-03-09 23:34:27.805228,2026-03-09 23:44:56.741484,Op-Wheels,CityLine,0.0
CL-00558,Final inspection,2026-03-09 23:39:49.704749,2026-03-09 23:47:22.636683,Op-Inspect,CityLine,0.0
CL-00618,Order released,2026-03-09 23:47:22.636683,2026-03-09 23:47:22.636683,Planner,CityLine,0.0
CL-00564,Fork & steering,2026-03-09 23:41:41.942803,2026-03-09 23:48:38.200484,Op-Fork,CityLine,0.0
CL-00559,Brakes,2026-03-09 23:33:11.756803,2026-03-09 23:51:16.178759,Op-Brakes,CityLine,0.0
CL-00563,Wheels,2026-03-09 23:44:56.741484,2026-03-09 23:56:52.942503,Op-Wheels,CityLine,0.0
CL-00561,Transmission,2026-03-09 23:33:19.844926,2026-03-09 23:57:56.438569,Op-Trans,CityLine,0.0
CL-00559,Accessories,2026-03-09 23:51:16.178759,2026-03-10 00:02:03.018952,Op-Access,CityLine,0.0
CL-00559,Final inspection,2026-03-10 00:02:03.018952,2026-03-10 00:06:48.907551,Op-Inspect,CityLine,0.0
CL-00619,Order released,2026-03-10 00:06:48.907551,2026-03-10 00:06:48.907551,Planner,CityLine,0.0
CL-00561,Brakes,2026-03-09 23:57:56.438569,2026-03-10 00:08:07.857775,Op-Brakes,CityLine,0.0
CL-00564,Wheels,2026-03-09 23:56:52.942503,2026-03-10 00:12:03.863226,Op-Wheels,CityLine,0.0
CL-00562,Transmission,2026-03-09 23:57:56.438569,2026-03-10 00:12:42.049402,Op-Trans,CityLine,0.0
CL-00561,Accessories,2026-03-10 00:08:07.857775,2026-03-10 00:14:09.299492,Op-Access,CityLine,0.0
CL-00561,Final inspection,2026-03-10 00:14:09.299492,2026-03-10 00:22:10.871036,Op-Inspect,CityLine,0.0
CL-00620,Order released,2026-03-10 00:22:10.871036,2026-03-10 00:22:10.871036,Planner,CityLine,0.0
CL-00565,Color change,2026-03-09 23:41:41.942803,2026-03-10 00:26:13.891611,Op-Paint,CityLine,0.0
CL-00563,Transmission,2026-03-10 00:12:42.049402,2026-03-10 00:32:21.841609,Op-Trans,CityLine,0.0
CL-00565,Frame & painting,2026-03-10 00:26:13.891611,2026-03-10 00:33:28.954583,Op-Paint,CityLine,0.0
CL-00562,Brakes,2026-03-10 00:12:42.049402,2026-03-10 00:34:15.014664,Op-Brakes,CityLine,0.0
CL-00565,Fork & steering,2026-03-10 00:33:28.954583,2026-03-10 00:40:22.411390,Op-Fork,CityLine,0.0
CL-00562,Accessories,2026-03-10 00:34:15.014664,2026-03-10 00:43:47.475278,Op-Access,CityLine,0.0
CL-00563,Brakes,2026-03-10 00:34:15.014664,2026-03-10 00:44:11.700656,Op-Brakes,CityLine,0.0
CL-00566,Frame & painting,2026-03-10 00:33:28.954583,2026-03-10 00:44:26.294494,Op-Paint,CityLine,0.0
CL-00564,Transmission,2026-03-10 00:32:21.841609,2026-03-10 00:46:56.717954,Op-Trans,CityLine,0.0
CL-00565,Wheels,2026-03-10 00:40:22.411390,2026-03-10 00:46:58.873527,Op-Wheels,CityLine,0.0
CL-00562,Final inspection,2026-03-10 00:43:47.475278,2026-03-10 00:50:44.100546,Op-Inspect,CityLine,0.0
CL-00621,Order released,2026-03-10 00:50:44.100546,2026-03-10 00:50:44.100546,Planner,CityLine,0.0
CL-00563,Accessories,2026-03-10 00:44:11.700656,2026-03-10 00:52:07.193037,Op-Access,CityLine,0.0
CL-00566,Fork & steering,2026-03-10 00:44:26.294494,2026-03-10 00:53:24.683216,Op-Fork,CityLine,0.0
CL-00567,Frame & painting,2026-03-10 00:44:26.294494,2026-03-10 00:57:32.570322,Op-Paint,CityLine,0.0
CL-00563,Final inspection,2026-03-10 00:52:07.193037,2026-03-10 00:59:12.750934,Op-Inspect,CityLine,0.0
CL-00622,Order released,2026-03-10 00:59:12.750934,2026-03-10 00:59:12.750934,Planner,CityLine,0.0
CL-00565,Transmission,2026-03-10 00:46:58.873527,2026-03-10 01:01:40.291063,Op-Trans,CityLine,0.0
CL-00566,Wheels,2026-03-10 00:53:24.683216,2026-03-10 01:04:31.981034,Op-Wheels,CityLine,0.0
CL-00568,Frame & painting,2026-03-10 00:57:32.570322,2026-03-10 01:06:26.190892,Op-Paint,CityLine,0.0
CL-00568,Fork & steering,2026-03-10 01:06:26.190892,2026-03-10 01:11:05.136995,Op-Fork,CityLine,0.0
CL-00510,Paint rework,2026-03-10 01:06:26.190892,2026-03-10 01:12:37.874282,Op-Paint,CityLine,30.0
CL-00564,Brakes,2026-03-10 00:46:56.717954,2026-03-10 01:13:41.845231,Op-Brakes,CityLine,0.0
CL-00566,Transmission,2026-03-10 01:04:31.981034,2026-03-10 01:17:26.723677,Op-Trans,CityLine,0.0
CL-00510,Fork & steering,2026-03-10 01:12:37.874282,2026-03-10 01:20:09.190723,Op-Fork,CityLine,0.0
CL-00568,Wheels,2026-03-10 01:11:05.136995,2026-03-10 01:20:31.602848,Op-Wheels,CityLine,0.0
CL-00569,Frame & painting,2026-03-10 01:12:37.874282,2026-03-10 01:23:44.500934,Op-Paint,CityLine,0.0
CL-00564,Accessories,2026-03-10 01:13:41.845231,2026-03-10 01:27:33.142393,Op-Access,CityLine,0.0
CL-00565,Brakes,2026-03-10 01:13:41.845231,2026-03-10 01:28:13.635493,Op-Brakes,CityLine,0.0
CL-00566,Brakes,2026-03-10 01:28:13.635493,2026-03-10 01:35:08.100182,Op-Brakes,CityLine,0.0
CL-00564,Final inspection,2026-03-10 01:27:33.142393,2026-03-10 01:37:04.053179,Op-Inspect,CityLine,0.0
CL-00510,Wheels,2026-03-10 01:20:31.602848,2026-03-10 01:37:30.063356,Op-Wheels,CityLine,0.0
CL-00565,Accessories,2026-03-10 01:28:13.635493,2026-03-10 01:38:49.040509,Op-Access,CityLine,0.0
CL-00568,Transmission,2026-03-10 01:20:31.602848,2026-03-10 01:43:47.917458,Op-Trans,CityLine,0.0
CL-00566,Accessories,2026-03-10 01:38:49.040509,2026-03-10 01:47:15.038903,Op-Access,CityLine,0.0
CL-00565,Final inspection,2026-03-10 01:38:49.040509,2026-03-10 01:47:25.759362,Op-Inspect,CityLine,0.0
CL-00624,Order released,2026-03-10 01:47:25.759362,2026-03-10 01:47:25.759362,Planner,CityLine,0.0
CL-00566,Final inspection,2026-03-10 01:47:25.759362,2026-03-10 01:52:04.410654,Op-Inspect,CityLine,0.0
CL-00568,Brakes,2026-03-10 01:43:47.917458,2026-03-10 02:00:28.099918,Op-Brakes,CityLine,0.0
CL-00570,Color change,2026-03-10 01:23:44.500934,2026-03-10 02:04:45.387184,Op-Paint,CityLine,0.0
CL-00510,Transmission,2026-03-10 01:43:47.917458,2026-03-10 02:10:02.293801,Op-Trans,CityLine,0.0
CL-00568,Accessories,2026-03-10 02:00:28.099918,2026-03-10 02:10:28.656264,Op-Access,CityLine,0.0
CL-00568,Final inspection,2026-03-10 02:10:28.656264,2026-03-10 02:14:14.963612,Op-Inspect,CityLine,0.0
CL-00626,Order released,2026-03-10 02:14:14.963612,2026-03-10 02:14:14.963612,Planner,CityLine,0.0
CL-00570,Frame & painting,2026-03-10 02:04:45.387184,2026-03-10 02:18:03.449517,Op-Paint,CityLine,0.0
CL-00510,Brakes,2026-03-10 02:10:02.293801,2026-03-10 02:19:15.067885,Op-Brakes,CityLine,0.0
CL-00513,Paint rework,2026-03-10 02:18:03.449517,2026-03-10 02:26:04.635726,Op-Paint,CityLine,30.0
CL-00570,Fork & steering,2026-03-10 02:18:03.449517,2026-03-10 02:33:03.038965,Op-Fork,CityLine,0.0
CL-00571,Frame & painting,2026-03-10 02:26:04.635726,2026-03-10 02:36:06.178007,Op-Paint,CityLine,0.0
CL-00513,Fork & steering,2026-03-10 02:33:03.038965,2026-03-10 02:37:56.308673,Op-Fork,CityLine,0.0
CL-00510,Accessories,2026-03-10 02:19:15.067885,2026-03-10 02:38:46.395304,Op-Access,CityLine,0.0
CL-00570,Wheels,2026-03-10 02:33:03.038965,2026-03-10 02:43:30.764226,Op-Wheels,CityLine,0.0
CL-00572,Frame & painting,2026-03-10 02:36:06.178007,2026-03-10 02:44:03.627655,Op-Paint,CityLine,0.0
CL-00510,Final inspection,2026-03-10 02:38:46.395304,2026-03-10 02:44:04.544037,Op-Inspect,CityLine,0.0
CL-00627,Order released,2026-03-10 02:44:04.544037,2026-03-10 02:44:04.544037,Planner,CityLine,0.0
CL-00572,Fork & steering,2026-03-10 02:44:03.627655,2026-03-10 02:50:44.195895,Op-Fork,CityLine,0.0
CL-00573,Frame & painting,2026-03-10 02:44:03.627655,2026-03-10 02:53:20.213721,Op-Paint,CityLine,0.0
CL-00513,Wheels,2026-03-10 02:43:30.764226,2026-03-10 02:58:54.277717,Op-Wheels,CityLine,0.0
CL-00573,Fork & steering,2026-03-10 02:53:20.213721,2026-03-10 03:01:53.664518,Op-Fork,CityLine,0.0
CL-00570,Transmission,2026-03-10 02:43:30.764226,2026-03-10 03:09:27.045602,Op-Trans,CityLine,0.0
CL-00574,Frame & painting,2026-03-10 02:53:20.213721,2026-03-10 03:11:48.413829,Op-Paint,CityLine,0.0
CL-00572,Wheels,2026-03-10 02:58:54.277717,2026-03-10 03:12:59.375041,Op-Wheels,CityLine,0.0
CL-00570,Brakes,2026-03-10 03:09:27.045602,2026-03-10 03:19:54.489733,Op-Brakes,CityLine,0.0
CL-00573,Wheels,2026-03-10 03:12:59.375041,2026-03-10 03:22:38.083158,Op-Wheels,CityLine,0.0
CL-00574,Fork & steering,2026-03-10 03:11:48.413829,2026-03-10 03:26:42.053600,Op-Fork,CityLine,0.0
CL-00570,Accessories,2026-03-10 03:19:54.489733,2026-03-10 03:30:14.427009,Op-Access,CityLine,0.0
CL-00513,Transmission,2026-03-10 03:09:27.045602,2026-03-10 03:31:41.430525,Op-Trans,CityLine,0.0
CL-00570,Final inspection,2026-03-10 03:30:14.427009,2026-03-10 03:37:53.831225,Op-Inspect,CityLine,0.0
CL-00513,Brakes,2026-03-10 03:31:41.430525,2026-03-10 03:44:54.558849,Op-Brakes,CityLine,0.0
CL-00574,Wheels,2026-03-10 03:26:42.053600,2026-03-10 03:45:02.542077,Op-Wheels,CityLine,0.0
CL-00572,Transmission,2026-03-10 03:31:41.430525,2026-03-10 03:48:45.957966,Op-Trans,CityLine,0.0
CL-00513,Accessories,2026-03-10 03:44:54.558849,2026-03-10 03:51:56.839443,Op-Access,CityLine,0.0
CL-00572,Brakes,2026-03-10 03:48:45.957966,2026-03-10 03:59:29.093987,Op-Brakes,CityLine,0.0
CL-00513,Final inspection,2026-03-10 03:51:56.839443,2026-03-10 04:03:47.734111,Op-Inspect,CityLine,0.0
CL-00573,Transmission,2026-03-10 03:48:45.957966,2026-03-10 04:06:20.172411,Op-Trans,CityLine,0.0
CL-00572,Accessories,2026-03-10 03:59:29.093987,2026-03-10 04:07:18.891590,Op-Access,CityLine,0.0
CL-00575,Color change,2026-03-10 03:11:48.413829,2026-03-10 04:13:58.644537,Op-Paint,CityLine,0.0
CL-00572,Final inspection,2026-03-10 04:07:18.891590,2026-03-10 04:18:47.522389,Op-Inspect,CityLine,0.0
CL-00573,Brakes,2026-03-10 04:06:20.172411,2026-03-10 04:20:47.210317,Op-Brakes,CityLine,0.0
CL-00575,Frame & painting,2026-03-10 04:13:58.644537,2026-03-10 04:23:29.923834,Op-Paint,CityLine,0.0
CL-00573,Accessories,2026-03-10 04:20:47.210317,2026-03-10 04:28:50.971939,Op-Access,CityLine,0.0
CL-00572,Final adjustment,2026-03-10 04:18:47.522389,2026-03-10 04:29:07.098304,Op-Inspect,CityLine,0.0
CL-00575,Fork & steering,2026-03-10 04:23:29.923834,2026-03-10 04:31:54.004269,Op-Fork,CityLine,0.0
CL-00574,Transmission,2026-03-10 04:06:20.172411,2026-03-10 04:33:02.322506,Op-Trans,CityLine,0.0
CL-00576,Frame & painting,2026-03-10 04:23:29.923834,2026-03-10 04:33:07.567282,Op-Paint,CityLine,0.0
CL-00573,Final inspection,2026-03-10 04:29:07.098304,2026-03-10 04:36:02.523829,Op-Inspect,CityLine,0.0
CL-00572,Final inspection,2026-03-10 04:36:02.523829,2026-03-10 04:40:48.841583,Op-Inspect,CityLine,0.0
CL-00574,Brakes,2026-03-10 04:33:02.322506,2026-03-10 04:43:17.233933,Op-Brakes,CityLine,0.0
CL-00575,Wheels,2026-03-10 04:31:54.004269,2026-03-10 04:44:00.393900,Op-Wheels,CityLine,0.0
CL-00576,Fork & steering,2026-03-10 04:33:07.567282,2026-03-10 04:46:37.058083,Op-Fork,CityLine,0.0
CL-00574,Accessories,2026-03-10 04:43:17.233933,2026-03-10 04:54:48.344941,Op-Access,CityLine,0.0
CL-00577,Frame & painting,2026-03-10 04:33:07.567282,2026-03-10 04:56:50.635182,Op-Paint,CityLine,0.0
CL-00576,Wheels,2026-03-10 04:46:37.058083,2026-03-10 04:57:37.520824,Op-Wheels,CityLine,0.0
CL-00574,Final inspection,2026-03-10 04:54:48.344941,2026-03-10 05:02:42.854242,Op-Inspect,CityLine,0.0
CL-00577,Fork & steering,2026-03-10 04:56:50.635182,2026-03-10 05:03:47.607631,Op-Fork,CityLine,0.0
CL-00522,Paint rework,2026-03-10 04:56:50.635182,2026-03-10 05:04:20.602979,Op-Paint,CityLine,30.0
CL-00575,Transmission,2026-03-10 04:44:00.393900,2026-03-10 05:04:31.298228,Op-Trans,CityLine,0.0
CL-00577,Wheels,2026-03-10 05:03:47.607631,2026-03-10 05:10:53.078686,Op-Wheels,CityLine,0.0
CL-00576,Transmission,2026-03-10 05:04:31.298228,2026-03-10 05:13:29.990588,Op-Trans,CityLine,0.0
CL-00522,Fork & steering,2026-03-10 05:04:20.602979,2026-03-10 05:14:08.032876,Op-Fork,CityLine,0.0
CL-00578,Frame & painting,2026-03-10 05:04:20.602979,2026-03-10 05:14:36.177576,Op-Paint,CityLine,0.0
CL-00575,Brakes,2026-03-10 05:04:31.298228,2026-03-10 05:18:27.772205,Op-Brakes,CityLine,0.0
CL-00523,Paint rework,2026-03-10 05:14:36.177576,2026-03-10 05:18:39.939205,Op-Paint,CityLine,30.0
CL-00577,Transmission,2026-03-10 05:13:29.990588,2026-03-10 05:23:38.001515,Op-Trans,CityLine,0.0
CL-00578,Fork & steering,2026-03-10 05:14:36.177576,2026-03-10 05:26:03.158059,Op-Fork,CityLine,0.0
CL-00576,Brakes,2026-03-10 05:18:27.772205,2026-03-10 05:26:50.177780,Op-Brakes,CityLine,0.0
CL-00522,Wheels,2026-03-10 05:14:08.032876,2026-03-10 05:27:08.516126,Op-Wheels,CityLine,0.0
CL-00575,Accessories,2026-03-10 05:18:27.772205,2026-03-10 05:29:46.673373,Op-Access,CityLine,0.0
CL-00577,Brakes,2026-03-10 05:26:50.177780,2026-03-10 05:32:03.969961,Op-Brakes,CityLine,0.0
CL-00579,Frame & painting,2026-03-10 05:18:39.939205,2026-03-10 05:32:08.870091,Op-Paint,CityLine,0.0
CL-00578,Wheels,2026-03-10 05:27:08.516126,2026-03-10 05:32:45.419487,Op-Wheels,CityLine,0.0
CL-00575,Final inspection,2026-03-10 05:29:46.673373,2026-03-10 05:37:24.985672,Op-Inspect,CityLine,0.0
CL-00576,Accessories,2026-03-10 05:29:46.673373,2026-03-10 05:37:41.761398,Op-Access,CityLine,0.0
CL-00577,Accessories,2026-03-10 05:37:41.761398,2026-03-10 05:42:58.146795,Op-Access,CityLine,0.0
CL-00576,Final inspection,2026-03-10 05:37:41.761398,2026-03-10 05:43:26.696231,Op-Inspect,CityLine,0.0
CL-00522,Transmission,2026-03-10 05:27:08.516126,2026-03-10 05:48:23.769618,Op-Trans,CityLine,0.0
CL-00523,Fork & steering,2026-03-10 05:26:03.158059,2026-03-10 05:48:31.438190,Op-Fork,CityLine,0.0
CL-00577,Final inspection,2026-03-10 05:43:26.696231,2026-03-10 05:56:04.902061,Op-Inspect,CityLine,0.0
CL-00579,Fork & steering,2026-03-10 05:48:31.438190,2026-03-10 05:56:23.520057,Op-Fork,CityLine,0.0
CL-00523,Wheels,2026-03-10 05:48:31.438190,2026-03-10 05:58:36.644459,Op-Wheels,CityLine,0.0
CL-00578,Transmission,2026-03-10 05:48:23.769618,2026-03-10 06:01:11.312225,Op-Trans,CityLine,0.0
CL-00522,Brakes,2026-03-10 05:48:23.769618,2026-03-10 06:05:33.094378,Op-Brakes,CityLine,0.0
CL-00579,Wheels,2026-03-10 05:58:36.644459,2026-03-10 06:09:38.064668,Op-Wheels,CityLine,0.0
CL-00522,Accessories,2026-03-10 06:05:33.094378,2026-03-10 06:13:54.093163,Op-Access,CityLine,0.0
CL-00523,Transmission,2026-03-10 06:01:11.312225,2026-03-10 06:16:51.959112,Op-Trans,CityLine,0.0
CL-00522,Final inspection,2026-03-10 06:13:54.093163,2026-03-10 06:20:31.013315,Op-Inspect,CityLine,0.0
CL-00581,Frame & painting,2026-03-10 06:14:55.014526,2026-03-10 06:22:42.445943,Op-Paint,CityLine,0.0
CL-00578,Brakes,2026-03-10 06:05:33.094378,2026-03-10 06:23:11.959972,Op-Brakes,CityLine,0.0
CL-00578,Accessories,2026-03-10 06:23:11.959972,2026-03-10 06:26:51.418796,Op-Access,CityLine,0.0
CL-00581,Fork & steering,2026-03-10 06:22:42.445943,2026-03-10 06:29:44.771231,Op-Fork,CityLine,0.0
CL-00579,Transmission,2026-03-10 06:16:51.959112,2026-03-10 06:30:45.988306,Op-Trans,CityLine,0.0
CL-00578,Final inspection,2026-03-10 06:26:51.418796,2026-03-10 06:33:06.681193,Op-Inspect,CityLine,0.0
CL-00582,Frame & painting,2026-03-10 06:22:42.445943,2026-03-10 06:34:41.982471,Op-Paint,CityLine,0.0
CL-00523,Brakes,2026-03-10 06:23:11.959972,2026-03-10 06:36:56.365922,Op-Brakes,CityLine,0.0
CL-00581,Wheels,2026-03-10 06:29:44.771231,2026-03-10 06:38:33.671854,Op-Wheels,CityLine,0.0
CL-00523,Accessories,2026-03-10 06:36:56.365922,2026-03-10 06:44:34.457342,Op-Access,CityLine,0.0
CL-00582,Fork & steering,2026-03-10 06:34:41.982471,2026-03-10 06:45:01.855539,Op-Fork,CityLine,0.0
CL-00579,Brakes,2026-03-10 06:36:56.365922,2026-03-10 06:45:05.691569,Op-Brakes,CityLine,0.0
CL-00581,Transmission,2026-03-10 06:38:33.671854,2026-03-10 06:48:44.522893,Op-Trans,CityLine,0.0
CL-00582,Wheels,2026-03-10 06:45:01.855539,2026-03-10 06:51:31.177412,Op-Wheels,CityLine,0.0
CL-00523,Final inspection,2026-03-10 06:44:34.457342,2026-03-10 06:51:42.227203,Op-Inspect,CityLine,0.0
CL-00579,Accessories,2026-03-10 06:45:05.691569,2026-03-10 06:54:15.910285,Op-Access,CityLine,0.0
CL-00584,Frame & painting,2026-03-10 06:44:57.068145,2026-03-10 06:55:03.877485,Op-Paint,CityLine,0.0
CL-00584,Fork & steering,2026-03-10 06:55:03.877485,2026-03-10 06:59:43.294759,Op-Fork,CityLine,0.0
CL-00581,Brakes,2026-03-10 06:48:44.522893,2026-03-10 06:59:51.888948,Op-Brakes,CityLine,0.0
CL-00579,Final inspection,2026-03-10 06:54:15.910285,2026-03-10 07:02:13.057220,Op-Inspect,CityLine,0.0
CL-00584,Wheels,2026-03-10 06:59:43.294759,2026-03-10 07:05:39.929250,Op-Wheels,CityLine,0.0
CL-00581,Accessories,2026-03-10 06:59:51.888948,2026-03-10 07:10:39.508091,Op-Access,CityLine,0.0
CL-00579,Final adjustment,2026-03-10 07:02:13.057220,2026-03-10 07:10:50.945218,Op-Inspect,CityLine,0.0
CL-00582,Transmission,2026-03-10 06:51:31.177412,2026-03-10 07:14:01.685988,Op-Trans,CityLine,0.0
CL-00581,Final inspection,2026-03-10 07:10:50.945218,2026-03-10 07:15:46.110850,Op-Inspect,CityLine,0.0
CL-00579,Final inspection,2026-03-10 07:15:46.110850,2026-03-10 07:22:00.882890,Op-Inspect,CityLine,0.0
CL-00582,Brakes,2026-03-10 07:14:01.685988,2026-03-10 07:22:08.822076,Op-Brakes,CityLine,0.0
CL-00582,Accessories,2026-03-10 07:22:08.822076,2026-03-10 07:26:54.008990,Op-Access,CityLine,0.0
CL-00582,Final inspection,2026-03-10 07:26:54.008990,2026-03-10 07:33:11.143108,Op-Inspect,CityLine,0.0
CL-00585,Color change,2026-03-10 06:55:03.877485,2026-03-10 07:34:01.023036,Op-Paint,CityLine,0.0
CL-00584,Transmission,2026-03-10 07:14:01.685988,2026-03-10 07:37:48.599056,Op-Trans,CityLine,0.0
CL-00585,Frame & painting,2026-03-10 07:34:01.023036,2026-03-10 07:44:52.248217,Op-Paint,CityLine,0.0
CL-00585,Fork & steering,2026-03-10 07:44:52.248217,2026-03-10 07:50:56.253895,Op-Fork,CityLine,0.0
CL-00584,Brakes,2026-03-10 07:37:48.599056,2026-03-10 07:51:13.708067,Op-Brakes,CityLine,0.0
CL-00585,Wheels,2026-03-10 07:50:56.253895,2026-03-10 07:55:50.915706,Op-Wheels,CityLine,0.0
CL-00586,Frame & painting,2026-03-10 07:44:52.248217,2026-03-10 07:57:29.493310,Op-Paint,CityLine,0.0
CL-00584,Accessories,2026-03-10 07:51:13.708067,2026-03-10 08:00:47.140539,Op-Access,CityLine,0.0
CL-00587,Frame & painting,2026-03-10 07:57:29.493310,2026-03-10 08:06:00.609787,Op-Paint,CityLine,0.0
CL-00584,Final inspection,2026-03-10 08:00:47.140539,2026-03-10 08:06:06.507768,Op-Inspect,CityLine,0.0
CL-00586,Fork & steering,2026-03-10 07:57:29.493310,2026-03-10 08:06:06.738664,Op-Fork,CityLine,0.0
CL-00587,Fork & steering,2026-03-10 08:06:06.738664,2026-03-10 08:13:30.359589,Op-Fork,CityLine,0.0
CL-00588,Frame & painting,2026-03-10 08:06:00.609787,2026-03-10 08:17:21.915846,Op-Paint,CityLine,0.0
CL-00588,Fork & steering,2026-03-10 08:17:21.915846,2026-03-10 08:22:08.741947,Op-Fork,CityLine,0.0
CL-00585,Transmission,2026-03-10 07:55:50.915706,2026-03-10 08:24:56.812041,Op-Trans,CityLine,0.0
CL-00586,Wheels,2026-03-10 08:06:06.738664,2026-03-10 08:27:33.140780,Op-Wheels,CityLine,0.0
CL-00585,Brakes,2026-03-10 08:24:56.812041,2026-03-10 08:36:02.727019,Op-Brakes,CityLine,0.0
CL-00587,Wheels,2026-03-10 08:27:33.140780,2026-03-10 08:36:12.739965,Op-Wheels,CityLine,0.0
CL-00537,Paint rework,2026-03-10 08:29:39.319317,2026-03-10 08:36:48.636033,Op-Paint,CityLine,30.0
CL-00537,Fork & steering,2026-03-10 08:36:48.636033,2026-03-10 08:41:50.230049,Op-Fork,CityLine,0.0
CL-00585,Accessories,2026-03-10 08:36:02.727019,2026-03-10 08:42:40.063496,Op-Access,CityLine,0.0
CL-00588,Wheels,2026-03-10 08:36:12.739965,2026-03-10 08:45:16.303039,Op-Wheels,CityLine,0.0
CL-00586,Transmission,2026-03-10 08:27:33.140780,2026-03-10 08:50:09.532644,Op-Trans,CityLine,0.0
CL-00585,Final inspection,2026-03-10 08:42:40.063496,2026-03-10 08:50:53.587176,Op-Inspect,CityLine,0.0
CL-00537,Wheels,2026-03-10 08:45:16.303039,2026-03-10 08:53:55.331154,Op-Wheels,CityLine,0.0
CL-00586,Brakes,2026-03-10 08:50:09.532644,2026-03-10 08:58:04.801679,Op-Brakes,CityLine,0.0
CL-00586,Accessories,2026-03-10 08:58:04.801679,2026-03-10 09:04:23.925340,Op-Access,CityLine,0.0
CL-00587,Transmission,2026-03-10 08:50:09.532644,2026-03-10 09:05:39.369908,Op-Trans,CityLine,0.0
CL-00586,Final inspection,2026-03-10 09:04:23.925340,2026-03-10 09:11:21.859480,Op-Inspect,CityLine,0.0
CL-00587,Brakes,2026-03-10 09:05:39.369908,2026-03-10 09:19:04.584770,Op-Brakes,CityLine,0.0
CL-00587,Accessories,2026-03-10 09:19:04.584770,2026-03-10 09:29:55.447969,Op-Access,CityLine,0.0
CL-00587,Final inspection,2026-03-10 09:29:55.447969,2026-03-10 09:34:23.323103,Op-Inspect,CityLine,0.0
CL-00588,Transmission,2026-03-10 09:05:39.369908,2026-03-10 09:34:59.217257,Op-Trans,CityLine,0.0
CL-00588,Brakes,2026-03-10 09:34:59.217257,2026-03-10 09:42:11.303025,Op-Brakes,CityLine,0.0
CL-00588,Accessories,2026-03-10 09:42:11.303025,2026-03-10 09:51:33.801953,Op-Access,CityLine,0.0
CL-00537,Transmission,2026-03-10 09:34:59.217257,2026-03-10 09:56:58.603909,Op-Trans,CityLine,0.0
CL-00588,Final inspection,2026-03-10 09:51:33.801953,2026-03-10 09:58:21.081311,Op-Inspect,CityLine,0.0
CL-00590,Color change,2026-03-10 08:36:48.636033,2026-03-10 09:58:28.758069,Op-Paint,CityLine,0.0
CL-00537,Brakes,2026-03-10 09:56:58.603909,2026-03-10 10:01:40.096825,Op-Brakes,CityLine,0.0
CL-00590,Frame & painting,2026-03-10 09:58:28.758069,2026-03-10 10:07:36.819058,Op-Paint,CityLine,0.0
CL-00591,Frame & painting,2026-03-10 10:07:36.819058,2026-03-10 10:12:04.639472,Op-Paint,CityLine,0.0
CL-00590,Fork & steering,2026-03-10 10:07:36.819058,2026-03-10 10:13:20.543506,Op-Fork,CityLine,0.0
CL-00591,Fork & steering,2026-03-10 10:13:20.543506,2026-03-10 10:18:04.674732,Op-Fork,CityLine,0.0
CL-00592,Frame & painting,2026-03-10 10:12:04.639472,2026-03-10 10:18:34.110952,Op-Paint,CityLine,0.0
CL-00537,Accessories,2026-03-10 10:01:40.096825,2026-03-10 10:18:43.901042,Op-Access,CityLine,0.0
CL-00590,Wheels,2026-03-10 10:13:20.543506,2026-03-10 10:20:33.097152,Op-Wheels,CityLine,0.0
CL-00537,Final inspection,2026-03-10 10:18:43.901042,2026-03-10 10:23:57.896117,Op-Inspect,CityLine,0.0
CL-00591,Wheels,2026-03-10 10:20:33.097152,2026-03-10 10:27:14.982038,Op-Wheels,CityLine,0.0
CL-00592,Fork & steering,2026-03-10 10:18:34.110952,2026-03-10 10:28:11.121752,Op-Fork,CityLine,0.0
CL-00537,Final adjustment,2026-03-10 10:23:57.896117,2026-03-10 10:31:05.165357,Op-Inspect,CityLine,0.0
CL-00593,Frame & painting,2026-03-10 10:18:34.110952,2026-03-10 10:36:02.626822,Op-Paint,CityLine,0.0
CL-00590,Transmission,2026-03-10 10:20:33.097152,2026-03-10 10:38:37.624784,Op-Trans,CityLine,0.0
CL-00592,Wheels,2026-03-10 10:28:11.121752,2026-03-10 10:40:20.611412,Op-Wheels,CityLine,0.0
CL-00537,Final inspection,2026-03-10 10:31:05.165357,2026-03-10 10:40:25.313138,Op-Inspect,CityLine,0.0
CL-00593,Fork & steering,2026-03-10 10:36:02.626822,2026-03-10 10:41:42.816180,Op-Fork,CityLine,0.0
CL-00594,Frame & painting,2026-03-10 10:36:02.626822,2026-03-10 10:49:17.806736,Op-Paint,CityLine,0.0
CL-00590,Brakes,2026-03-10 10:38:37.624784,2026-03-10 10:49:47.094410,Op-Brakes,CityLine,0.0
CL-00593,Wheels,2026-03-10 10:41:42.816180,2026-03-10 10:50:17.790380,Op-Wheels,CityLine,0.0
CL-00591,Transmission,2026-03-10 10:38:37.624784,2026-03-10 10:53:39.225334,Op-Trans,CityLine,0.0
CL-00594,Fork & steering,2026-03-10 10:49:17.806736,2026-03-10 10:57:40.765286,Op-Fork,CityLine,0.0
CL-00592,Transmission,2026-03-10 10:53:39.225334,2026-03-10 11:06:47.146223,Op-Trans,CityLine,0.0
CL-00594,Wheels,2026-03-10 10:57:40.765286,2026-03-10 11:07:08.383089,Op-Wheels,CityLine,0.0
CL-00590,Accessories,2026-03-10 10:49:47.094410,2026-03-10 11:09:17.695717,Op-Access,CityLine,0.0
CL-00591,Brakes,2026-03-10 10:53:39.225334,2026-03-10 11:11:18.241542,Op-Brakes,CityLine,0.0
CL-00590,Final inspection,2026-03-10 11:09:17.695717,2026-03-10 11:16:14.269284,Op-Inspect,CityLine,0.0
CL-00591,Accessories,2026-03-10 11:11:18.241542,2026-03-10 11:17:59.825289,Op-Access,CityLine,0.0
CL-00593,Transmission,2026-03-10 11:06:47.146223,2026-03-10 11:22:23.210935,Op-Trans,CityLine,0.0
CL-00591,Final inspection,2026-03-10 11:17:59.825289,2026-03-10 11:22:29.974589,Op-Inspect,CityLine,0.0
CL-00592,Brakes,2026-03-10 11:11:18.241542,2026-03-10 11:24:27.144070,Op-Brakes,CityLine,0.0
CL-00595,Color change,2026-03-10 10:49:17.806736,2026-03-10 11:33:21.976367,Op-Paint,CityLine,0.0
CL-00592,Accessories,2026-03-10 11:24:27.144070,2026-03-10 11:36:23.594979,Op-Access,CityLine,0.0
CL-00594,Transmission,2026-03-10 11:22:23.210935,2026-03-10 11:36:37.500602,Op-Trans,CityLine,0.0
CL-00591,Final adjustment,2026-03-10 11:22:29.974589,2026-03-10 11:39:15.379788,Op-Inspect,CityLine,0.0
CL-00593,Brakes,2026-03-10 11:24:27.144070,2026-03-10 11:40:03.957158,Op-Brakes,CityLine,0.0
CL-00595,Frame & painting,2026-03-10 11:33:21.976367,2026-03-10 11:41:59.990549,Op-Paint,CityLine,0.0
CL-00592,Final inspection,2026-03-10 11:39:15.379788,2026-03-10 11:45:17.728631,Op-Inspect,CityLine,0.0
CL-00594,Brakes,2026-03-10 11:40:03.957158,2026-03-10 11:46:58.833766,Op-Brakes,CityLine,0.0
CL-00593,Accessories,2026-03-10 11:40:03.957158,2026-03-10 11:47:46.371324,Op-Access,CityLine,0.0
CL-00595,Fork & steering,2026-03-10 11:41:59.990549,2026-03-10 11:50:55.348405,Op-Fork,CityLine,0.0
CL-00591,Final inspection,2026-03-10 11:45:17.728631,2026-03-10 11:52:17.739505,Op-Inspect,CityLine,0.0
CL-00596,Frame & painting,2026-03-10 11:41:59.990549,2026-03-10 11:56:36.818502,Op-Paint,CityLine,0.0
CL-00595,Wheels,2026-03-10 11:50:55.348405,2026-03-10 11:57:13.266477,Op-Wheels,CityLine,0.0
CL-00593,Final inspection,2026-03-10 11:52:17.739505,2026-03-10 11:58:51.407659,Op-Inspect,CityLine,0.0
CL-00594,Accessories,2026-03-10 11:47:46.371324,2026-03-10 11:59:16.570695,Op-Access,CityLine,0.0
CL-00596,Fork & steering,2026-03-10 11:56:36.818502,2026-03-10 12:00:19.862422,Op-Fork,CityLine,0.0
CL-00597,Frame & painting,2026-03-10 11:56:36.818502,2026-03-10 12:05:37.460752,Op-Paint,CityLine,0.0
CL-00596,Wheels,2026-03-10 12:00:19.862422,2026-03-10 12:10:33.781624,Op-Wheels,CityLine,0.0
CL-00542,Paint rework,2026-03-10 12:05:37.460752,2026-03-10 12:11:57.804277,Op-Paint,CityLine,30.0
CL-00597,Fork & steering,2026-03-10 12:05:37.460752,2026-03-10 12:12:06.086222,Op-Fork,CityLine,0.0
CL-00594,Final inspection,2026-03-10 11:59:16.570695,2026-03-10 12:12:08.920263,Op-Inspect,CityLine,0.0
CL-00597,Wheels,2026-03-10 12:12:06.086222,2026-03-10 12:17:15.292021,Op-Wheels,CityLine,0.0
CL-00598,Frame & painting,2026-03-10 12:11:57.804277,2026-03-10 12:19:27.620406,Op-Paint,CityLine,0.0
CL-00542,Fork & steering,2026-03-10 12:12:06.086222,2026-03-10 12:23:47.809716,Op-Fork,CityLine,0.0
CL-00595,Transmission,2026-03-10 11:57:13.266477,2026-03-10 12:24:40.163730,Op-Trans,CityLine,0.0
CL-00599,Frame & painting,2026-03-10 12:19:27.620406,2026-03-10 12:26:38.880081,Op-Paint,CityLine,0.0
CL-00542,Wheels,2026-03-10 12:23:47.809716,2026-03-10 12:30:44.916635,Op-Wheels,CityLine,0.0
CL-00598,Fork & steering,2026-03-10 12:23:47.809716,2026-03-10 12:30:50.456687,Op-Fork,CityLine,0.0
CL-00599,Fork & steering,2026-03-10 12:30:50.456687,2026-03-10 12:39:09.868574,Op-Fork,CityLine,0.0
CL-00595,Brakes,2026-03-10 12:24:40.163730,2026-03-10 12:45:17.791057,Op-Brakes,CityLine,0.0
CL-00598,Wheels,2026-03-10 12:30:50.456687,2026-03-10 12:45:22.147633,Op-Wheels,CityLine,0.0
CL-00595,Accessories,2026-03-10 12:45:17.791057,2026-03-10 12:52:08.299050,Op-Access,CityLine,0.0
CL-00599,Wheels,2026-03-10 12:45:22.147633,2026-03-10 12:56:00.653629,Op-Wheels,CityLine,0.0
CL-00595,Final inspection,2026-03-10 12:52:08.299050,2026-03-10 12:57:45.332593,Op-Inspect,CityLine,0.0
CL-00596,Transmission,2026-03-10 12:24:40.163730,2026-03-10 12:58:51.550168,Op-Trans,CityLine,0.0
CL-00600,Color change,2026-03-10 12:26:38.880081,2026-03-10 13:03:27.812090,Op-Paint,CityLine,0.0
CL-00597,Transmission,2026-03-10 12:58:51.550168,2026-03-10 13:05:38.189279,Op-Trans,CityLine,0.0
CL-00600,Frame & painting,2026-03-10 13:03:27.812090,2026-03-10 13:10:06.242247,Op-Paint,CityLine,0.0
CL-00596,Brakes,2026-03-10 12:58:51.550168,2026-03-10 13:13:04.901179,Op-Brakes,CityLine,0.0
CL-00601,Frame & painting,2026-03-10 13:10:06.242247,2026-03-10 13:15:08.491856,Op-Paint,CityLine,0.0
CL-00597,Brakes,2026-03-10 13:13:04.901179,2026-03-10 13:20:36.606056,Op-Brakes,CityLine,0.0
CL-00596,Accessories,2026-03-10 13:13:04.901179,2026-03-10 13:20:43.073056,Op-Access,CityLine,0.0
CL-00600,Fork & steering,2026-03-10 13:10:06.242247,2026-03-10 13:21:57.339758,Op-Fork,CityLine,0.0
CL-00542,Transmission,2026-03-10 13:05:38.189279,2026-03-10 13:22:02.371015,Op-Trans,CityLine,0.0
CL-00602,Frame & painting,2026-03-10 13:15:08.491856,2026-03-10 13:25:23.841193,Op-Paint,CityLine,0.0
CL-00596,Final inspection,2026-03-10 13:20:43.073056,2026-03-10 13:25:48.427158,Op-Inspect,CityLine,0.0
CL-00600,Wheels,2026-03-10 13:21:57.339758,2026-03-10 13:26:14.093169,Op-Wheels,CityLine,0.0
CL-00601,Fork & steering,2026-03-10 13:21:57.339758,2026-03-10 13:27:10.647705,Op-Fork,CityLine,0.0
CL-00597,Accessories,2026-03-10 13:20:43.073056,2026-03-10 13:29:18.709307,Op-Access,CityLine,0.0
CL-00542,Brakes,2026-03-10 13:22:02.371015,2026-03-10 13:33:30.420441,Op-Brakes,CityLine,0.0
CL-00603,Frame & painting,2026-03-10 13:25:23.841193,2026-03-10 13:33:41.333967,Op-Paint,CityLine,0.0
CL-00602,Fork & steering,2026-03-10 13:27:10.647705,2026-03-10 13:34:53.975240,Op-Fork,CityLine,0.0
CL-00601,Wheels,2026-03-10 13:27:10.647705,2026-03-10 13:38:24.067423,Op-Wheels,CityLine,0.0
CL-00603,Fork & steering,2026-03-10 13:34:53.975240,2026-03-10 13:39:42.600639,Op-Fork,CityLine,0.0
CL-00597,Final inspection,2026-03-10 13:29:18.709307,2026-03-10 13:41:08.705644,Op-Inspect,CityLine,0.0
CL-00542,Accessories,2026-03-10 13:33:30.420441,2026-03-10 13:41:21.750101,Op-Access,CityLine,0.0
CL-00598,Transmission,2026-03-10 13:22:02.371015,2026-03-10 13:44:24.473177,Op-Trans,CityLine,0.0
CL-00604,Frame & painting,2026-03-10 13:33:41.333967,2026-03-10 13:46:18.652856,Op-Paint,CityLine,0.0
CL-00602,Wheels,2026-03-10 13:38:24.067423,2026-03-10 13:48:01.951857,Op-Wheels,CityLine,0.0
CL-00542,Final inspection,2026-03-10 13:41:21.750101,2026-03-10 13:50:10.693671,Op-Inspect,CityLine,0.0
CL-00599,Transmission,2026-03-10 13:44:24.473177,2026-03-10 13:57:25.030761,Op-Trans,CityLine,0.0
CL-00603,Wheels,2026-03-10 13:48:01.951857,2026-03-10 13:57:45.307994,Op-Wheels,CityLine,0.0
CL-00598,Brakes,2026-03-10 13:44:24.473177,2026-03-10 13:58:04.923196,Op-Brakes,CityLine,0.0
CL-00604,Fork & steering,2026-03-10 13:46:18.652856,2026-03-10 13:58:50.599797,Op-Fork,CityLine,0.0
CL-00598,Accessories,2026-03-10 13:58:04.923196,2026-03-10 14:04:36.647297,Op-Access,CityLine,0.0
CL-00604,Wheels,2026-03-10 13:58:50.599797,2026-03-10 14:07:14.929733,Op-Wheels,CityLine,0.0
CL-00598,Final inspection,2026-03-10 14:04:36.647297,2026-03-10 14:09:57.134479,Op-Inspect,CityLine,0.0
CL-00599,Brakes,2026-03-10 13:58:04.923196,2026-03-10 14:14:08.135304,Op-Brakes,CityLine,0.0
CL-00605,Color change,2026-03-10 13:46:18.652856,2026-03-10 14:17:36.988984,Op-Paint,CityLine,0.0
CL-00599,Accessories,2026-03-10 14:14:08.135304,2026-03-10 14:23:15.285633,Op-Access,CityLine,0.0
CL-00600,Transmission,2026-03-10 13:57:25.030761,2026-03-10 14:24:31.371076,Op-Trans,CityLine,0.0
CL-00605,Frame & painting,2026-03-10 14:17:36.988984,2026-03-10 14:27:31.951435,Op-Paint,CityLine,0.0
CL-00599,Final inspection,2026-03-10 14:23:15.285633,2026-03-10 14:31:48.770261,Op-Inspect,CityLine,0.0
CL-00600,Brakes,2026-03-10 14:24:31.371076,2026-03-10 14:34:47.454126,Op-Brakes,CityLine,0.0
CL-00606,Frame & painting,2026-03-10 14:27:31.951435,2026-03-10 14:34:59.342213,Op-Paint,CityLine,0.0
CL-00605,Fork & steering,2026-03-10 14:27:31.951435,2026-03-10 14:37:48.004820,Op-Fork,CityLine,0.0
CL-00601,Transmission,2026-03-10 14:24:31.371076,2026-03-10 14:41:15.293619,Op-Trans,CityLine,0.0
CL-00600,Accessories,2026-03-10 14:34:47.454126,2026-03-10 14:43:20.703391,Op-Access,CityLine,0.0
CL-00607,Frame & painting,2026-03-10 14:34:59.342213,2026-03-10 14:44:30.270110,Op-Paint,CityLine,0.0
CL-00606,Fork & steering,2026-03-10 14:37:48.004820,2026-03-10 14:45:16.456439,Op-Fork,CityLine,0.0
CL-00605,Wheels,2026-03-10 14:37:48.004820,2026-03-10 14:47:10.954413,Op-Wheels,CityLine,0.0
CL-00600,Final inspection,2026-03-10 14:43:20.703391,2026-03-10 14:49:40.472209,Op-Inspect,CityLine,0.0
CL-00607,Fork & steering,2026-03-10 14:45:16.456439,2026-03-10 14:52:34.389304,Op-Fork,CityLine,0.0
CL-00602,Transmission,2026-03-10 14:41:15.293619,2026-03-10 14:54:38.961007,Op-Trans,CityLine,0.0
CL-00601,Brakes,2026-03-10 14:41:15.293619,2026-03-10 14:56:36.160528,Op-Brakes,CityLine,0.0
CL-00608,Frame & painting,2026-03-10 14:44:30.270110,2026-03-10 14:57:10.071050,Op-Paint,CityLine,0.0
CL-00601,Accessories,2026-03-10 14:56:36.160528,2026-03-10 15:02:01.937350,Op-Access,CityLine,0.0
CL-00602,Brakes,2026-03-10 14:56:36.160528,2026-03-10 15:04:33.891824,Op-Brakes,CityLine,0.0
CL-00606,Wheels,2026-03-10 14:47:10.954413,2026-03-10 15:06:22.858481,Op-Wheels,CityLine,0.0
CL-00609,Frame & painting,2026-03-10 14:57:10.071050,2026-03-10 15:06:30.044659,Op-Paint,CityLine,0.0
CL-00601,Final inspection,2026-03-10 15:02:01.937350,2026-03-10 15:07:38.144071,Op-Inspect,CityLine,0.0
CL-00608,Fork & steering,2026-03-10 14:57:10.071050,2026-03-10 15:08:16.623940,Op-Fork,CityLine,0.0
CL-00603,Transmission,2026-03-10 14:54:38.961007,2026-03-10 15:10:28.877603,Op-Trans,CityLine,0.0
CL-00609,Fork & steering,2026-03-10 15:08:16.623940,2026-03-10 15:15:10.278045,Op-Fork,CityLine,0.0
CL-00602,Accessories,2026-03-10 15:04:33.891824,2026-03-10 15:17:27.245619,Op-Access,CityLine,0.0
CL-00602,Final inspection,2026-03-10 15:17:27.245619,2026-03-10 15:22:53.676327,Op-Inspect,CityLine,0.0
CL-00607,Wheels,2026-03-10 15:06:22.858481,2026-03-10 15:23:58.354241,Op-Wheels,CityLine,0.0
CL-00603,Brakes,2026-03-10 15:10:28.877603,2026-03-10 15:24:56.421694,Op-Brakes,CityLine,0.0
CL-00608,Wheels,2026-03-10 15:23:58.354241,2026-03-10 15:30:58.261605,Op-Wheels,CityLine,0.0
CL-00603,Accessories,2026-03-10 15:24:56.421694,2026-03-10 15:33:28.248690,Op-Access,CityLine,0.0
CL-00604,Transmission,2026-03-10 15:10:28.877603,2026-03-10 15:34:06.781025,Op-Trans,CityLine,0.0
CL-00609,Wheels,2026-03-10 15:30:58.261605,2026-03-10 15:38:04.771881,Op-Wheels,CityLine,0.0
CL-00603,Final inspection,2026-03-10 15:33:28.248690,2026-03-10 15:38:12.005746,Op-Inspect,CityLine,0.0
CL-00604,Brakes,2026-03-10 15:34:06.781025,2026-03-10 15:43:27.967090,Op-Brakes,CityLine,0.0
CL-00604,Accessories,2026-03-10 15:43:27.967090,2026-03-10 15:52:06.661737,Op-Access,CityLine,0.0
CL-00605,Transmission,2026-03-10 15:34:06.781025,2026-03-10 15:53:50.842861,Op-Trans,CityLine,0.0
CL-00556,Paint rework,2026-03-10 15:45:33.127534,2026-03-10 15:54:17.275360,Op-Paint,CityLine,30.0
CL-00611,Frame & painting,2026-03-10 15:54:17.275360,2026-03-10 15:59:01.451758,Op-Paint,CityLine,0.0
CL-00604,Final inspection,2026-03-10 15:52:06.661737,2026-03-10 16:01:49.015277,Op-Inspect,CityLine,0.0
CL-00556,Fork & steering,2026-03-10 15:54:17.275360,2026-03-10 16:02:51.650979,Op-Fork,CityLine,0.0
CL-00605,Brakes,2026-03-10 15:53:50.842861,2026-03-10 16:04:52.367692,Op-Brakes,CityLine,0.0
CL-00606,Transmission,2026-03-10 15:53:50.842861,2026-03-10 16:09:30.604613,Op-Trans,CityLine,0.0
CL-00606,Brakes,2026-03-10 16:09:30.604613,2026-03-10 16:14:57.192070,Op-Brakes,CityLine,0.0
CL-00611,Fork & steering,2026-03-10 16:02:51.650979,2026-03-10 16:16:04.251416,Op-Fork,CityLine,0.0
CL-00556,Wheels,2026-03-10 16:02:51.650979,2026-03-10 16:16:13.757553,Op-Wheels,CityLine,0.0
CL-00605,Accessories,2026-03-10 16:04:52.367692,2026-03-10 16:16:42.335267,Op-Access,CityLine,0.0
CL-00606,Accessories,2026-03-10 16:16:42.335267,2026-03-10 16:22:26.560456,Op-Access,CityLine,0.0
CL-00605,Final inspection,2026-03-10 16:16:42.335267,2026-03-10 16:24:52.169660,Op-Inspect,CityLine,0.0
CL-00612,Frame & painting,2026-03-10 15:59:01.451758,2026-03-10 16:26:07.001935,Op-Paint,CityLine,0.0
CL-00607,Transmission,2026-03-10 16:09:30.604613,2026-03-10 16:29:49.908897,Op-Trans,CityLine,0.0
CL-00613,Frame & painting,2026-03-10 16:26:07.001935,2026-03-10 16:33:10.080477,Op-Paint,CityLine,0.0
CL-00612,Fork & steering,2026-03-10 16:26:07.001935,2026-03-10 16:33:51.633715,Op-Fork,CityLine,0.0
CL-00606,Final inspection,2026-03-10 16:24:52.169660,2026-03-10 16:34:54.950248,Op-Inspect,CityLine,0.0
CL-00613,Fork & steering,2026-03-10 16:33:51.633715,2026-03-10 16:38:58.588234,Op-Fork,CityLine,0.0
CL-00607,Brakes,2026-03-10 16:29:49.908897,2026-03-10 16:39:14.280656,Op-Brakes,CityLine,0.0
CL-00560,Paint rework,2026-03-10 16:33:10.080477,2026-03-10 16:39:24.700543,Op-Paint,CityLine,30.0
CL-00611,Wheels,2026-03-10 16:16:13.757553,2026-03-10 16:41:07.080876,Op-Wheels,CityLine,0.0
CL-00614,Frame & painting,2026-03-10 16:39:24.700543,2026-03-10 16:47:12.792754,Op-Paint,CityLine,0.0
CL-00607,Accessories,2026-03-10 16:39:14.280656,2026-03-10 16:48:03.736226,Op-Access,CityLine,0.0
CL-00560,Fork & steering,2026-03-10 16:39:24.700543,2026-03-10 16:49:56.913539,Op-Fork,CityLine,0.0
CL-00607,Final inspection,2026-03-10 16:48:03.736226,2026-03-10 16:57:18.905923,Op-Inspect,CityLine,0.0
CL-00608,Transmission,2026-03-10 16:29:49.908897,2026-03-10 16:57:38.466454,Op-Trans,CityLine,0.0
CL-00612,Wheels,2026-03-10 16:41:07.080876,2026-03-10 16:58:49.548324,Op-Wheels,CityLine,0.0
CL-00614,Fork & steering,2026-03-10 16:49:56.913539,2026-03-10 17:05:21.209227,Op-Fork,CityLine,0.0
CL-00609,Transmission,2026-03-10 16:57:38.466454,2026-03-10 17:07:54.093789,Op-Trans,CityLine,0.0
CL-00613,Wheels,2026-03-10 16:58:49.548324,2026-03-10 17:11:24.835825,Op-Wheels,CityLine,0.0
CL-00608,Brakes,2026-03-10 16:57:38.466454,2026-03-10 17:15:03.098191,Op-Brakes,CityLine,0.0
CL-00560,Wheels,2026-03-10 17:11:24.835825,2026-03-10 17:22:04.570595,Op-Wheels,CityLine,0.0
CL-00608,Accessories,2026-03-10 17:15:03.098191,2026-03-10 17:25:17.620786,Op-Access,CityLine,0.0
CL-00615,Color change,2026-03-10 16:47:12.792754,2026-03-10 17:25:30.910333,Op-Paint,CityLine,0.0
CL-00608,Final inspection,2026-03-10 17:25:17.620786,2026-03-10 17:31:45.778015,Op-Inspect,CityLine,0.0
CL-00615,Frame & painting,2026-03-10 17:25:30.910333,2026-03-10 17:32:03.262784,Op-Paint,CityLine,0.0
CL-00556,Transmission,2026-03-10 17:07:54.093789,2026-03-10 17:33:19.079531,Op-Trans,CityLine,0.0
CL-00609,Brakes,2026-03-10 17:15:03.098191,2026-03-10 17:35:39.636371,Op-Brakes,CityLine,0.0
CL-00615,Fork & steering,2026-03-10 17:32:03.262784,2026-03-10 17:36:47.465364,Op-Fork,CityLine,0.0
CL-00616,Frame & painting,2026-03-10 17:32:03.262784,2026-03-10 17:40:42.983087,Op-Paint,CityLine,0.0
CL-00614,Wheels,2026-03-10 17:22:04.570595,2026-03-10 17:42:12.673202,Op-Wheels,CityLine,0.0
CL-00609,Accessories,2026-03-10 17:35:39.636371,2026-03-10 17:42:49.212911,Op-Access,CityLine,0.0
CL-00616,Fork & steering,2026-03-10 17:40:42.983087,2026-03-10 17:47:57.689488,Op-Fork,CityLine,0.0
CL-00556,Brakes,2026-03-10 17:35:39.636371,2026-03-10 17:48:07.031341,Op-Brakes,CityLine,0.0
CL-00609,Final inspection,2026-03-10 17:42:49.212911,2026-03-10 17:49:59.270574,Op-Inspect,CityLine,0.0
CL-00611,Transmission,2026-03-10 17:33:19.079531,2026-03-10 17:50:41.627390,Op-Trans,CityLine,0.0
CL-00611,Brakes,2026-03-10 17:50:41.627390,2026-03-10 17:56:45.734090,Op-Brakes,CityLine,0.0
CL-00615,Wheels,2026-03-10 17:42:12.673202,2026-03-10 17:56:52.399889,Op-Wheels,CityLine,0.0
CL-00618,Frame & painting,2026-03-10 17:48:51.385287,2026-03-10 17:57:31.839447,Op-Paint,CityLine,0.0
CL-00556,Accessories,2026-03-10 17:48:07.031341,2026-03-10 18:01:58.402174,Op-Access,CityLine,0.0
CL-00616,Wheels,2026-03-10 17:56:52.399889,2026-03-10 18:03:24.445938,Op-Wheels,CityLine,0.0
CL-00618,Fork & steering,2026-03-10 17:57:31.839447,2026-03-10 18:05:09.573760,Op-Fork,CityLine,0.0
CL-00619,Frame & painting,2026-03-10 17:57:31.839447,2026-03-10 18:06:13.043642,Op-Paint,CityLine,0.0
CL-00556,Final inspection,2026-03-10 18:01:58.402174,2026-03-10 18:06:55.962362,Op-Inspect,CityLine,0.0
CL-00612,Transmission,2026-03-10 17:50:41.627390,2026-03-10 18:09:46.978716,Op-Trans,CityLine,0.0
CL-00611,Accessories,2026-03-10 18:01:58.402174,2026-03-10 18:12:28.150223,Op-Access,CityLine,0.0
CL-00618,Wheels,2026-03-10 18:05:09.573760,2026-03-10 18:13:03.466352,Op-Wheels,CityLine,0.0
CL-00619,Fork & steering,2026-03-10 18:06:13.043642,2026-03-10 18:17:31.603772,Op-Fork,CityLine,0.0
CL-00613,Transmission,2026-03-10 18:09:46.978716,2026-03-10 18:22:29.657072,Op-Trans,CityLine,0.0
CL-00612,Brakes,2026-03-10 18:09:46.978716,2026-03-10 18:22:41.057028,Op-Brakes,CityLine,0.0
CL-00611,Final inspection,2026-03-10 18:12:28.150223,2026-03-10 18:25:49.489334,Op-Inspect,CityLine,0.0
CL-00619,Wheels,2026-03-10 18:17:31.603772,2026-03-10 18:26:03.143570,Op-Wheels,CityLine,0.0
CL-00612,Accessories,2026-03-10 18:22:41.057028,2026-03-10 18:30:39.045269,Op-Access,CityLine,0.0
CL-00612,Final inspection,2026-03-10 18:30:39.045269,2026-03-10 18:35:36.932497,Op-Inspect,CityLine,0.0
CL-00613,Brakes,2026-03-10 18:22:41.057028,2026-03-10 18:37:35.173108,Op-Brakes,CityLine,0.0
CL-00613,Accessories,2026-03-10 18:37:35.173108,2026-03-10 18:47:08.776726,Op-Access,CityLine,0.0
CL-00560,Transmission,2026-03-10 18:22:29.657072,2026-03-10 18:50:58.317292,Op-Trans,CityLine,0.0
CL-00620,Color change,2026-03-10 18:06:13.043642,2026-03-10 18:53:04.068723,Op-Paint,CityLine,0.0
CL-00613,Final inspection,2026-03-10 18:47:08.776726,2026-03-10 18:53:11.824988,Op-Inspect,CityLine,0.0
CL-00620,Frame & painting,2026-03-10 18:53:04.068723,2026-03-10 19:01:46.915720,Op-Paint,CityLine,0.0
CL-00560,Brakes,2026-03-10 18:50:58.317292,2026-03-10 19:02:25.960409,Op-Brakes,CityLine,0.0
CL-00614,Transmission,2026-03-10 18:50:58.317292,2026-03-10 19:05:00.986803,Op-Trans,CityLine,0.0
CL-00620,Fork & steering,2026-03-10 19:01:46.915720,2026-03-10 19:07:15.812597,Op-Fork,CityLine,0.0
CL-00560,Accessories,2026-03-10 19:02:25.960409,2026-03-10 19:12:56.198814,Op-Access,CityLine,0.0
CL-00620,Wheels,2026-03-10 19:07:15.812597,2026-03-10 19:18:06.083151,Op-Wheels,CityLine,0.0
CL-00621,Frame & painting,2026-03-10 19:01:46.915720,2026-03-10 19:18:06.137451,Op-Paint,CityLine,0.0
CL-00560,Final inspection,2026-03-10 19:12:56.198814,2026-03-10 19:18:12.876932,Op-Inspect,CityLine,0.0
CL-00615,Transmission,2026-03-10 19:05:00.986803,2026-03-10 19:19:24.831575,Op-Trans,CityLine,0.0
CL-00621,Fork & steering,2026-03-10 19:18:06.137451,2026-03-10 19:22:14.011997,Op-Fork,CityLine,0.0
CL-00567,Paint rework,2026-03-10 19:18:06.137451,2026-03-10 19:27:37.971896,Op-Paint,CityLine,30.0
CL-00614,Brakes,2026-03-10 19:05:00.986803,2026-03-10 19:28:18.246185,Op-Brakes,CityLine,0.0
CL-00621,Wheels,2026-03-10 19:22:14.011997,2026-03-10 19:29:53.585609,Op-Wheels,CityLine,0.0
CL-00622,Frame & painting,2026-03-10 19:27:37.971896,2026-03-10 19:33:58.306591,Op-Paint,CityLine,0.0
CL-00616,Transmission,2026-03-10 19:19:24.831575,2026-03-10 19:34:06.498790,Op-Trans,CityLine,0.0
CL-00567,Fork & steering,2026-03-10 19:27:37.971896,2026-03-10 19:37:18.178780,Op-Fork,CityLine,0.0
CL-00614,Accessories,2026-03-10 19:28:18.246185,2026-03-10 19:38:24.805921,Op-Access,CityLine,0.0
CL-00569,Paint rework,2026-03-10 19:33:58.306591,2026-03-10 19:38:29.913450,Op-Paint,CityLine,30.0
CL-00614,Final inspection,2026-03-10 19:38:24.805921,2026-03-10 19:42:31.158396,Op-Inspect,CityLine,0.0
CL-00622,Fork & steering,2026-03-10 19:37:18.178780,2026-03-10 19:44:40.534956,Op-Fork,CityLine,0.0
CL-00618,Transmission,2026-03-10 19:34:06.498790,2026-03-10 19:48:05.369483,Op-Trans,CityLine,0.0
CL-00567,Wheels,2026-03-10 19:37:18.178780,2026-03-10 19:49:17.082970,Op-Wheels,CityLine,0.0
CL-00615,Brakes,2026-03-10 19:28:18.246185,2026-03-10 19:51:13.864257,Op-Brakes,CityLine,0.0
CL-00569,Fork & steering,2026-03-10 19:44:40.534956,2026-03-10 19:51:36.218679,Op-Fork,CityLine,0.0
CL-00624,Frame & painting,2026-03-10 19:49:15.483872,2026-03-10 19:55:54.774806,Op-Paint,CityLine,0.0
CL-00616,Brakes,2026-03-10 19:51:13.864257,2026-03-10 19:59:24.654667,Op-Brakes,CityLine,0.0
CL-00624,Fork & steering,2026-03-10 19:55:54.774806,2026-03-10 20:00:38.031820,Op-Fork,CityLine,0.0
CL-00622,Wheels,2026-03-10 19:49:17.082970,2026-03-10 20:02:33.228118,Op-Wheels,CityLine,0.0
CL-00615,Accessories,2026-03-10 19:51:13.864257,2026-03-10 20:03:30.572568,Op-Access,CityLine,0.0
CL-00615,Final inspection,2026-03-10 20:03:30.572568,2026-03-10 20:08:00.570507,Op-Inspect,CityLine,0.0
CL-00618,Brakes,2026-03-10 19:59:24.654667,2026-03-10 20:09:10.826397,Op-Brakes,CityLine,0.0
CL-00616,Accessories,2026-03-10 20:03:30.572568,2026-03-10 20:10:19.438715,Op-Access,CityLine,0.0
CL-00569,Wheels,2026-03-10 20:02:33.228118,2026-03-10 20:12:05.608699,Op-Wheels,CityLine,0.0
CL-00619,Transmission,2026-03-10 19:48:05.369483,2026-03-10 20:13:02.887286,Op-Trans,CityLine,0.0
CL-00618,Accessories,2026-03-10 20:10:19.438715,2026-03-10 20:16:21.954036,Op-Access,CityLine,0.0
CL-00616,Final inspection,2026-03-10 20:10:19.438715,2026-03-10 20:17:05.809309,Op-Inspect,CityLine,0.0
CL-00619,Brakes,2026-03-10 20:13:02.887286,2026-03-10 20:19:37.713034,Op-Brakes,CityLine,0.0
CL-00624,Wheels,2026-03-10 20:12:05.608699,2026-03-10 20:21:25.340358,Op-Wheels,CityLine,0.0
CL-00620,Transmission,2026-03-10 20:13:02.887286,2026-03-10 20:24:56.087703,Op-Trans,CityLine,0.0
CL-00619,Accessories,2026-03-10 20:19:37.713034,2026-03-10 20:27:51.141327,Op-Access,CityLine,0.0
CL-00618,Final inspection,2026-03-10 20:17:05.809309,2026-03-10 20:29:39.670276,Op-Inspect,CityLine,0.0
CL-00620,Brakes,2026-03-10 20:24:56.087703,2026-03-10 20:36:07.404727,Op-Brakes,CityLine,0.0
CL-00619,Final inspection,2026-03-10 20:29:39.670276,2026-03-10 20:36:09.544091,Op-Inspect,CityLine,0.0
CL-00621,Transmission,2026-03-10 20:24:56.087703,2026-03-10 20:45:47.939757,Op-Trans,CityLine,0.0
CL-00620,Accessories,2026-03-10 20:36:07.404727,2026-03-10 20:50:12.079901,Op-Access,CityLine,0.0
CL-00620,Final inspection,2026-03-10 20:50:12.079901,2026-03-10 20:56:22.095951,Op-Inspect,CityLine,0.0
CL-00626,Frame & painting,2026-03-10 20:47:30.379963,2026-03-10 20:57:35.939881,Op-Paint,CityLine,0.0
CL-00567,Transmission,2026-03-10 20:45:47.939757,2026-03-10 21:01:08.832675,Op-Trans,CityLine,0.0
CL-00621,Brakes,2026-03-10 20:45:47.939757,2026-03-10 21:03:04.562211,Op-Brakes,CityLine,0.0
CL-00626,Fork & steering,2026-03-10 20:57:35.939881,2026-03-10 21:07:51.277911,Op-Fork,CityLine,0.0
CL-00571,Paint rework,2026-03-10 20:57:35.939881,2026-03-10 21:08:32.829715,Op-Paint,CityLine,30.0
CL-00621,Accessories,2026-03-10 21:03:04.562211,2026-03-10 21:16:50.335759,Op-Access,CityLine,0.0
CL-00567,Brakes,2026-03-10 21:03:04.562211,2026-03-10 21:17:00.360054,Op-Brakes,CityLine,0.0
CL-00627,Frame & painting,2026-03-10 21:08:32.829715,2026-03-10 21:17:41.913677,Op-Paint,CityLine,0.0
CL-00626,Wheels,2026-03-10 21:07:51.277911,2026-03-10 21:18:50.758073,Op-Wheels,CityLine,0.0
CL-00571,Fork & steering,2026-03-10 21:08:32.829715,2026-03-10 21:20:03.214783,Op-Fork,CityLine,0.0
CL-00622,Transmission,2026-03-10 21:01:08.832675,2026-03-10 21:23:02.913031,Op-Trans,CityLine,0.0
CL-00621,Final inspection,2026-03-10 21:16:50.335759,2026-03-10 21:23:31.261938,Op-Inspect,CityLine,0.0
CL-00571,Wheels,2026-03-10 21:20:03.214783,2026-03-10 21:28:57.153418,Op-Wheels,CityLine,0.0
CL-00567,Accessories,2026-03-10 21:17:00.360054,2026-03-10 21:32:15.448425,Op-Access,CityLine,0.0
CL-00627,Fork & steering,2026-03-10 21:20:03.214783,2026-03-10 21:32:28.223766,Op-Fork,CityLine,0.0
CL-00622,Brakes,2026-03-10 21:23:02.913031,2026-03-10 21:37:55.001442,Op-Brakes,CityLine,0.0
CL-00567,Final inspection,2026-03-10 21:32:15.448425,2026-03-10 21:39:09.645558,Op-Inspect,CityLine,0.0
CL-00569,Transmission,2026-03-10 21:23:02.913031,2026-03-10 21:41:43.707344,Op-Trans,CityLine,0.0
CL-00627,Wheels,2026-03-10 21:32:28.223766,2026-03-10 21:43:49.991189,Op-Wheels,CityLine,0.0
CL-00622,Accessories,2026-03-10 21:37:55.001442,2026-03-10 21:45:39.000463,Op-Access,CityLine,0.0
CL-00569,Brakes,2026-03-10 21:41:43.707344,2026-03-10 21:49:10.187128,Op-Brakes,CityLine,0.0
CL-00622,Final inspection,2026-03-10 21:45:39.000463,2026-03-10 22:01:36.306336,Op-Inspect,CityLine,0.0
CL-00624,Transmission,2026-03-10 21:41:43.707344,2026-03-10 22:02:49.180542,Op-Trans,CityLine,0.0
CL-00569,Accessories,2026-03-10 21:49:10.187128,2026-03-10 22:03:06.642173,Op-Access,CityLine,0.0
CL-00569,Final inspection,2026-03-10 22:03:06.642173,2026-03-10 22:06:46.136509,Op-Inspect,CityLine,0.0
CL-00626,Transmission,2026-03-10 22:02:49.180542,2026-03-10 22:14:44.923946,Op-Trans,CityLine,0.0
CL-00624,Brakes,2026-03-10 22:02:49.180542,2026-03-10 22:14:47.653148,Op-Brakes,CityLine,0.0
CL-00624,Accessories,2026-03-10 22:14:47.653148,2026-03-10 22:21:51.238024,Op-Access,CityLine,0.0
CL-00571,Transmission,2026-03-10 22:14:44.923946,2026-03-10 22:22:57.062495,Op-Trans,CityLine,0.0
CL-00626,Brakes,2026-03-10 22:14:47.653148,2026-03-10 22:25:12.370169,Op-Brakes,CityLine,0.0
CL-00624,Final inspection,2026-03-10 22:21:51.238024,2026-03-10 22:27:59.665437,Op-Inspect,CityLine,0.0
CL-00626,Accessories,2026-03-10 22:25:12.370169,2026-03-10 22:32:46.188151,Op-Access,CityLine,0.0
CL-00627,Transmission,2026-03-10 22:22:57.062495,2026-03-10 22:36:21.038279,Op-Trans,CityLine,0.0
CL-00626,Final inspection,2026-03-10 22:32:46.188151,2026-03-10 22:39:13.504377,Op-Inspect,CityLine,0.0
CL-00571,Brakes,2026-03-10 22:25:12.370169,2026-03-10 22:45:33.449350,Op-Brakes,CityLine,0.0
CL-00627,Brakes,2026-03-10 22:45:33.449350,2026-03-10 22:55:22.652525,Op-Brakes,CityLine,0.0
CL-00571,Accessories,2026-03-10 22:45:33.449350,2026-03-10 22:57:32.050319,Op-Access,CityLine,0.0
CL-00571,Final inspection,2026-03-10 22:57:32.050319,2026-03-10 23:04:03.017756,Op-Inspect,CityLine,0.0
CL-00627,Accessories,2026-03-10 22:57:32.050319,2026-03-10 23:08:56.660752,Op-Access,CityLine,0.0
CL-00627,Final inspection,2026-03-10 23:08:56.660752,2026-03-10 23:15:55.676884,Op-Inspect,CityLine,0.0
