case_id,activite,debut,fin,ressource
CityLine-0001,Lancement en production,2026-09-01 07:00:00,2026-09-01 07:00:00,Ordonnancement
CityLine-0001,Cadre et peinture,2026-09-01 07:00:00,2026-09-01 07:09:44,Peinture 1
CityLine-0002,Lancement en production,2026-09-01 07:00:36,2026-09-01 07:00:36,Ordonnancement
CityLine-0001,Fourche et direction,2026-09-01 07:09:44,2026-09-01 07:17:29,Montage 2
CityLine-0002,Cadre et peinture,2026-09-01 07:09:44,2026-09-01 07:19:15,Peinture 1
CityLine-0001,Roues,2026-09-01 07:17:29,2026-09-01 07:28:16,Montage 3
CityLine-0003,Lancement en production,2026-09-01 07:18:24,2026-09-01 07:18:24,Ordonnancement
CityLine-0002,Fourche et direction,2026-09-01 07:19:15,2026-09-01 07:27:35,Montage 2
CityLine-0003,Cadre et peinture,2026-09-01 07:19:15,2026-09-01 07:29:20,Peinture 1
CityLine-0001,Transmission,2026-09-01 07:28:16,2026-09-01 07:48:17,Montage 4
CityLine-0002,Roues,2026-09-01 07:28:16,2026-09-01 07:41:34,Montage 3
CityLine-0003,Fourche et direction,2026-09-01 07:29:20,2026-09-01 07:37:10,Montage 2
CityLine-0004,Lancement en production,2026-09-01 07:36:54,2026-09-01 07:36:54,Ordonnancement
CityLine-0004,Cadre et peinture,2026-09-01 07:36:54,2026-09-01 07:48:54,Peinture 1
CityLine-0003,Roues,2026-09-01 07:41:34,2026-09-01 07:53:37,Montage 3
CityLine-0001,Freins,2026-09-01 07:48:17,2026-09-01 08:00:01,Montage 5
CityLine-0002,Transmission,2026-09-01 07:48:17,2026-09-01 08:08:10,Montage 4
CityLine-0004,Fourche et direction,2026-09-01 07:48:54,2026-09-01 07:57:43,Montage 2
CityLine-0005,Lancement en production,2026-09-01 07:56:11,2026-09-01 07:56:11,Ordonnancement
CityLine-0005,Cadre et peinture,2026-09-01 07:56:11,2026-09-01 08:07:42,Peinture 1
CityLine-0004,Roues,2026-09-01 07:57:43,2026-09-01 08:05:43,Montage 3
CityLine-0001,Accessoires,2026-09-01 08:00:01,2026-09-01 08:06:35,Montage 6
CityLine-0006,Lancement en production,2026-09-01 08:05:15,2026-09-01 08:05:15,Ordonnancement
CityLine-0001,Contrôle final,2026-09-01 08:06:35,2026-09-01 08:14:00,Contrôle 7
CityLine-0005,Fourche et direction,2026-09-01 08:07:42,2026-09-01 08:14:16,Montage 2
CityLine-0006,Changement de couleur,2026-09-01 08:07:42,2026-09-01 08:52:42,Peinture 1
CityLine-0002,Freins,2026-09-01 08:08:10,2026-09-01 08:20:24,Montage 5
CityLine-0003,Transmission,2026-09-01 08:08:10,2026-09-01 08:21:18,Montage 4
CityLine-0001,Expédition,2026-09-01 08:14:00,2026-09-01 08:19:00,Expédition
CityLine-0005,Roues,2026-09-01 08:14:16,2026-09-01 08:25:05,Montage 3
CityLine-0007,Lancement en production,2026-09-01 08:14:48,2026-09-01 08:14:48,Ordonnancement
CityLine-0002,Accessoires,2026-09-01 08:20:24,2026-09-01 08:28:13,Montage 6
CityLine-0008,Lancement en production,2026-09-01 08:21:02,2026-09-01 08:21:02,Ordonnancement
CityLine-0003,Freins,2026-09-01 08:21:18,2026-09-01 08:32:37,Montage 5
CityLine-0004,Transmission,2026-09-01 08:21:18,2026-09-01 08:30:41,Montage 4
CityLine-0002,Contrôle final,2026-09-01 08:28:13,2026-09-01 08:33:56,Contrôle 7
CityLine-0005,Transmission,2026-09-01 08:30:41,2026-09-01 08:47:31,Montage 4
CityLine-0003,Accessoires,2026-09-01 08:32:37,2026-09-01 08:42:25,Montage 6
CityLine-0004,Freins,2026-09-01 08:32:37,2026-09-01 08:43:18,Montage 5
CityLine-0009,Lancement en production,2026-09-01 08:33:19,2026-09-01 08:33:19,Ordonnancement
CityLine-0002,Expédition,2026-09-01 08:33:56,2026-09-01 08:38:56,Expédition
CityLine-0003,Contrôle final,2026-09-01 08:42:25,2026-09-01 08:50:31,Contrôle 7
CityLine-0004,Accessoires,2026-09-01 08:43:18,2026-09-01 08:50:49,Montage 6
CityLine-0005,Freins,2026-09-01 08:47:31,2026-09-01 08:59:46,Montage 5
CityLine-0010,Lancement en production,2026-09-01 08:47:34,2026-09-01 08:47:34,Ordonnancement
CityLine-0003,Retouche peinture,2026-09-01 08:50:31,2026-09-01 09:04:52,Retouche 8
CityLine-0006,Cadre et peinture,2026-09-01 08:52:42,2026-09-01 09:05:13,Peinture 1
CityLine-0005,Accessoires,2026-09-01 08:59:46,2026-09-01 09:10:06,Montage 6
CityLine-0011,Lancement en production,2026-09-01 09:02:37,2026-09-01 09:02:37,Ordonnancement
CityLine-0003,Contrôle final,2026-09-01 09:04:52,2026-09-01 09:13:52,Contrôle 7
CityLine-0006,Fourche et direction,2026-09-01 09:05:13,2026-09-01 09:12:33,Montage 2
CityLine-0007,Cadre et peinture,2026-09-01 09:05:13,2026-09-01 09:17:47,Peinture 1
CityLine-0006,Roues,2026-09-01 09:12:33,2026-09-01 09:24:32,Montage 3
CityLine-0003,Expédition,2026-09-01 09:13:52,2026-09-01 09:18:52,Expédition
CityLine-0004,Contrôle final,2026-09-01 09:13:52,2026-09-01 09:21:58,Contrôle 7
CityLine-0007,Fourche et direction,2026-09-01 09:17:47,2026-09-01 09:25:39,Montage 2
CityLine-0008,Cadre et peinture,2026-09-01 09:17:47,2026-09-01 09:28:15,Peinture 1
CityLine-0004,Expédition,2026-09-01 09:21:58,2026-09-01 09:26:58,Expédition
CityLine-0005,Contrôle final,2026-09-01 09:21:58,2026-09-01 09:29:47,Contrôle 7
CityLine-0006,Transmission,2026-09-01 09:24:32,2026-09-01 09:41:31,Montage 4
CityLine-0007,Roues,2026-09-01 09:25:39,2026-09-01 09:33:50,Montage 3
CityLine-0008,Fourche et direction,2026-09-01 09:28:15,2026-09-01 09:37:05,Montage 2
CityLine-0009,Cadre et peinture,2026-09-01 09:28:15,2026-09-01 09:38:07,Peinture 1
CityLine-0005,Retouche peinture,2026-09-01 09:29:47,2026-09-01 09:45:43,Retouche 8
CityLine-0008,Roues,2026-09-01 09:37:05,2026-09-01 09:52:41,Montage 3
CityLine-0009,Fourche et direction,2026-09-01 09:38:07,2026-09-01 09:47:12,Montage 2
CityLine-0010,Cadre et peinture,2026-09-01 09:38:07,2026-09-01 09:48:52,Peinture 1
CityLine-0006,Freins,2026-09-01 09:41:31,2026-09-01 09:58:33,Montage 5
CityLine-0007,Transmission,2026-09-01 09:41:31,2026-09-01 09:57:35,Montage 4
CityLine-0005,Contrôle final,2026-09-01 09:45:43,2026-09-01 09:52:25,Contrôle 7
CityLine-0010,Fourche et direction,2026-09-01 09:48:52,2026-09-01 09:57:15,Montage 2
CityLine-0011,Changement de couleur,2026-09-01 09:48:52,2026-09-01 10:33:52,Peinture 1
CityLine-0005,Expédition,2026-09-01 09:52:25,2026-09-01 09:57:25,Expédition
CityLine-0009,Roues,2026-09-01 09:52:41,2026-09-01 10:02:15,Montage 3
CityLine-0008,Transmission,2026-09-01 09:57:35,2026-09-01 10:17:21,Montage 4
CityLine-0006,Accessoires,2026-09-01 09:58:33,2026-09-01 10:06:14,Montage 6
CityLine-0007,Freins,2026-09-01 09:58:33,2026-09-01 10:12:37,Montage 5
CityLine-0010,Roues,2026-09-01 10:02:15,2026-09-01 10:13:35,Montage 3
CityLine-0012,Lancement en production,2026-09-01 10:04:08,2026-09-01 10:04:08,Ordonnancement
CityLine-0006,Contrôle final,2026-09-01 10:06:14,2026-09-01 10:11:51,Contrôle 7
CityLine-0006,Retouche peinture,2026-09-01 10:11:51,2026-09-01 10:26:38,Retouche 8
CityLine-0007,Accessoires,2026-09-01 10:12:37,2026-09-01 10:19:17,Montage 6
CityLine-0008,Freins,2026-09-01 10:17:21,2026-09-01 10:28:02,Montage 5
CityLine-0009,Transmission,2026-09-01 10:17:21,2026-09-01 10:34:11,Montage 4
CityLine-0013,Lancement en production,2026-09-01 10:24:30,2026-09-01 10:24:30,Ordonnancement
CityLine-0006,Contrôle final,2026-09-01 10:26:38,2026-09-01 10:32:53,Contrôle 7
CityLine-0008,Accessoires,2026-09-01 10:28:02,2026-09-01 10:36:07,Montage 6
CityLine-0006,Expédition,2026-09-01 10:32:53,2026-09-01 10:37:53,Expédition
CityLine-0007,Contrôle final,2026-09-01 10:32:53,2026-09-01 10:39:56,Contrôle 7
CityLine-0011,Cadre et peinture,2026-09-01 10:33:52,2026-09-01 10:47:23,Peinture 1
CityLine-0009,Freins,2026-09-01 10:34:11,2026-09-01 10:42:13,Montage 5
CityLine-0010,Transmission,2026-09-01 10:34:11,2026-09-01 10:55:26,Montage 4
CityLine-0007,Expédition,2026-09-01 10:39:56,2026-09-01 10:44:56,Expédition
CityLine-0008,Contrôle final,2026-09-01 10:39:56,2026-09-01 10:45:53,Contrôle 7
CityLine-0009,Accessoires,2026-09-01 10:42:13,2026-09-01 10:49:27,Montage 6
CityLine-0008,Expédition,2026-09-01 10:45:53,2026-09-01 10:50:53,Expédition
CityLine-0011,Fourche et direction,2026-09-01 10:47:23,2026-09-01 10:54:52,Montage 2
CityLine-0012,Cadre et peinture,2026-09-01 10:47:23,2026-09-01 10:58:10,Peinture 1
CityLine-0009,Contrôle final,2026-09-01 10:49:27,2026-09-01 10:55:44,Contrôle 7
CityLine-0011,Roues,2026-09-01 10:54:52,2026-09-01 11:09:01,Montage 3
CityLine-0010,Freins,2026-09-01 10:55:26,2026-09-01 11:09:22,Montage 5
CityLine-0009,Expédition,2026-09-01 10:55:44,2026-09-01 11:00:44,Expédition
CityLine-0012,Fourche et direction,2026-09-01 10:58:10,2026-09-01 11:06:58,Montage 2
CityLine-0013,Cadre et peinture,2026-09-01 10:58:10,2026-09-01 11:07:22,Peinture 1
CityLine-0014,Lancement en production,2026-09-01 11:00:08,2026-09-01 11:00:08,Ordonnancement
CityLine-0015,Lancement en production,2026-09-01 11:02:53,2026-09-01 11:02:53,Ordonnancement
CityLine-0013,Fourche et direction,2026-09-01 11:07:22,2026-09-01 11:14:51,Montage 2
CityLine-0014,Cadre et peinture,2026-09-01 11:07:22,2026-09-01 11:15:47,Peinture 1
CityLine-0011,Transmission,2026-09-01 11:09:01,2026-09-01 11:27:10,Montage 4
CityLine-0012,Roues,2026-09-01 11:09:01,2026-09-01 11:18:56,Montage 3
CityLine-0010,Accessoires,2026-09-01 11:09:22,2026-09-01 11:18:49,Montage 6
CityLine-0016,Lancement en production,2026-09-01 11:10:21,2026-09-01 11:10:21,Ordonnancement
CityLine-0014,Fourche et direction,2026-09-01 11:15:47,2026-09-01 11:23:36,Montage 2
CityLine-0015,Cadre et peinture,2026-09-01 11:15:47,2026-09-01 11:23:32,Peinture 1
CityLine-0010,Contrôle final,2026-09-01 11:18:49,2026-09-01 11:24:32,Contrôle 7
CityLine-0013,Roues,2026-09-01 11:18:56,2026-09-01 11:30:08,Montage 3
CityLine-0016,Cadre et peinture,2026-09-01 11:23:32,2026-09-01 11:32:49,Peinture 1
CityLine-0015,Fourche et direction,2026-09-01 11:23:36,2026-09-01 11:31:53,Montage 2
CityLine-0010,Retouche peinture,2026-09-01 11:24:32,2026-09-01 11:32:55,Retouche 8
CityLine-0011,Freins,2026-09-01 11:27:10,2026-09-01 11:38:03,Montage 5
CityLine-0012,Transmission,2026-09-01 11:27:10,2026-09-01 11:42:56,Montage 4
CityLine-0017,Lancement en production,2026-09-01 11:28:06,2026-09-01 11:28:06,Ordonnancement
CityLine-0014,Roues,2026-09-01 11:30:08,2026-09-01 11:41:46,Montage 3
CityLine-0016,Fourche et direction,2026-09-01 11:32:49,2026-09-01 11:42:54,Montage 2
CityLine-0017,Changement de couleur,2026-09-01 11:32:49,2026-09-01 12:17:49,Peinture 1
CityLine-0010,Contrôle final,2026-09-01 11:32:55,2026-09-01 11:42:45,Contrôle 7
CityLine-0011,Accessoires,2026-09-01 11:38:03,2026-09-01 11:45:13,Montage 6
CityLine-0015,Roues,2026-09-01 11:41:46,2026-09-01 11:52:23,Montage 3
CityLine-0010,Expédition,2026-09-01 11:42:45,2026-09-01 11:47:45,Expédition
CityLine-0012,Freins,2026-09-01 11:42:56,2026-09-01 11:54:56,Montage 5
CityLine-0013,Transmission,2026-09-01 11:42:56,2026-09-01 11:56:45,Montage 4
CityLine-0011,Contrôle final,2026-09-01 11:45:13,2026-09-01 11:52:02,Contrôle 7
CityLine-0018,Lancement en production,2026-09-01 11:50:13,2026-09-01 11:50:13,Ordonnancement
CityLine-0011,Retouche peinture,2026-09-01 11:52:02,2026-09-01 12:10:53,Retouche 8
CityLine-0016,Roues,2026-09-01 11:52:23,2026-09-01 12:03:18,Montage 3
CityLine-0019,Lancement en production,2026-09-01 11:54:27,2026-09-01 11:54:27,Ordonnancement
CityLine-0012,Accessoires,2026-09-01 11:54:56,2026-09-01 12:06:44,Montage 6
CityLine-0013,Freins,2026-09-01 11:56:45,2026-09-01 12:09:13,Montage 5
CityLine-0014,Transmission,2026-09-01 11:56:45,2026-09-01 12:20:06,Montage 4
CityLine-0020,Lancement en production,2026-09-01 12:02:44,2026-09-01 12:02:44,Ordonnancement
CityLine-0013,Accessoires,2026-09-01 12:09:13,2026-09-01 12:16:16,Montage 6
CityLine-0011,Contrôle final,2026-09-01 12:10:53,2026-09-01 12:16:36,Contrôle 7
CityLine-0011,Expédition,2026-09-01 12:16:36,2026-09-01 12:21:36,Expédition
CityLine-0012,Contrôle final,2026-09-01 12:16:36,2026-09-01 12:22:17,Contrôle 7
CityLine-0017,Cadre et peinture,2026-09-01 12:17:49,2026-09-01 12:27:59,Peinture 1
CityLine-0014,Freins,2026-09-01 12:20:06,2026-09-01 12:28:29,Montage 5
CityLine-0015,Transmission,2026-09-01 12:20:06,2026-09-01 12:44:21,Montage 4
CityLine-0012,Expédition,2026-09-01 12:22:17,2026-09-01 12:27:17,Expédition
CityLine-0013,Contrôle final,2026-09-01 12:22:17,2026-09-01 12:30:24,Contrôle 7
CityLine-0017,Fourche et direction,2026-09-01 12:27:59,2026-09-01 12:36:59,Montage 2
CityLine-0018,Cadre et peinture,2026-09-01 12:27:59,2026-09-01 12:37:27,Peinture 1
CityLine-0014,Accessoires,2026-09-01 12:28:29,2026-09-01 12:39:05,Montage 6
CityLine-0013,Retouche peinture,2026-09-01 12:30:24,2026-09-01 12:45:24,Retouche 8
CityLine-0017,Roues,2026-09-01 12:36:59,2026-09-01 12:50:30,Montage 3
CityLine-0018,Fourche et direction,2026-09-01 12:37:27,2026-09-01 12:45:37,Montage 2
CityLine-0019,Cadre et peinture,2026-09-01 12:37:27,2026-09-01 12:49:01,Peinture 1
CityLine-0015,Freins,2026-09-01 12:44:21,2026-09-01 12:55:02,Montage 5
CityLine-0016,Transmission,2026-09-01 12:44:21,2026-09-01 12:58:33,Montage 4
CityLine-0013,Contrôle final,2026-09-01 12:45:24,2026-09-01 12:54:44,Contrôle 7
CityLine-0019,Fourche et direction,2026-09-01 12:49:01,2026-09-01 12:57:53,Montage 2
CityLine-0020,Cadre et peinture,2026-09-01 12:49:01,2026-09-01 12:58:56,Peinture 1
CityLine-0018,Roues,2026-09-01 12:50:30,2026-09-01 13:02:32,Montage 3
CityLine-0021,Lancement en production,2026-09-01 12:54:05,2026-09-01 12:54:05,Ordonnancement
CityLine-0013,Expédition,2026-09-01 12:54:44,2026-09-01 12:59:44,Expédition
CityLine-0014,Contrôle final,2026-09-01 12:54:44,2026-09-01 13:02:29,Contrôle 7
CityLine-0015,Accessoires,2026-09-01 12:55:02,2026-09-01 13:04:33,Montage 6
CityLine-0022,Lancement en production,2026-09-01 12:57:43,2026-09-01 12:57:43,Ordonnancement
CityLine-0016,Freins,2026-09-01 12:58:33,2026-09-01 13:11:33,Montage 5
CityLine-0017,Transmission,2026-09-01 12:58:33,2026-09-01 13:18:17,Montage 4
CityLine-0020,Fourche et direction,2026-09-01 12:58:56,2026-09-01 13:07:38,Montage 2
CityLine-0021,Cadre et peinture,2026-09-01 12:58:56,2026-09-01 13:05:35,Peinture 1
CityLine-0014,Retouche peinture,2026-09-01 13:02:29,2026-09-01 13:17:47,Retouche 8
CityLine-0019,Roues,2026-09-01 13:02:32,2026-09-01 13:11:34,Montage 3
CityLine-0022,Cadre et peinture,2026-09-01 13:05:35,2026-09-01 13:14:47,Peinture 1
CityLine-0021,Fourche et direction,2026-09-01 13:07:38,2026-09-01 13:16:38,Montage 2
CityLine-0016,Accessoires,2026-09-01 13:11:33,2026-09-01 13:21:23,Montage 6
CityLine-0020,Roues,2026-09-01 13:11:34,2026-09-01 13:21:25,Montage 3
CityLine-0022,Fourche et direction,2026-09-01 13:16:38,2026-09-01 13:23:38,Montage 2
CityLine-0014,Contrôle final,2026-09-01 13:17:47,2026-09-01 13:22:39,Contrôle 7
CityLine-0017,Freins,2026-09-01 13:18:17,2026-09-01 13:30:54,Montage 5
CityLine-0018,Transmission,2026-09-01 13:18:17,2026-09-01 13:39:53,Montage 4
CityLine-0021,Roues,2026-09-01 13:21:25,2026-09-01 13:31:49,Montage 3
CityLine-0014,Expédition,2026-09-01 13:22:39,2026-09-01 13:27:39,Expédition
CityLine-0015,Contrôle final,2026-09-01 13:22:39,2026-09-01 13:27:40,Contrôle 7
CityLine-0015,Expédition,2026-09-01 13:27:40,2026-09-01 13:32:40,Expédition
CityLine-0016,Contrôle final,2026-09-01 13:27:40,2026-09-01 13:35:17,Contrôle 7
CityLine-0023,Lancement en production,2026-09-01 13:28:22,2026-09-01 13:28:22,Ordonnancement
CityLine-0023,Changement de couleur,2026-09-01 13:28:22,2026-09-01 14:13:22,Peinture 1
CityLine-0017,Accessoires,2026-09-01 13:30:54,2026-09-01 13:43:23,Montage 6
CityLine-0022,Roues,2026-09-01 13:31:49,2026-09-01 13:42:56,Montage 3
CityLine-0016,Expédition,2026-09-01 13:35:17,2026-09-01 13:40:17,Expédition
CityLine-0018,Freins,2026-09-01 13:39:53,2026-09-01 13:50:47,Montage 5
CityLine-0019,Transmission,2026-09-01 13:39:53,2026-09-01 13:59:19,Montage 4
CityLine-0017,Contrôle final,2026-09-01 13:43:23,2026-09-01 13:50:42,Contrôle 7
CityLine-0024,Lancement en production,2026-09-01 13:45:41,2026-09-01 13:45:41,Ordonnancement
CityLine-0025,Lancement en production,2026-09-01 13:49:48,2026-09-01 13:49:48,Ordonnancement
CityLine-0017,Expédition,2026-09-01 13:50:42,2026-09-01 13:55:42,Expédition
CityLine-0018,Accessoires,2026-09-01 13:50:47,2026-09-01 13:56:59,Montage 6
CityLine-0018,Contrôle final,2026-09-01 13:56:59,2026-09-01 14:04:21,Contrôle 7
CityLine-0019,Freins,2026-09-01 13:59:19,2026-09-01 14:10:54,Montage 5
CityLine-0020,Transmission,2026-09-01 13:59:19,2026-09-01 14:18:23,Montage 4
CityLine-0018,Expédition,2026-09-01 14:04:21,2026-09-01 14:09:21,Expédition
CityLine-0026,Lancement en production,2026-09-01 14:07:19,2026-09-01 14:07:19,Ordonnancement
CityLine-0019,Accessoires,2026-09-01 14:10:54,2026-09-01 14:17:30,Montage 6
CityLine-0023,Cadre et peinture,2026-09-01 14:13:22,2026-09-01 14:21:34,Peinture 1
CityLine-0027,Lancement en production,2026-09-01 14:14:27,2026-09-01 14:14:27,Ordonnancement
CityLine-0019,Contrôle final,2026-09-01 14:17:30,2026-09-01 14:25:04,Contrôle 7
CityLine-0020,Freins,2026-09-01 14:18:23,2026-09-01 14:32:34,Montage 5
CityLine-0021,Transmission,2026-09-01 14:18:23,2026-09-01 14:35:50,Montage 4
CityLine-0023,Fourche et direction,2026-09-01 14:21:34,2026-09-01 14:29:59,Montage 2
CityLine-0024,Cadre et peinture,2026-09-01 14:21:34,2026-09-01 14:32:49,Peinture 1
CityLine-0019,Expédition,2026-09-01 14:25:04,2026-09-01 14:30:04,Expédition
CityLine-0023,Roues,2026-09-01 14:29:59,2026-09-01 14:47:15,Montage 3
CityLine-0020,Accessoires,2026-09-01 14:32:34,2026-09-01 14:40:25,Montage 6
CityLine-0024,Fourche et direction,2026-09-01 14:32:49,2026-09-01 14:38:30,Montage 2
CityLine-0025,Cadre et peinture,2026-09-01 14:32:49,2026-09-01 14:40:35,Peinture 1
CityLine-0021,Freins,2026-09-01 14:35:50,2026-09-01 14:51:57,Montage 5
CityLine-0022,Transmission,2026-09-01 14:35:50,2026-09-01 14:52:43,Montage 4
CityLine-0020,Contrôle final,2026-09-01 14:40:25,2026-09-01 14:47:54,Contrôle 7
CityLine-0025,Fourche et direction,2026-09-01 14:40:35,2026-09-01 14:47:22,Montage 2
CityLine-0026,Cadre et peinture,2026-09-01 14:40:35,2026-09-01 14:49:11,Peinture 1
CityLine-0024,Roues,2026-09-01 14:47:15,2026-09-01 14:57:23,Montage 3
CityLine-0020,Expédition,2026-09-01 14:47:54,2026-09-01 14:52:54,Expédition
CityLine-0026,Fourche et direction,2026-09-01 14:49:11,2026-09-01 14:53:51,Montage 2
CityLine-0027,Cadre et peinture,2026-09-01 14:49:11,2026-09-01 14:57:58,Peinture 1
CityLine-0021,Accessoires,2026-09-02 07:00:00,2026-09-02 07:08:59,Montage 6
CityLine-0022,Freins,2026-09-02 07:00:00,2026-09-02 07:12:26,Montage 5
CityLine-0023,Transmission,2026-09-02 07:00:00,2026-09-02 07:14:59,Montage 4
CityLine-0025,Roues,2026-09-02 07:00:00,2026-09-02 07:11:05,Montage 3
CityLine-0027,Fourche et direction,2026-09-02 07:00:00,2026-09-02 07:10:11,Montage 2
CityLine-0028,Lancement en production,2026-09-02 07:08:36,2026-09-02 07:08:36,Ordonnancement
CityLine-0028,Cadre et peinture,2026-09-02 07:08:36,2026-09-02 07:19:09,Peinture 1
CityLine-0021,Contrôle final,2026-09-02 07:08:59,2026-09-02 07:18:48,Contrôle 7
CityLine-0026,Roues,2026-09-02 07:11:05,2026-09-02 07:21:25,Montage 3
CityLine-0022,Accessoires,2026-09-02 07:12:26,2026-09-02 07:18:01,Montage 6
CityLine-0023,Freins,2026-09-02 07:14:59,2026-09-02 07:23:45,Montage 5
CityLine-0024,Transmission,2026-09-02 07:14:59,2026-09-02 07:36:44,Montage 4
CityLine-0021,Expédition,2026-09-02 07:18:48,2026-09-02 07:23:48,Expédition
CityLine-0022,Contrôle final,2026-09-02 07:18:48,2026-09-02 07:28:19,Contrôle 7
CityLine-0028,Fourche et direction,2026-09-02 07:19:09,2026-09-02 07:29:19,Montage 2
CityLine-0027,Roues,2026-09-02 07:21:25,2026-09-02 07:34:24,Montage 3
CityLine-0023,Accessoires,2026-09-02 07:23:45,2026-09-02 07:31:52,Montage 6
CityLine-0022,Expédition,2026-09-02 07:28:19,2026-09-02 07:33:19,Expédition
CityLine-0023,Contrôle final,2026-09-02 07:31:52,2026-09-02 07:39:28,Contrôle 7
CityLine-0028,Roues,2026-09-02 07:34:24,2026-09-02 07:42:37,Montage 3
CityLine-0024,Freins,2026-09-02 07:36:44,2026-09-02 07:49:44,Montage 5
CityLine-0025,Transmission,2026-09-02 07:36:44,2026-09-02 07:56:07,Montage 4
CityLine-0023,Expédition,2026-09-02 07:39:28,2026-09-02 07:44:28,Expédition
CityLine-0024,Accessoires,2026-09-02 07:49:44,2026-09-02 07:55:34,Montage 6
CityLine-0024,Contrôle final,2026-09-02 07:55:34,2026-09-02 08:02:31,Contrôle 7
CityLine-0025,Freins,2026-09-02 07:56:07,2026-09-02 08:09:22,Montage 5
CityLine-0026,Transmission,2026-09-02 07:56:07,2026-09-02 08:15:20,Montage 4
CityLine-0024,Retouche peinture,2026-09-02 08:02:31,2026-09-02 08:18:36,Retouche 8
CityLine-0025,Accessoires,2026-09-02 08:09:22,2026-09-02 08:17:36,Montage 6
CityLine-0026,Freins,2026-09-02 08:15:20,2026-09-02 08:30:38,Montage 5
CityLine-0027,Transmission,2026-09-02 08:15:20,2026-09-02 08:34:41,Montage 4
CityLine-0024,Contrôle final,2026-09-02 08:18:36,2026-09-02 08:25:28,Contrôle 7
CityLine-0024,Expédition,2026-09-02 08:25:28,2026-09-02 08:30:28,Expédition
CityLine-0025,Contrôle final,2026-09-02 08:25:28,2026-09-02 08:31:01,Contrôle 7
CityLine-0026,Accessoires,2026-09-02 08:30:38,2026-09-02 08:39:44,Montage 6
CityLine-0025,Expédition,2026-09-02 08:31:01,2026-09-02 08:36:01,Expédition
CityLine-0027,Freins,2026-09-02 08:34:41,2026-09-02 08:53:52,Montage 5
CityLine-0028,Transmission,2026-09-02 08:34:41,2026-09-02 08:51:10,Montage 4
CityLine-0029,Lancement en production,2026-09-02 08:35:49,2026-09-02 08:35:49,Ordonnancement
CityLine-0029,Changement de couleur,2026-09-02 08:35:49,2026-09-02 09:20:49,Peinture 1
CityLine-0026,Contrôle final,2026-09-02 08:39:44,2026-09-02 08:48:00,Contrôle 7
CityLine-0026,Expédition,2026-09-02 08:48:00,2026-09-02 08:53:00,Expédition
CityLine-0027,Accessoires,2026-09-02 08:53:52,2026-09-02 09:02:49,Montage 6
CityLine-0028,Freins,2026-09-02 08:53:52,2026-09-02 09:06:48,Montage 5
CityLine-0030,Lancement en production,2026-09-02 08:54:23,2026-09-02 08:54:23,Ordonnancement
CityLine-0031,Lancement en production,2026-09-02 08:56:19,2026-09-02 08:56:19,Ordonnancement
CityLine-0032,Lancement en production,2026-09-02 08:56:31,2026-09-02 08:56:31,Ordonnancement
CityLine-0027,Contrôle final,2026-09-02 09:02:49,2026-09-02 09:10:36,Contrôle 7
CityLine-0028,Accessoires,2026-09-02 09:06:48,2026-09-02 09:17:04,Montage 6
CityLine-0027,Expédition,2026-09-02 09:10:36,2026-09-02 09:15:36,Expédition
CityLine-0028,Contrôle final,2026-09-02 09:17:04,2026-09-02 09:22:22,Contrôle 7
CityLine-0029,Cadre et peinture,2026-09-02 09:20:49,2026-09-02 09:30:41,Peinture 1
CityLine-0028,Expédition,2026-09-02 09:22:22,2026-09-02 09:27:22,Expédition
CityLine-0029,Fourche et direction,2026-09-02 09:30:41,2026-09-02 09:38:32,Montage 2
CityLine-0030,Cadre et peinture,2026-09-02 09:30:41,2026-09-02 09:40:13,Peinture 1
CityLine-0029,Roues,2026-09-02 09:38:32,2026-09-02 09:50:13,Montage 3
CityLine-0030,Fourche et direction,2026-09-02 09:40:13,2026-09-02 09:48:01,Montage 2
CityLine-0031,Cadre et peinture,2026-09-02 09:40:13,2026-09-02 09:48:56,Peinture 1
CityLine-0033,Lancement en production,2026-09-02 09:42:22,2026-09-02 09:42:22,Ordonnancement
CityLine-0031,Fourche et direction,2026-09-02 09:48:56,2026-09-02 09:57:28,Montage 2
CityLine-0032,Cadre et peinture,2026-09-02 09:48:56,2026-09-02 09:56:39,Peinture 1
CityLine-0029,Transmission,2026-09-02 09:50:13,2026-09-02 10:05:32,Montage 4
CityLine-0030,Roues,2026-09-02 09:50:13,2026-09-02 09:59:55,Montage 3
CityLine-0033,Cadre et peinture,2026-09-02 09:56:39,2026-09-02 10:07:40,Peinture 1
CityLine-0032,Fourche et direction,2026-09-02 09:57:28,2026-09-02 10:08:07,Montage 2
CityLine-0031,Roues,2026-09-02 09:59:55,2026-09-02 10:14:19,Montage 3
CityLine-0034,Lancement en production,2026-09-02 10:01:45,2026-09-02 10:01:45,Ordonnancement
CityLine-0029,Freins,2026-09-02 10:05:32,2026-09-02 10:14:53,Montage 5
CityLine-0030,Transmission,2026-09-02 10:05:32,2026-09-02 10:21:39,Montage 4
CityLine-0034,Cadre et peinture,2026-09-02 10:07:40,2026-09-02 10:14:00,Peinture 1
CityLine-0033,Fourche et direction,2026-09-02 10:08:07,2026-09-02 10:13:23,Montage 2
CityLine-0034,Fourche et direction,2026-09-02 10:14:00,2026-09-02 10:23:53,Montage 2
CityLine-0032,Roues,2026-09-02 10:14:19,2026-09-02 10:27:11,Montage 3
CityLine-0029,Accessoires,2026-09-02 10:14:53,2026-09-02 10:20:37,Montage 6
CityLine-0029,Contrôle final,2026-09-02 10:20:37,2026-09-02 10:28:02,Contrôle 7
CityLine-0030,Freins,2026-09-02 10:21:39,2026-09-02 10:32:23,Montage 5
CityLine-0031,Transmission,2026-09-02 10:21:39,2026-09-02 10:39:33,Montage 4
CityLine-0033,Roues,2026-09-02 10:27:11,2026-09-02 10:39:16,Montage 3
CityLine-0029,Retouche peinture,2026-09-02 10:28:02,2026-09-02 10:44:02,Retouche 8
CityLine-0030,Accessoires,2026-09-02 10:32:23,2026-09-02 10:37:52,Montage 6
CityLine-0034,Roues,2026-09-02 10:39:16,2026-09-02 10:54:02,Montage 3
CityLine-0031,Freins,2026-09-02 10:39:33,2026-09-02 10:50:27,Montage 5
CityLine-0032,Transmission,2026-09-02 10:39:33,2026-09-02 11:00:38,Montage 4
CityLine-0029,Contrôle final,2026-09-02 10:44:02,2026-09-02 10:50:05,Contrôle 7
CityLine-0029,Expédition,2026-09-02 10:50:05,2026-09-02 10:55:05,Expédition
CityLine-0030,Contrôle final,2026-09-02 10:50:05,2026-09-02 10:57:16,Contrôle 7
CityLine-0031,Accessoires,2026-09-02 10:50:27,2026-09-02 10:58:29,Montage 6
CityLine-0035,Lancement en production,2026-09-02 10:55:10,2026-09-02 10:55:10,Ordonnancement
CityLine-0035,Changement de couleur,2026-09-02 10:55:10,2026-09-02 11:40:10,Peinture 1
CityLine-0030,Expédition,2026-09-02 10:57:16,2026-09-02 11:02:16,Expédition
CityLine-0031,Contrôle final,2026-09-02 10:58:29,2026-09-02 11:05:24,Contrôle 7
CityLine-0032,Freins,2026-09-02 11:00:38,2026-09-02 11:11:06,Montage 5
CityLine-0033,Transmission,2026-09-02 11:00:38,2026-09-02 11:17:06,Montage 4
CityLine-0031,Expédition,2026-09-02 11:05:24,2026-09-02 11:10:24,Expédition
CityLine-0032,Accessoires,2026-09-02 11:11:06,2026-09-02 11:21:11,Montage 6
CityLine-0033,Freins,2026-09-02 11:17:06,2026-09-02 11:29:07,Montage 5
CityLine-0034,Transmission,2026-09-02 11:17:06,2026-09-02 11:40:39,Montage 4
CityLine-0032,Contrôle final,2026-09-02 11:21:11,2026-09-02 11:26:45,Contrôle 7
CityLine-0032,Retouche peinture,2026-09-02 11:26:45,2026-09-02 11:43:21,Retouche 8
CityLine-0036,Lancement en production,2026-09-02 11:29:05,2026-09-02 11:29:05,Ordonnancement
CityLine-0033,Accessoires,2026-09-02 11:29:07,2026-09-02 11:38:52,Montage 6
CityLine-0035,Cadre et peinture,2026-09-02 11:40:10,2026-09-02 11:51:20,Peinture 1
CityLine-0034,Freins,2026-09-02 11:40:39,2026-09-02 11:48:13,Montage 5
CityLine-0032,Contrôle final,2026-09-02 11:43:21,2026-09-02 11:51:08,Contrôle 7
CityLine-0034,Accessoires,2026-09-02 11:48:13,2026-09-02 11:58:28,Montage 6
CityLine-0032,Expédition,2026-09-02 11:51:08,2026-09-02 11:56:08,Expédition
CityLine-0033,Contrôle final,2026-09-02 11:51:08,2026-09-02 11:58:37,Contrôle 7
CityLine-0035,Fourche et direction,2026-09-02 11:51:20,2026-09-02 11:56:36,Montage 2
CityLine-0036,Cadre et peinture,2026-09-02 11:51:20,2026-09-02 11:58:46,Peinture 1
CityLine-0035,Roues,2026-09-02 11:56:36,2026-09-02 12:08:11,Montage 3
CityLine-0033,Expédition,2026-09-02 11:58:37,2026-09-02 12:03:37,Expédition
CityLine-0034,Contrôle final,2026-09-02 11:58:37,2026-09-02 12:03:13,Contrôle 7
CityLine-0036,Fourche et direction,2026-09-02 11:58:46,2026-09-02 12:05:34,Montage 2
CityLine-0034,Retouche peinture,2026-09-02 12:03:13,2026-09-02 12:18:00,Retouche 8
CityLine-0035,Transmission,2026-09-02 12:08:11,2026-09-02 12:23:37,Montage 4
CityLine-0036,Roues,2026-09-02 12:08:11,2026-09-02 12:19:36,Montage 3
CityLine-0037,Lancement en production,2026-09-02 12:09:02,2026-09-02 12:09:02,Ordonnancement
CityLine-0037,Cadre et peinture,2026-09-02 12:09:02,2026-09-02 12:20:28,Peinture 1
CityLine-0038,Lancement en production,2026-09-02 12:12:59,2026-09-02 12:12:59,Ordonnancement
CityLine-0034,Contrôle final,2026-09-02 12:18:00,2026-09-02 12:23:53,Contrôle 7
CityLine-0037,Fourche et direction,2026-09-02 12:20:28,2026-09-02 12:28:14,Montage 2
CityLine-0038,Cadre et peinture,2026-09-02 12:20:28,2026-09-02 12:30:08,Peinture 1
CityLine-0035,Freins,2026-09-02 12:23:37,2026-09-02 12:35:52,Montage 5
CityLine-0036,Transmission,2026-09-02 12:23:37,2026-09-02 12:42:03,Montage 4
CityLine-0034,Expédition,2026-09-02 12:23:53,2026-09-02 12:28:53,Expédition
CityLine-0039,Lancement en production,2026-09-02 12:27:18,2026-09-02 12:27:18,Ordonnancement
CityLine-0037,Roues,2026-09-02 12:28:14,2026-09-02 12:37:58,Montage 3
CityLine-0038,Fourche et direction,2026-09-02 12:30:08,2026-09-02 12:39:14,Montage 2
CityLine-0039,Cadre et peinture,2026-09-02 12:30:08,2026-09-02 12:38:22,Peinture 1
CityLine-0035,Accessoires,2026-09-02 12:35:52,2026-09-02 12:44:07,Montage 6
CityLine-0038,Roues,2026-09-02 12:39:14,2026-09-02 12:49:52,Montage 3
CityLine-0039,Fourche et direction,2026-09-02 12:39:14,2026-09-02 12:48:29,Montage 2
CityLine-0036,Freins,2026-09-02 12:42:03,2026-09-02 12:52:33,Montage 5
CityLine-0037,Transmission,2026-09-02 12:42:03,2026-09-02 12:57:19,Montage 4
CityLine-0035,Contrôle final,2026-09-02 12:44:07,2026-09-02 12:52:50,Contrôle 7
CityLine-0040,Lancement en production,2026-09-02 12:49:31,2026-09-02 12:49:31,Ordonnancement
CityLine-0040,Cadre et peinture,2026-09-02 12:49:31,2026-09-02 12:58:50,Peinture 1
CityLine-0039,Roues,2026-09-02 12:49:52,2026-09-02 13:00:47,Montage 3
CityLine-0036,Accessoires,2026-09-02 12:52:33,2026-09-02 13:02:36,Montage 6
CityLine-0035,Expédition,2026-09-02 12:52:50,2026-09-02 12:57:50,Expédition
CityLine-0041,Lancement en production,2026-09-02 12:56:39,2026-09-02 12:56:39,Ordonnancement
CityLine-0037,Freins,2026-09-02 12:57:19,2026-09-02 13:11:58,Montage 5
CityLine-0038,Transmission,2026-09-02 12:57:19,2026-09-02 13:17:45,Montage 4
CityLine-0040,Fourche et direction,2026-09-02 12:58:50,2026-09-02 13:06:28,Montage 2
CityLine-0041,Changement de couleur,2026-09-02 12:58:50,2026-09-02 13:43:50,Peinture 1
CityLine-0036,Contrôle final,2026-09-02 13:02:36,2026-09-02 13:09:44,Contrôle 7
CityLine-0040,Roues,2026-09-02 13:06:28,2026-09-02 13:18:02,Montage 3
CityLine-0036,Expédition,2026-09-02 13:09:44,2026-09-02 13:14:44,Expédition
CityLine-0037,Accessoires,2026-09-02 13:11:58,2026-09-02 13:20:44,Montage 6
CityLine-0042,Lancement en production,2026-09-02 13:15:46,2026-09-02 13:15:46,Ordonnancement
CityLine-0038,Freins,2026-09-02 13:17:45,2026-09-02 13:31:12,Montage 5
CityLine-0039,Transmission,2026-09-02 13:17:45,2026-09-02 13:40:33,Montage 4
CityLine-0037,Contrôle final,2026-09-02 13:20:44,2026-09-02 13:28:19,Contrôle 7
CityLine-0043,Lancement en production,2026-09-02 13:28:17,2026-09-02 13:28:17,Ordonnancement
CityLine-0037,Expédition,2026-09-02 13:28:19,2026-09-02 13:33:19,Expédition
CityLine-0038,Accessoires,2026-09-02 13:31:12,2026-09-02 13:40:01,Montage 6
CityLine-0044,Lancement en production,2026-09-02 13:36:27,2026-09-02 13:36:27,Ordonnancement
CityLine-0038,Contrôle final,2026-09-02 13:40:01,2026-09-02 13:45:56,Contrôle 7
CityLine-0039,Freins,2026-09-02 13:40:33,2026-09-02 13:57:28,Montage 5
CityLine-0040,Transmission,2026-09-02 13:40:33,2026-09-02 13:56:51,Montage 4
CityLine-0041,Cadre et peinture,2026-09-02 13:43:50,2026-09-02 13:53:09,Peinture 1
CityLine-0038,Expédition,2026-09-02 13:45:56,2026-09-02 13:50:56,Expédition
CityLine-0045,Lancement en production,2026-09-02 13:49:20,2026-09-02 13:49:20,Ordonnancement
CityLine-0046,Lancement en production,2026-09-02 13:49:27,2026-09-02 13:49:27,Ordonnancement
CityLine-0047,Lancement en production,2026-09-02 13:50:29,2026-09-02 13:50:29,Ordonnancement
CityLine-0041,Fourche et direction,2026-09-02 13:53:09,2026-09-02 14:02:32,Montage 2
CityLine-0042,Cadre et peinture,2026-09-02 13:53:09,2026-09-02 14:02:10,Peinture 1
CityLine-0039,Accessoires,2026-09-02 13:57:28,2026-09-02 14:06:31,Montage 6
CityLine-0040,Freins,2026-09-02 13:57:28,2026-09-02 14:07:49,Montage 5
CityLine-0043,Cadre et peinture,2026-09-02 14:02:10,2026-09-02 14:11:00,Peinture 1
CityLine-0041,Roues,2026-09-02 14:02:32,2026-09-02 14:12:10,Montage 3
CityLine-0042,Fourche et direction,2026-09-02 14:02:32,2026-09-02 14:09:57,Montage 2
CityLine-0039,Contrôle final,2026-09-02 14:06:31,2026-09-02 14:11:34,Contrôle 7
CityLine-0040,Accessoires,2026-09-02 14:07:49,2026-09-02 14:15:35,Montage 6
CityLine-0048,Lancement en production,2026-09-02 14:09:27,2026-09-02 14:09:27,Ordonnancement
CityLine-0043,Fourche et direction,2026-09-02 14:11:00,2026-09-02 14:19:21,Montage 2
CityLine-0044,Cadre et peinture,2026-09-02 14:11:00,2026-09-02 14:22:06,Peinture 1
CityLine-0039,Expédition,2026-09-02 14:11:34,2026-09-02 14:16:34,Expédition
CityLine-0041,Transmission,2026-09-02 14:12:10,2026-09-02 14:31:30,Montage 4
CityLine-0042,Roues,2026-09-02 14:12:10,2026-09-02 14:25:32,Montage 3
CityLine-0049,Lancement en production,2026-09-02 14:15:27,2026-09-02 14:15:27,Ordonnancement
CityLine-0040,Contrôle final,2026-09-02 14:15:35,2026-09-02 14:24:50,Contrôle 7
CityLine-0044,Fourche et direction,2026-09-02 14:22:06,2026-09-02 14:31:06,Montage 2
CityLine-0045,Cadre et peinture,2026-09-02 14:22:06,2026-09-02 14:32:30,Peinture 1
CityLine-0050,Lancement en production,2026-09-02 14:23:09,2026-09-02 14:23:09,Ordonnancement
CityLine-0040,Expédition,2026-09-02 14:24:50,2026-09-02 14:29:50,Expédition
CityLine-0043,Roues,2026-09-02 14:25:32,2026-09-02 14:32:20,Montage 3
CityLine-0041,Freins,2026-09-02 14:31:30,2026-09-02 14:45:04,Montage 5
CityLine-0042,Transmission,2026-09-02 14:31:30,2026-09-02 14:51:54,Montage 4
CityLine-0044,Roues,2026-09-02 14:32:20,2026-09-02 14:40:20,Montage 3
CityLine-0045,Fourche et direction,2026-09-02 14:32:30,2026-09-02 14:40:03,Montage 2
CityLine-0046,Cadre et peinture,2026-09-02 14:32:30,2026-09-02 14:42:33,Peinture 1
CityLine-0051,Lancement en production,2026-09-02 14:38:48,2026-09-02 14:38:48,Ordonnancement
CityLine-0052,Lancement en production,2026-09-02 14:38:55,2026-09-02 14:38:55,Ordonnancement
CityLine-0045,Roues,2026-09-02 14:40:20,2026-09-02 14:48:57,Montage 3
CityLine-0046,Fourche et direction,2026-09-02 14:42:33,2026-09-02 14:50:34,Montage 2
CityLine-0041,Accessoires,2026-09-02 14:45:04,2026-09-02 14:55:17,Montage 6
CityLine-0046,Roues,2026-09-02 14:50:34,2026-09-02 14:58:11,Montage 3
CityLine-0053,Lancement en production,2026-09-02 14:57:24,2026-09-02 14:57:24,Ordonnancement
CityLine-0041,Contrôle final,2026-09-03 07:00:00,2026-09-03 07:08:45,Contrôle 7
CityLine-0042,Freins,2026-09-03 07:00:00,2026-09-03 07:12:00,Montage 5
CityLine-0043,Transmission,2026-09-03 07:00:00,2026-09-03 07:18:55,Montage 4
CityLine-0047,Changement de couleur,2026-09-03 07:00:00,2026-09-03 07:45:00,Peinture 1
CityLine-0054,Lancement en production,2026-09-03 07:00:08,2026-09-03 07:00:08,Ordonnancement
CityLine-0041,Expédition,2026-09-03 07:08:45,2026-09-03 07:13:45,Expédition
CityLine-0055,Lancement en production,2026-09-03 07:09:40,2026-09-03 07:09:40,Ordonnancement
CityLine-0042,Accessoires,2026-09-03 07:12:00,2026-09-03 07:19:04,Montage 6
CityLine-0056,Lancement en production,2026-09-03 07:18:17,2026-09-03 07:18:17,Ordonnancement
CityLine-0043,Freins,2026-09-03 07:18:55,2026-09-03 07:31:18,Montage 5
CityLine-0044,Transmission,2026-09-03 07:18:55,2026-09-03 07:35:38,Montage 4
CityLine-0042,Contrôle final,2026-09-03 07:19:04,2026-09-03 07:26:46,Contrôle 7
CityLine-0042,Expédition,2026-09-03 07:26:46,2026-09-03 07:31:46,Expédition
CityLine-0043,Accessoires,2026-09-03 07:31:18,2026-09-03 07:39:21,Montage 6
CityLine-0044,Freins,2026-09-03 07:35:38,2026-09-03 07:46:16,Montage 5
CityLine-0045,Transmission,2026-09-03 07:35:38,2026-09-03 07:55:43,Montage 4
CityLine-0043,Contrôle final,2026-09-03 07:39:21,2026-09-03 07:47:40,Contrôle 7
CityLine-0057,Lancement en production,2026-09-03 07:40:25,2026-09-03 07:40:25,Ordonnancement
CityLine-0047,Cadre et peinture,2026-09-03 07:45:00,2026-09-03 07:55:01,Peinture 1
CityLine-0044,Accessoires,2026-09-03 07:46:16,2026-09-03 07:55:23,Montage 6
CityLine-0043,Expédition,2026-09-03 07:47:40,2026-09-03 07:52:40,Expédition
CityLine-0047,Fourche et direction,2026-09-03 07:55:01,2026-09-03 08:05:48,Montage 2
CityLine-0048,Cadre et peinture,2026-09-03 07:55:01,2026-09-03 08:02:31,Peinture 1
CityLine-0044,Contrôle final,2026-09-03 07:55:23,2026-09-03 08:02:39,Contrôle 7
CityLine-0045,Freins,2026-09-03 07:55:43,2026-09-03 08:08:52,Montage 5
CityLine-0046,Transmission,2026-09-03 07:55:43,2026-09-03 08:16:09,Montage 4
CityLine-0049,Cadre et peinture,2026-09-03 08:02:31,2026-09-03 08:12:34,Peinture 1
CityLine-0044,Expédition,2026-09-03 08:02:39,2026-09-03 08:07:39,Expédition
CityLine-0047,Roues,2026-09-03 08:05:48,2026-09-03 08:13:23,Montage 3
CityLine-0048,Fourche et direction,2026-09-03 08:05:48,2026-09-03 08:13:29,Montage 2
CityLine-0045,Accessoires,2026-09-03 08:08:52,2026-09-03 08:20:13,Montage 6
CityLine-0050,Cadre et peinture,2026-09-03 08:12:34,2026-09-03 08:23:15,Peinture 1
CityLine-0048,Roues,2026-09-03 08:13:29,2026-09-03 08:22:10,Montage 3
CityLine-0049,Fourche et direction,2026-09-03 08:13:29,2026-09-03 08:23:32,Montage 2
CityLine-0046,Freins,2026-09-03 08:16:09,2026-09-03 08:29:33,Montage 5
CityLine-0047,Transmission,2026-09-03 08:16:09,2026-09-03 08:35:28,Montage 4
CityLine-0045,Contrôle final,2026-09-03 08:20:13,2026-09-03 08:26:16,Contrôle 7
CityLine-0051,Cadre et peinture,2026-09-03 08:23:15,2026-09-03 08:32:12,Peinture 1
CityLine-0049,Roues,2026-09-03 08:23:32,2026-09-03 08:34:46,Montage 3
CityLine-0050,Fourche et direction,2026-09-03 08:23:32,2026-09-03 08:30:46,Montage 2
CityLine-0045,Expédition,2026-09-03 08:26:16,2026-09-03 08:31:16,Expédition
CityLine-0046,Accessoires,2026-09-03 08:29:33,2026-09-03 08:40:23,Montage 6
CityLine-0051,Fourche et direction,2026-09-03 08:32:12,2026-09-03 08:40:42,Montage 2
CityLine-0052,Cadre et peinture,2026-09-03 08:32:12,2026-09-03 08:39:48,Peinture 1
CityLine-0050,Roues,2026-09-03 08:34:46,2026-09-03 08:45:30,Montage 3
CityLine-0047,Freins,2026-09-03 08:35:28,2026-09-03 08:44:18,Montage 5
CityLine-0048,Transmission,2026-09-03 08:35:28,2026-09-03 08:55:12,Montage 4
CityLine-0053,Changement de couleur,2026-09-03 08:39:48,2026-09-03 09:24:48,Peinture 1
CityLine-0046,Contrôle final,2026-09-03 08:40:23,2026-09-03 08:50:13,Contrôle 7
CityLine-0052,Fourche et direction,2026-09-03 08:40:42,2026-09-03 08:47:15,Montage 2
CityLine-0047,Accessoires,2026-09-03 08:44:18,2026-09-03 08:49:07,Montage 6
CityLine-0051,Roues,2026-09-03 08:45:30,2026-09-03 08:52:44,Montage 3
CityLine-0058,Lancement en production,2026-09-03 08:47:19,2026-09-03 08:47:19,Ordonnancement
CityLine-0059,Lancement en production,2026-09-03 08:48:54,2026-09-03 08:48:54,Ordonnancement
CityLine-0046,Expédition,2026-09-03 08:50:13,2026-09-03 08:55:13,Expédition
CityLine-0047,Contrôle final,2026-09-03 08:50:13,2026-09-03 08:54:40,Contrôle 7
CityLine-0052,Roues,2026-09-03 08:52:44,2026-09-03 09:06:24,Montage 3
CityLine-0047,Expédition,2026-09-03 08:54:40,2026-09-03 08:59:40,Expédition
CityLine-0048,Freins,2026-09-03 08:55:12,2026-09-03 09:04:50,Montage 5
CityLine-0049,Transmission,2026-09-03 08:55:12,2026-09-03 09:09:07,Montage 4
CityLine-0060,Lancement en production,2026-09-03 08:57:25,2026-09-03 08:57:25,Ordonnancement
CityLine-0048,Accessoires,2026-09-03 09:04:50,2026-09-03 09:15:58,Montage 6
CityLine-0049,Freins,2026-09-03 09:09:07,2026-09-03 09:19:55,Montage 5
CityLine-0050,Transmission,2026-09-03 09:09:07,2026-09-03 09:27:29,Montage 4
CityLine-0048,Contrôle final,2026-09-03 09:15:58,2026-09-03 09:21:43,Contrôle 7
CityLine-0049,Accessoires,2026-09-03 09:19:55,2026-09-03 09:27:59,Montage 6
CityLine-0048,Expédition,2026-09-03 09:21:43,2026-09-03 09:26:43,Expédition
CityLine-0053,Cadre et peinture,2026-09-03 09:24:48,2026-09-03 09:35:02,Peinture 1
CityLine-0050,Freins,2026-09-03 09:27:29,2026-09-03 09:42:47,Montage 5
CityLine-0051,Transmission,2026-09-03 09:27:29,2026-09-03 09:48:36,Montage 4
CityLine-0049,Contrôle final,2026-09-03 09:27:59,2026-09-03 09:35:54,Contrôle 7
CityLine-0061,Lancement en production,2026-09-03 09:32:43,2026-09-03 09:32:43,Ordonnancement
CityLine-0053,Fourche et direction,2026-09-03 09:35:02,2026-09-03 09:44:02,Montage 2
CityLine-0054,Cadre et peinture,2026-09-03 09:35:02,2026-09-03 09:45:39,Peinture 1
CityLine-0049,Expédition,2026-09-03 09:35:54,2026-09-03 09:40:54,Expédition
CityLine-0050,Accessoires,2026-09-03 09:42:47,2026-09-03 09:51:37,Montage 6
CityLine-0053,Roues,2026-09-03 09:44:02,2026-09-03 09:54:35,Montage 3
CityLine-0054,Fourche et direction,2026-09-03 09:45:39,2026-09-03 09:53:24,Montage 2
CityLine-0055,Cadre et peinture,2026-09-03 09:45:39,2026-09-03 09:56:01,Peinture 1
CityLine-0051,Freins,2026-09-03 09:48:36,2026-09-03 09:57:43,Montage 5
CityLine-0052,Transmission,2026-09-03 09:48:36,2026-09-03 10:11:10,Montage 4
CityLine-0050,Contrôle final,2026-09-03 09:51:37,2026-09-03 09:58:11,Contrôle 7
CityLine-0054,Roues,2026-09-03 09:54:35,2026-09-03 10:05:16,Montage 3
CityLine-0055,Fourche et direction,2026-09-03 09:56:01,2026-09-03 10:05:16,Montage 2
CityLine-0056,Cadre et peinture,2026-09-03 09:56:01,2026-09-03 10:04:07,Peinture 1
CityLine-0051,Accessoires,2026-09-03 09:57:43,2026-09-03 10:05:27,Montage 6
CityLine-0050,Expédition,2026-09-03 09:58:11,2026-09-03 10:03:11,Expédition
CityLine-0062,Lancement en production,2026-09-03 09:58:58,2026-09-03 09:58:58,Ordonnancement
CityLine-0057,Cadre et peinture,2026-09-03 10:04:07,2026-09-03 10:12:58,Peinture 1
CityLine-0055,Roues,2026-09-03 10:05:16,2026-09-03 10:16:24,Montage 3
CityLine-0056,Fourche et direction,2026-09-03 10:05:16,2026-09-03 10:11:48,Montage 2
CityLine-0051,Contrôle final,2026-09-03 10:05:27,2026-09-03 10:13:47,Contrôle 7
CityLine-0052,Freins,2026-09-03 10:11:10,2026-09-03 10:18:54,Montage 5
CityLine-0053,Transmission,2026-09-03 10:11:10,2026-09-03 10:29:15,Montage 4
CityLine-0057,Fourche et direction,2026-09-03 10:12:58,2026-09-03 10:20:34,Montage 2
CityLine-0058,Cadre et peinture,2026-09-03 10:12:58,2026-09-03 10:22:04,Peinture 1
CityLine-0051,Expédition,2026-09-03 10:13:47,2026-09-03 10:18:47,Expédition
CityLine-0056,Roues,2026-09-03 10:16:24,2026-09-03 10:24:37,Montage 3
CityLine-0063,Lancement en production,2026-09-03 10:17:49,2026-09-03 10:17:49,Ordonnancement
CityLine-0052,Accessoires,2026-09-03 10:18:54,2026-09-03 10:25:34,Montage 6
CityLine-0058,Fourche et direction,2026-09-03 10:22:04,2026-09-03 10:30:20,Montage 2
CityLine-0059,Changement de couleur,2026-09-03 10:22:04,2026-09-03 11:07:04,Peinture 1
CityLine-0064,Lancement en production,2026-09-03 10:24:17,2026-09-03 10:24:17,Ordonnancement
CityLine-0057,Roues,2026-09-03 10:24:37,2026-09-03 10:34:33,Montage 3
CityLine-0052,Contrôle final,2026-09-03 10:25:34,2026-09-03 10:33:35,Contrôle 7
CityLine-0053,Freins,2026-09-03 10:29:15,2026-09-03 10:39:34,Montage 5
CityLine-0054,Transmission,2026-09-03 10:29:15,2026-09-03 10:43:47,Montage 4
CityLine-0052,Expédition,2026-09-03 10:33:35,2026-09-03 10:38:35,Expédition
CityLine-0058,Roues,2026-09-03 10:34:33,2026-09-03 10:45:50,Montage 3
CityLine-0053,Accessoires,2026-09-03 10:39:34,2026-09-03 10:50:40,Montage 6
CityLine-0054,Freins,2026-09-03 10:43:47,2026-09-03 10:57:30,Montage 5
CityLine-0055,Transmission,2026-09-03 10:43:47,2026-09-03 10:58:27,Montage 4
CityLine-0065,Lancement en production,2026-09-03 10:45:03,2026-09-03 10:45:03,Ordonnancement
CityLine-0053,Contrôle final,2026-09-03 10:50:40,2026-09-03 10:57:02,Contrôle 7
CityLine-0066,Lancement en production,2026-09-03 10:56:08,2026-09-03 10:56:08,Ordonnancement
CityLine-0053,Expédition,2026-09-03 10:57:02,2026-09-03 11:02:02,Expédition
CityLine-0054,Accessoires,2026-09-03 10:57:30,2026-09-03 11:08:48,Montage 6
CityLine-0055,Freins,2026-09-03 10:58:27,2026-09-03 11:10:30,Montage 5
CityLine-0056,Transmission,2026-09-03 10:58:27,2026-09-03 11:13:07,Montage 4
CityLine-0067,Lancement en production,2026-09-03 10:58:41,2026-09-03 10:58:41,Ordonnancement
CityLine-0068,Lancement en production,2026-09-03 11:00:48,2026-09-03 11:00:48,Ordonnancement
CityLine-0059,Cadre et peinture,2026-09-03 11:07:04,2026-09-03 11:16:09,Peinture 1
CityLine-0054,Contrôle final,2026-09-03 11:08:48,2026-09-03 11:16:06,Contrôle 7
CityLine-0055,Accessoires,2026-09-03 11:10:30,2026-09-03 11:16:26,Montage 6
CityLine-0056,Freins,2026-09-03 11:13:07,2026-09-03 11:22:10,Montage 5
CityLine-0057,Transmission,2026-09-03 11:13:07,2026-09-03 11:25:42,Montage 4
CityLine-0054,Retouche peinture,2026-09-03 11:16:06,2026-09-03 11:30:15,Retouche 8
CityLine-0059,Fourche et direction,2026-09-03 11:16:09,2026-09-03 11:22:16,Montage 2
CityLine-0060,Cadre et peinture,2026-09-03 11:16:09,2026-09-03 11:29:43,Peinture 1
CityLine-0069,Lancement en production,2026-09-03 11:16:55,2026-09-03 11:16:55,Ordonnancement
CityLine-0070,Lancement en production,2026-09-03 11:17:59,2026-09-03 11:17:59,Ordonnancement
CityLine-0056,Accessoires,2026-09-03 11:22:10,2026-09-03 11:32:12,Montage 6
CityLine-0059,Roues,2026-09-03 11:22:16,2026-09-03 11:36:00,Montage 3
CityLine-0071,Lancement en production,2026-09-03 11:25:13,2026-09-03 11:25:13,Ordonnancement
CityLine-0057,Freins,2026-09-03 11:25:42,2026-09-03 11:39:10,Montage 5
CityLine-0058,Transmission,2026-09-03 11:25:42,2026-09-03 11:41:40,Montage 4
CityLine-0060,Fourche et direction,2026-09-03 11:29:43,2026-09-03 11:36:28,Montage 2
CityLine-0061,Cadre et peinture,2026-09-03 11:29:43,2026-09-03 11:39:12,Peinture 1
CityLine-0054,Contrôle final,2026-09-03 11:30:15,2026-09-03 11:37:21,Contrôle 7
CityLine-0060,Roues,2026-09-03 11:36:28,2026-09-03 11:48:18,Montage 3
CityLine-0054,Expédition,2026-09-03 11:37:21,2026-09-03 11:42:21,Expédition
CityLine-0055,Contrôle final,2026-09-03 11:37:21,2026-09-03 11:44:21,Contrôle 7
CityLine-0057,Accessoires,2026-09-03 11:39:10,2026-09-03 11:50:06,Montage 6
CityLine-0061,Fourche et direction,2026-09-03 11:39:12,2026-09-03 11:45:43,Montage 2
CityLine-0062,Cadre et peinture,2026-09-03 11:39:12,2026-09-03 11:48:43,Peinture 1
CityLine-0058,Freins,2026-09-03 11:41:40,2026-09-03 11:56:40,Montage 5
CityLine-0059,Transmission,2026-09-03 11:41:40,2026-09-03 12:02:44,Montage 4
CityLine-0055,Retouche peinture,2026-09-03 11:44:21,2026-09-03 12:00:28,Retouche 8
CityLine-0061,Roues,2026-09-03 11:48:18,2026-09-03 11:58:46,Montage 3
CityLine-0062,Fourche et direction,2026-09-03 11:48:43,2026-09-03 11:56:23,Montage 2
CityLine-0063,Cadre et peinture,2026-09-03 11:48:43,2026-09-03 11:58:24,Peinture 1
CityLine-0058,Accessoires,2026-09-03 11:56:40,2026-09-03 12:07:14,Montage 6
CityLine-0063,Fourche et direction,2026-09-03 11:58:24,2026-09-03 12:06:38,Montage 2
CityLine-0064,Changement de couleur,2026-09-03 11:58:24,2026-09-03 12:43:24,Peinture 1
CityLine-0062,Roues,2026-09-03 11:58:46,2026-09-03 12:13:37,Montage 3
CityLine-0055,Contrôle final,2026-09-03 12:00:28,2026-09-03 12:02:12,Contrôle 7
CityLine-0055,Expédition,2026-09-03 12:02:12,2026-09-03 12:07:12,Expédition
CityLine-0056,Contrôle final,2026-09-03 12:02:12,2026-09-03 12:08:56,Contrôle 7
CityLine-0059,Freins,2026-09-03 12:02:44,2026-09-03 12:16:27,Montage 5
CityLine-0060,Transmission,2026-09-03 12:02:44,2026-09-03 12:17:35,Montage 4
CityLine-0072,Lancement en production,2026-09-03 12:04:34,2026-09-03 12:04:34,Ordonnancement
CityLine-0056,Retouche peinture,2026-09-03 12:08:56,2026-09-03 12:24:45,Retouche 8
CityLine-0073,Lancement en production,2026-09-03 12:09:19,2026-09-03 12:09:19,Ordonnancement
CityLine-0063,Roues,2026-09-03 12:13:37,2026-09-03 12:25:22,Montage 3
CityLine-0059,Accessoires,2026-09-03 12:16:27,2026-09-03 12:23:41,Montage 6
CityLine-0060,Freins,2026-09-03 12:17:35,2026-09-03 12:29:31,Montage 5
CityLine-0061,Transmission,2026-09-03 12:17:35,2026-09-03 12:27:06,Montage 4
CityLine-0056,Contrôle final,2026-09-03 12:24:45,2026-09-03 12:32:17,Contrôle 7
CityLine-0062,Transmission,2026-09-03 12:27:06,2026-09-03 12:45:32,Montage 4
CityLine-0060,Accessoires,2026-09-03 12:29:31,2026-09-03 12:40:16,Montage 6
CityLine-0061,Freins,2026-09-03 12:29:31,2026-09-03 12:41:01,Montage 5
CityLine-0056,Expédition,2026-09-03 12:32:17,2026-09-03 12:37:17,Expédition
CityLine-0057,Contrôle final,2026-09-03 12:32:17,2026-09-03 12:39:16,Contrôle 7
CityLine-0074,Lancement en production,2026-09-03 12:33:51,2026-09-03 12:33:51,Ordonnancement
CityLine-0057,Expédition,2026-09-03 12:39:16,2026-09-03 12:44:16,Expédition
CityLine-0058,Contrôle final,2026-09-03 12:39:16,2026-09-03 12:45:56,Contrôle 7
CityLine-0061,Accessoires,2026-09-03 12:41:01,2026-09-03 12:52:56,Montage 6
CityLine-0064,Cadre et peinture,2026-09-03 12:43:24,2026-09-03 12:56:32,Peinture 1
CityLine-0062,Freins,2026-09-03 12:45:32,2026-09-03 12:56:44,Montage 5
CityLine-0063,Transmission,2026-09-03 12:45:32,2026-09-03 13:01:41,Montage 4
CityLine-0058,Expédition,2026-09-03 12:45:56,2026-09-03 12:50:56,Expédition
CityLine-0059,Contrôle final,2026-09-03 12:45:56,2026-09-03 12:55:34,Contrôle 7
CityLine-0059,Expédition,2026-09-03 12:55:34,2026-09-03 13:00:34,Expédition
CityLine-0060,Contrôle final,2026-09-03 12:55:34,2026-09-03 13:00:40,Contrôle 7
CityLine-0064,Fourche et direction,2026-09-03 12:56:32,2026-09-03 13:08:01,Montage 2
CityLine-0065,Cadre et peinture,2026-09-03 12:56:32,2026-09-03 13:03:20,Peinture 1
CityLine-0062,Accessoires,2026-09-03 12:56:44,2026-09-03 13:06:38,Montage 6
CityLine-0060,Retouche peinture,2026-09-03 13:00:40,2026-09-03 13:19:23,Retouche 8
CityLine-0063,Freins,2026-09-03 13:01:41,2026-09-03 13:14:36,Montage 5
CityLine-0066,Cadre et peinture,2026-09-03 13:03:20,2026-09-03 13:12:20,Peinture 1
CityLine-0064,Roues,2026-09-03 13:08:01,2026-09-03 13:19:20,Montage 3
CityLine-0065,Fourche et direction,2026-09-03 13:08:01,2026-09-03 13:16:10,Montage 2
CityLine-0067,Cadre et peinture,2026-09-03 13:12:20,2026-09-03 13:19:22,Peinture 1
CityLine-0063,Accessoires,2026-09-03 13:14:36,2026-09-03 13:26:25,Montage 6
CityLine-0066,Fourche et direction,2026-09-03 13:16:10,2026-09-03 13:24:08,Montage 2
CityLine-0064,Transmission,2026-09-03 13:19:20,2026-09-03 13:41:29,Montage 4
CityLine-0065,Roues,2026-09-03 13:19:20,2026-09-03 13:31:30,Montage 3
CityLine-0068,Cadre et peinture,2026-09-03 13:19:22,2026-09-03 13:29:03,Peinture 1
CityLine-0060,Contrôle final,2026-09-03 13:19:23,2026-09-03 13:25:57,Contrôle 7
CityLine-0067,Fourche et direction,2026-09-03 13:24:08,2026-09-03 13:31:35,Montage 2
CityLine-0060,Expédition,2026-09-03 13:25:57,2026-09-03 13:30:57,Expédition
CityLine-0061,Contrôle final,2026-09-03 13:25:57,2026-09-03 13:31:32,Contrôle 7
CityLine-0075,Lancement en production,2026-09-03 13:28:07,2026-09-03 13:28:07,Ordonnancement
CityLine-0069,Cadre et peinture,2026-09-03 13:29:03,2026-09-03 13:38:44,Peinture 1
CityLine-0066,Roues,2026-09-03 13:31:30,2026-09-03 13:40:43,Montage 3
CityLine-0061,Expédition,2026-09-03 13:31:32,2026-09-03 13:36:32,Expédition
CityLine-0062,Contrôle final,2026-09-03 13:31:32,2026-09-03 13:37:54,Contrôle 7
CityLine-0068,Fourche et direction,2026-09-03 13:31:35,2026-09-03 13:39:57,Montage 2
CityLine-0062,Expédition,2026-09-03 13:37:54,2026-09-03 13:42:54,Expédition
CityLine-0063,Contrôle final,2026-09-03 13:37:54,2026-09-03 13:43:30,Contrôle 7
CityLine-0070,Changement de couleur,2026-09-03 13:38:44,2026-09-03 14:23:44,Peinture 1
CityLine-0069,Fourche et direction,2026-09-03 13:39:57,2026-09-03 13:47:14,Montage 2
CityLine-0067,Roues,2026-09-03 13:40:43,2026-09-03 13:52:16,Montage 3
CityLine-0064,Freins,2026-09-03 13:41:29,2026-09-03 13:55:15,Montage 5
CityLine-0065,Transmission,2026-09-03 13:41:29,2026-09-03 14:00:31,Montage 4
CityLine-0063,Expédition,2026-09-03 13:43:30,2026-09-03 13:48:30,Expédition
CityLine-0076,Lancement en production,2026-09-03 13:44:58,2026-09-03 13:44:58,Ordonnancement
CityLine-0077,Lancement en production,2026-09-03 13:46:38,2026-09-03 13:46:38,Ordonnancement
CityLine-0068,Roues,2026-09-03 13:52:16,2026-09-03 14:04:36,Montage 3
CityLine-0064,Accessoires,2026-09-03 13:55:15,2026-09-03 14:01:32,Montage 6
CityLine-0065,Freins,2026-09-03 14:00:31,2026-09-03 14:11:52,Montage 5
CityLine-0066,Transmission,2026-09-03 14:00:31,2026-09-03 14:17:33,Montage 4
CityLine-0064,Contrôle final,2026-09-03 14:01:32,2026-09-03 14:08:41,Contrôle 7
CityLine-0069,Roues,2026-09-03 14:04:36,2026-09-03 14:17:10,Montage 3
CityLine-0064,Expédition,2026-09-03 14:08:41,2026-09-03 14:13:41,Expédition
CityLine-0065,Accessoires,2026-09-03 14:11:52,2026-09-03 14:19:34,Montage 6
CityLine-0066,Freins,2026-09-03 14:17:33,2026-09-03 14:27:55,Montage 5
CityLine-0067,Transmission,2026-09-03 14:17:33,2026-09-03 14:37:23,Montage 4
CityLine-0065,Contrôle final,2026-09-03 14:19:34,2026-09-03 14:25:19,Contrôle 7
CityLine-0070,Cadre et peinture,2026-09-03 14:23:44,2026-09-03 14:34:07,Peinture 1
CityLine-0065,Expédition,2026-09-03 14:25:19,2026-09-03 14:30:19,Expédition
CityLine-0066,Accessoires,2026-09-03 14:27:55,2026-09-03 14:36:54,Montage 6
CityLine-0070,Fourche et direction,2026-09-03 14:34:07,2026-09-03 14:43:38,Montage 2
CityLine-0071,Cadre et peinture,2026-09-03 14:34:07,2026-09-03 14:45:01,Peinture 1
CityLine-0066,Contrôle final,2026-09-03 14:36:54,2026-09-03 14:44:33,Contrôle 7
CityLine-0067,Freins,2026-09-03 14:37:23,2026-09-03 14:45:56,Montage 5
CityLine-0068,Transmission,2026-09-03 14:37:23,2026-09-03 14:55:24,Montage 4
CityLine-0070,Roues,2026-09-03 14:43:38,2026-09-03 14:53:49,Montage 3
CityLine-0066,Expédition,2026-09-03 14:44:33,2026-09-03 14:49:33,Expédition
CityLine-0071,Fourche et direction,2026-09-03 14:45:01,2026-09-03 14:52:59,Montage 2
CityLine-0072,Cadre et peinture,2026-09-03 14:45:01,2026-09-03 14:54:44,Peinture 1
CityLine-0067,Accessoires,2026-09-03 14:45:56,2026-09-03 14:55:11,Montage 6
CityLine-0067,Contrôle final,2026-09-04 07:00:00,2026-09-04 07:08:31,Contrôle 7
CityLine-0068,Freins,2026-09-04 07:00:00,2026-09-04 07:12:19,Montage 5
CityLine-0069,Transmission,2026-09-04 07:00:00,2026-09-04 07:15:02,Montage 4
CityLine-0071,Roues,2026-09-04 07:00:00,2026-09-04 07:11:14,Montage 3
CityLine-0072,Fourche et direction,2026-09-04 07:00:00,2026-09-04 07:09:13,Montage 2
CityLine-0073,Cadre et peinture,2026-09-04 07:00:00,2026-09-04 07:09:26,Peinture 1
CityLine-0067,Expédition,2026-09-04 07:08:31,2026-09-04 07:13:31,Expédition
CityLine-0073,Fourche et direction,2026-09-04 07:09:26,2026-09-04 07:16:43,Montage 2
CityLine-0074,Cadre et peinture,2026-09-04 07:09:26,2026-09-04 07:18:36,Peinture 1
CityLine-0072,Roues,2026-09-04 07:11:14,2026-09-04 07:22:08,Montage 3
CityLine-0068,Accessoires,2026-09-04 07:12:19,2026-09-04 07:20:03,Montage 6
CityLine-0069,Freins,2026-09-04 07:15:02,2026-09-04 07:29:00,Montage 5
CityLine-0070,Transmission,2026-09-04 07:15:02,2026-09-04 07:34:14,Montage 4
CityLine-0074,Fourche et direction,2026-09-04 07:18:36,2026-09-04 07:26:08,Montage 2
CityLine-0075,Cadre et peinture,2026-09-04 07:18:36,2026-09-04 07:26:35,Peinture 1
CityLine-0068,Contrôle final,2026-09-04 07:20:03,2026-09-04 07:26:50,Contrôle 7
CityLine-0073,Roues,2026-09-04 07:22:08,2026-09-04 07:33:29,Montage 3
CityLine-0075,Fourche et direction,2026-09-04 07:26:35,2026-09-04 07:35:24,Montage 2
CityLine-0076,Changement de couleur,2026-09-04 07:26:35,2026-09-04 08:11:35,Peinture 1
CityLine-0068,Expédition,2026-09-04 07:26:50,2026-09-04 07:31:50,Expédition
CityLine-0069,Accessoires,2026-09-04 07:29:00,2026-09-04 07:36:29,Montage 6
CityLine-0074,Roues,2026-09-04 07:33:29,2026-09-04 07:42:24,Montage 3
CityLine-0070,Freins,2026-09-04 07:34:14,2026-09-04 07:44:16,Montage 5
CityLine-0071,Transmission,2026-09-04 07:34:14,2026-09-04 07:47:39,Montage 4
CityLine-0069,Contrôle final,2026-09-04 07:36:29,2026-09-04 07:42:09,Contrôle 7
CityLine-0069,Expédition,2026-09-04 07:42:09,2026-09-04 07:47:09,Expédition
CityLine-0075,Roues,2026-09-04 07:42:24,2026-09-04 07:50:49,Montage 3
CityLine-0070,Accessoires,2026-09-04 07:44:16,2026-09-04 07:55:18,Montage 6
CityLine-0071,Freins,2026-09-04 07:47:39,2026-09-04 08:00:03,Montage 5
CityLine-0072,Transmission,2026-09-04 07:47:39,2026-09-04 08:02:15,Montage 4
CityLine-0070,Contrôle final,2026-09-04 07:55:18,2026-09-04 08:03:06,Contrôle 7
CityLine-0071,Accessoires,2026-09-04 08:00:03,2026-09-04 08:07:56,Montage 6
CityLine-0072,Freins,2026-09-04 08:02:15,2026-09-04 08:12:13,Montage 5
CityLine-0073,Transmission,2026-09-04 08:02:15,2026-09-04 08:21:09,Montage 4
CityLine-0070,Retouche peinture,2026-09-04 08:03:06,2026-09-04 08:20:09,Retouche 8
CityLine-0076,Cadre et peinture,2026-09-04 08:11:35,2026-09-04 08:22:55,Peinture 1
CityLine-0072,Accessoires,2026-09-04 08:12:13,2026-09-04 08:20:58,Montage 6
CityLine-0070,Contrôle final,2026-09-04 08:20:09,2026-09-04 08:28:28,Contrôle 7
CityLine-0073,Freins,2026-09-04 08:21:09,2026-09-04 08:35:31,Montage 5
CityLine-0074,Transmission,2026-09-04 08:21:09,2026-09-04 08:36:09,Montage 4
CityLine-0078,Lancement en production,2026-09-04 08:21:47,2026-09-04 08:21:47,Ordonnancement
CityLine-0076,Fourche et direction,2026-09-04 08:22:55,2026-09-04 08:30:45,Montage 2
CityLine-0077,Cadre et peinture,2026-09-04 08:22:55,2026-09-04 08:34:47,Peinture 1
CityLine-0079,Lancement en production,2026-09-04 08:25:47,2026-09-04 08:25:47,Ordonnancement
CityLine-0070,Expédition,2026-09-04 08:28:28,2026-09-04 08:33:28,Expédition
CityLine-0071,Contrôle final,2026-09-04 08:28:28,2026-09-04 08:34:06,Contrôle 7
CityLine-0076,Roues,2026-09-04 08:30:45,2026-09-04 08:42:44,Montage 3
CityLine-0071,Expédition,2026-09-04 08:34:06,2026-09-04 08:39:06,Expédition
CityLine-0072,Contrôle final,2026-09-04 08:34:06,2026-09-04 08:38:03,Contrôle 7
CityLine-0077,Fourche et direction,2026-09-04 08:34:47,2026-09-04 08:43:09,Montage 2
CityLine-0078,Cadre et peinture,2026-09-04 08:34:47,2026-09-04 08:42:45,Peinture 1
CityLine-0073,Accessoires,2026-09-04 08:35:31,2026-09-04 08:44:33,Montage 6
CityLine-0074,Freins,2026-09-04 08:36:09,2026-09-04 08:43:37,Montage 5
CityLine-0075,Transmission,2026-09-04 08:36:09,2026-09-04 08:48:20,Montage 4
CityLine-0072,Expédition,2026-09-04 08:38:03,2026-09-04 08:43:03,Expédition
CityLine-0079,Cadre et peinture,2026-09-04 08:42:45,2026-09-04 08:50:34,Peinture 1
CityLine-0077,Roues,2026-09-04 08:43:09,2026-09-04 08:53:30,Montage 3
CityLine-0078,Fourche et direction,2026-09-04 08:43:09,2026-09-04 08:50:37,Montage 2
CityLine-0073,Contrôle final,2026-09-04 08:44:33,2026-09-04 08:50:41,Contrôle 7
CityLine-0074,Accessoires,2026-09-04 08:44:33,2026-09-04 08:54:05,Montage 6
CityLine-0075,Freins,2026-09-04 08:48:20,2026-09-04 09:00:43,Montage 5
CityLine-0076,Transmission,2026-09-04 08:48:20,2026-09-04 09:04:14,Montage 4
CityLine-0080,Lancement en production,2026-09-04 08:49:27,2026-09-04 08:49:27,Ordonnancement
CityLine-0080,Cadre et peinture,2026-09-04 08:50:34,2026-09-04 08:57:27,Peinture 1
CityLine-0079,Fourche et direction,2026-09-04 08:50:37,2026-09-04 08:57:35,Montage 2
CityLine-0073,Expédition,2026-09-04 08:50:41,2026-09-04 08:55:41,Expédition
CityLine-0078,Roues,2026-09-04 08:53:30,2026-09-04 09:03:07,Montage 3
CityLine-0074,Contrôle final,2026-09-04 08:54:05,2026-09-04 08:59:22,Contrôle 7
CityLine-0080,Fourche et direction,2026-09-04 08:57:35,2026-09-04 09:04:45,Montage 2
CityLine-0074,Expédition,2026-09-04 08:59:22,2026-09-04 09:04:22,Expédition
CityLine-0075,Accessoires,2026-09-04 09:00:43,2026-09-04 09:09:10,Montage 6
CityLine-0079,Roues,2026-09-04 09:03:07,2026-09-04 09:13:15,Montage 3
CityLine-0076,Freins,2026-09-04 09:04:14,2026-09-04 09:13:08,Montage 5
CityLine-0077,Transmission,2026-09-04 09:04:14,2026-09-04 09:24:12,Montage 4
CityLine-0075,Contrôle final,2026-09-04 09:09:10,2026-09-04 09:16:42,Contrôle 7
CityLine-0076,Accessoires,2026-09-04 09:13:08,2026-09-04 09:23:55,Montage 6
CityLine-0080,Roues,2026-09-04 09:13:15,2026-09-04 09:28:53,Montage 3
CityLine-0075,Expédition,2026-09-04 09:16:42,2026-09-04 09:21:42,Expédition
CityLine-0076,Contrôle final,2026-09-04 09:23:55,2026-09-04 09:30:24,Contrôle 7
CityLine-0077,Freins,2026-09-04 09:24:12,2026-09-04 09:40:50,Montage 5
CityLine-0078,Transmission,2026-09-04 09:24:12,2026-09-04 09:47:11,Montage 4
CityLine-0076,Expédition,2026-09-04 09:30:24,2026-09-04 09:35:24,Expédition
CityLine-0077,Accessoires,2026-09-04 09:40:50,2026-09-04 09:52:05,Montage 6
CityLine-0078,Freins,2026-09-04 09:47:11,2026-09-04 10:00:05,Montage 5
CityLine-0079,Transmission,2026-09-04 09:47:11,2026-09-04 10:05:02,Montage 4
CityLine-0077,Contrôle final,2026-09-04 09:52:05,2026-09-04 09:59:56,Contrôle 7
CityLine-0081,Lancement en production,2026-09-04 09:59:42,2026-09-04 09:59:42,Ordonnancement
CityLine-0081,Cadre et peinture,2026-09-04 09:59:42,2026-09-04 10:07:55,Peinture 1
CityLine-0077,Expédition,2026-09-04 09:59:56,2026-09-04 10:04:56,Expédition
CityLine-0078,Accessoires,2026-09-04 10:00:05,2026-09-04 10:06:47,Montage 6
CityLine-0079,Freins,2026-09-04 10:05:02,2026-09-04 10:15:55,Montage 5
CityLine-0080,Transmission,2026-09-04 10:05:02,2026-09-04 10:24:23,Montage 4
CityLine-0078,Contrôle final,2026-09-04 10:06:47,2026-09-04 10:14:07,Contrôle 7
CityLine-0081,Fourche et direction,2026-09-04 10:07:55,2026-09-04 10:16:54,Montage 2
CityLine-0078,Expédition,2026-09-04 10:14:07,2026-09-04 10:19:07,Expédition
CityLine-0079,Accessoires,2026-09-04 10:15:55,2026-09-04 10:26:06,Montage 6
CityLine-0081,Roues,2026-09-04 10:16:54,2026-09-04 10:30:48,Montage 3
CityLine-0082,Lancement en production,2026-09-04 10:19:21,2026-09-04 10:19:21,Ordonnancement
CityLine-0082,Changement de couleur,2026-09-04 10:19:21,2026-09-04 11:04:21,Peinture 1
CityLine-0080,Freins,2026-09-04 10:24:23,2026-09-04 10:33:52,Montage 5
CityLine-0083,Lancement en production,2026-09-04 10:24:49,2026-09-04 10:24:49,Ordonnancement
CityLine-0079,Contrôle final,2026-09-04 10:26:06,2026-09-04 10:31:54,Contrôle 7
CityLine-0081,Transmission,2026-09-04 10:30:48,2026-09-04 10:48:13,Montage 4
CityLine-0079,Expédition,2026-09-04 10:31:54,2026-09-04 10:36:54,Expédition
CityLine-0080,Accessoires,2026-09-04 10:33:52,2026-09-04 10:41:31,Montage 6
CityLine-0084,Lancement en production,2026-09-04 10:38:37,2026-09-04 10:38:37,Ordonnancement
CityLine-0080,Contrôle final,2026-09-04 10:41:31,2026-09-04 10:48:49,Contrôle 7
CityLine-0081,Freins,2026-09-04 10:48:13,2026-09-04 10:58:04,Montage 5
CityLine-0085,Lancement en production,2026-09-04 10:48:17,2026-09-04 10:48:17,Ordonnancement
CityLine-0080,Expédition,2026-09-04 10:48:49,2026-09-04 10:53:49,Expédition
CityLine-0081,Accessoires,2026-09-04 10:58:04,2026-09-04 11:06:38,Montage 6
CityLine-0082,Cadre et peinture,2026-09-04 11:04:21,2026-09-04 11:15:55,Peinture 1
CityLine-0081,Contrôle final,2026-09-04 11:06:38,2026-09-04 11:14:05,Contrôle 7
CityLine-0081,Expédition,2026-09-04 11:14:05,2026-09-04 11:19:05,Expédition
CityLine-0082,Fourche et direction,2026-09-04 11:15:55,2026-09-04 11:23:59,Montage 2
CityLine-0083,Cadre et peinture,2026-09-04 11:15:55,2026-09-04 11:27:10,Peinture 1
CityLine-0086,Lancement en production,2026-09-04 11:22:39,2026-09-04 11:22:39,Ordonnancement
CityLine-0082,Roues,2026-09-04 11:23:59,2026-09-04 11:33:39,Montage 3
CityLine-0083,Fourche et direction,2026-09-04 11:27:10,2026-09-04 11:36:41,Montage 2
CityLine-0084,Cadre et peinture,2026-09-04 11:27:10,2026-09-04 11:37:23,Peinture 1
CityLine-0087,Lancement en production,2026-09-04 11:31:07,2026-09-04 11:31:07,Ordonnancement
CityLine-0088,Lancement en production,2026-09-04 11:32:00,2026-09-04 11:32:00,Ordonnancement
CityLine-0082,Transmission,2026-09-04 11:33:39,2026-09-04 11:44:27,Montage 4
CityLine-0083,Roues,2026-09-04 11:36:41,2026-09-04 11:46:52,Montage 3
CityLine-0084,Fourche et direction,2026-09-04 11:37:23,2026-09-04 11:45:01,Montage 2
CityLine-0085,Cadre et peinture,2026-09-04 11:37:23,2026-09-04 11:49:16,Peinture 1
CityLine-0082,Freins,2026-09-04 11:44:27,2026-09-04 11:54:56,Montage 5
CityLine-0089,Lancement en production,2026-09-04 11:45:41,2026-09-04 11:45:41,Ordonnancement
CityLine-0083,Transmission,2026-09-04 11:46:52,2026-09-04 12:04:11,Montage 4
CityLine-0084,Roues,2026-09-04 11:46:52,2026-09-04 11:55:33,Montage 3
CityLine-0085,Fourche et direction,2026-09-04 11:49:16,2026-09-04 11:56:28,Montage 2
CityLine-0086,Cadre et peinture,2026-09-04 11:49:16,2026-09-04 12:01:25,Peinture 1
CityLine-0082,Accessoires,2026-09-04 11:54:56,2026-09-04 12:01:37,Montage 6
CityLine-0090,Lancement en production,2026-09-04 11:56:14,2026-09-04 11:56:14,Ordonnancement
CityLine-0085,Roues,2026-09-04 11:56:28,2026-09-04 12:10:20,Montage 3
CityLine-0086,Fourche et direction,2026-09-04 12:01:25,2026-09-04 12:09:10,Montage 2
CityLine-0087,Changement de couleur,2026-09-04 12:01:25,2026-09-04 12:46:25,Peinture 1
CityLine-0082,Contrôle final,2026-09-04 12:01:37,2026-09-04 12:09:21,Contrôle 7
CityLine-0083,Freins,2026-09-04 12:04:11,2026-09-04 12:20:57,Montage 5
CityLine-0084,Transmission,2026-09-04 12:04:11,2026-09-04 12:21:04,Montage 4
CityLine-0082,Retouche peinture,2026-09-04 12:09:21,2026-09-04 12:28:00,Retouche 8
CityLine-0086,Roues,2026-09-04 12:10:20,2026-09-04 12:22:58,Montage 3
CityLine-0083,Accessoires,2026-09-04 12:20:57,2026-09-04 12:29:47,Montage 6
CityLine-0084,Freins,2026-09-04 12:21:04,2026-09-04 12:37:07,Montage 5
CityLine-0085,Transmission,2026-09-04 12:21:04,2026-09-04 12:34:27,Montage 4
CityLine-0082,Contrôle final,2026-09-04 12:28:00,2026-09-04 12:34:43,Contrôle 7
CityLine-0091,Lancement en production,2026-09-04 12:34:25,2026-09-04 12:34:25,Ordonnancement
CityLine-0086,Transmission,2026-09-04 12:34:27,2026-09-04 12:42:08,Montage 4
CityLine-0082,Expédition,2026-09-04 12:34:43,2026-09-04 12:39:43,Expédition
CityLine-0083,Contrôle final,2026-09-04 12:34:43,2026-09-04 12:41:06,Contrôle 7
CityLine-0084,Accessoires,2026-09-04 12:37:07,2026-09-04 12:47:20,Montage 6
CityLine-0085,Freins,2026-09-04 12:37:07,2026-09-04 12:48:30,Montage 5
CityLine-0083,Expédition,2026-09-04 12:41:06,2026-09-04 12:46:06,Expédition
CityLine-0087,Cadre et peinture,2026-09-04 12:46:25,2026-09-04 12:54:16,Peinture 1
CityLine-0084,Contrôle final,2026-09-04 12:47:20,2026-09-04 12:54:13,Contrôle 7
CityLine-0085,Accessoires,2026-09-04 12:48:30,2026-09-04 13:00:19,Montage 6
CityLine-0086,Freins,2026-09-04 12:48:30,2026-09-04 12:56:21,Montage 5
CityLine-0084,Expédition,2026-09-04 12:54:13,2026-09-04 12:59:13,Expédition
CityLine-0087,Fourche et direction,2026-09-04 12:54:16,2026-09-04 13:01:42,Montage 2
CityLine-0088,Cadre et peinture,2026-09-04 12:54:16,2026-09-04 13:03:42,Peinture 1
CityLine-0085,Contrôle final,2026-09-04 13:00:19,2026-09-04 13:04:47,Contrôle 7
CityLine-0086,Accessoires,2026-09-04 13:00:19,2026-09-04 13:08:24,Montage 6
CityLine-0087,Roues,2026-09-04 13:01:42,2026-09-04 13:11:01,Montage 3
CityLine-0088,Fourche et direction,2026-09-04 13:03:42,2026-09-04 13:11:38,Montage 2
CityLine-0089,Cadre et peinture,2026-09-04 13:03:42,2026-09-04 13:15:46,Peinture 1
CityLine-0085,Expédition,2026-09-04 13:04:47,2026-09-04 13:09:47,Expédition
CityLine-0086,Contrôle final,2026-09-04 13:08:24,2026-09-04 13:15:27,Contrôle 7
CityLine-0087,Transmission,2026-09-04 13:11:01,2026-09-04 13:29:35,Montage 4
CityLine-0088,Roues,2026-09-04 13:11:38,2026-09-04 13:19:32,Montage 3
CityLine-0086,Expédition,2026-09-04 13:15:27,2026-09-04 13:20:27,Expédition
CityLine-0089,Fourche et direction,2026-09-04 13:15:46,2026-09-04 13:24:10,Montage 2
CityLine-0090,Cadre et peinture,2026-09-04 13:15:46,2026-09-04 13:25:27,Peinture 1
CityLine-0089,Roues,2026-09-04 13:24:10,2026-09-04 13:31:47,Montage 3
CityLine-0090,Fourche et direction,2026-09-04 13:25:27,2026-09-04 13:32:59,Montage 2
CityLine-0091,Cadre et peinture,2026-09-04 13:25:27,2026-09-04 13:37:35,Peinture 1
CityLine-0087,Freins,2026-09-04 13:29:35,2026-09-04 13:42:50,Montage 5
CityLine-0088,Transmission,2026-09-04 13:29:35,2026-09-04 13:48:33,Montage 4
CityLine-0090,Roues,2026-09-04 13:32:59,2026-09-04 13:43:02,Montage 3
CityLine-0091,Fourche et direction,2026-09-04 13:37:35,2026-09-04 13:43:18,Montage 2
CityLine-0087,Accessoires,2026-09-04 13:42:50,2026-09-04 13:54:09,Montage 6
CityLine-0091,Roues,2026-09-04 13:43:18,2026-09-04 13:53:03,Montage 3
CityLine-0088,Freins,2026-09-04 13:48:33,2026-09-04 13:58:34,Montage 5
CityLine-0089,Transmission,2026-09-04 13:48:33,2026-09-04 14:02:51,Montage 4
CityLine-0087,Contrôle final,2026-09-04 13:54:09,2026-09-04 14:00:20,Contrôle 7
CityLine-0088,Accessoires,2026-09-04 13:58:34,2026-09-04 14:06:01,Montage 6
CityLine-0087,Expédition,2026-09-04 14:00:20,2026-09-04 14:05:20,Expédition
CityLine-0089,Freins,2026-09-04 14:02:51,2026-09-04 14:16:30,Montage 5
CityLine-0090,Transmission,2026-09-04 14:02:51,2026-09-04 14:12:21,Montage 4
CityLine-0088,Contrôle final,2026-09-04 14:06:01,2026-09-04 14:11:01,Contrôle 7
CityLine-0088,Expédition,2026-09-04 14:11:01,2026-09-04 14:16:01,Expédition
CityLine-0091,Transmission,2026-09-04 14:12:21,2026-09-04 14:32:02,Montage 4
CityLine-0089,Accessoires,2026-09-04 14:16:30,2026-09-04 14:24:15,Montage 6
CityLine-0090,Freins,2026-09-04 14:16:30,2026-09-04 14:29:35,Montage 5
CityLine-0089,Contrôle final,2026-09-04 14:24:15,2026-09-04 14:29:53,Contrôle 7
CityLine-0090,Accessoires,2026-09-04 14:29:35,2026-09-04 14:37:16,Montage 6
CityLine-0089,Expédition,2026-09-04 14:29:53,2026-09-04 14:34:53,Expédition
CityLine-0091,Freins,2026-09-04 14:32:02,2026-09-04 14:43:19,Montage 5
CityLine-0092,Lancement en production,2026-09-04 14:33:40,2026-09-04 14:33:40,Ordonnancement
CityLine-0090,Contrôle final,2026-09-04 14:37:16,2026-09-04 14:45:54,Contrôle 7
CityLine-0091,Accessoires,2026-09-04 14:43:19,2026-09-04 14:49:38,Montage 6
CityLine-0090,Expédition,2026-09-04 14:45:54,2026-09-04 14:50:54,Expédition
CityLine-0091,Contrôle final,2026-09-04 14:49:38,2026-09-04 14:56:53,Contrôle 7
CityLine-0091,Retouche peinture,2026-09-07 07:00:00,2026-09-07 07:14:28,Retouche 8
CityLine-0092,Changement de couleur,2026-09-07 07:00:00,2026-09-07 07:45:00,Peinture 1
CityLine-0091,Contrôle final,2026-09-07 07:14:28,2026-09-07 07:19:32,Contrôle 7
CityLine-0091,Expédition,2026-09-07 07:19:32,2026-09-07 07:24:32,Expédition
CityLine-0093,Lancement en production,2026-09-07 07:20:25,2026-09-07 07:20:25,Ordonnancement
CityLine-0094,Lancement en production,2026-09-07 07:39:45,2026-09-07 07:39:45,Ordonnancement
CityLine-0092,Cadre et peinture,2026-09-07 07:45:00,2026-09-07 07:52:01,Peinture 1
CityLine-0092,Fourche et direction,2026-09-07 07:52:01,2026-09-07 07:59:59,Montage 2
CityLine-0093,Cadre et peinture,2026-09-07 07:52:01,2026-09-07 08:05:06,Peinture 1
CityLine-0092,Roues,2026-09-07 07:59:59,2026-09-07 08:08:52,Montage 3
CityLine-0095,Lancement en production,2026-09-07 08:02:23,2026-09-07 08:02:23,Ordonnancement
CityLine-0093,Fourche et direction,2026-09-07 08:05:06,2026-09-07 08:13:49,Montage 2
CityLine-0094,Cadre et peinture,2026-09-07 08:05:06,2026-09-07 08:16:50,Peinture 1
CityLine-0092,Transmission,2026-09-07 08:08:52,2026-09-07 08:30:21,Montage 4
CityLine-0096,Lancement en production,2026-09-07 08:12:06,2026-09-07 08:12:06,Ordonnancement
CityLine-0093,Roues,2026-09-07 08:13:49,2026-09-07 08:24:18,Montage 3
CityLine-0094,Fourche et direction,2026-09-07 08:16:50,2026-09-07 08:25:01,Montage 2
CityLine-0095,Cadre et peinture,2026-09-07 08:16:50,2026-09-07 08:27:53,Peinture 1
CityLine-0094,Roues,2026-09-07 08:25:01,2026-09-07 08:40:23,Montage 3
CityLine-0095,Fourche et direction,2026-09-07 08:27:53,2026-09-07 08:37:11,Montage 2
CityLine-0096,Cadre et peinture,2026-09-07 08:27:53,2026-09-07 08:41:22,Peinture 1
CityLine-0092,Freins,2026-09-07 08:30:21,2026-09-07 08:44:07,Montage 5
CityLine-0093,Transmission,2026-09-07 08:30:21,2026-09-07 08:51:07,Montage 4
CityLine-0097,Lancement en production,2026-09-07 08:33:34,2026-09-07 08:33:34,Ordonnancement
CityLine-0095,Roues,2026-09-07 08:40:23,2026-09-07 08:49:53,Montage 3
CityLine-0096,Fourche et direction,2026-09-07 08:41:22,2026-09-07 08:48:19,Montage 2
CityLine-0097,Changement de couleur,2026-09-07 08:41:22,2026-09-07 09:26:22,Peinture 1
CityLine-0092,Accessoires,2026-09-07 08:44:07,2026-09-07 08:54:21,Montage 6
CityLine-0096,Roues,2026-09-07 08:49:53,2026-09-07 09:01:02,Montage 3
CityLine-0093,Freins,2026-09-07 08:51:07,2026-09-07 09:04:44,Montage 5
CityLine-0094,Transmission,2026-09-07 08:51:07,2026-09-07 09:11:06,Montage 4
CityLine-0092,Contrôle final,2026-09-07 08:54:21,2026-09-07 09:00:22,Contrôle 7
CityLine-0092,Expédition,2026-09-07 09:00:22,2026-09-07 09:05:22,Expédition
CityLine-0093,Accessoires,2026-09-07 09:04:44,2026-09-07 09:15:19,Montage 6
CityLine-0098,Lancement en production,2026-09-07 09:05:39,2026-09-07 09:05:39,Ordonnancement
CityLine-0094,Freins,2026-09-07 09:11:06,2026-09-07 09:24:59,Montage 5
CityLine-0095,Transmission,2026-09-07 09:11:06,2026-09-07 09:32:24,Montage 4
CityLine-0093,Contrôle final,2026-09-07 09:15:19,2026-09-07 09:20:16,Contrôle 7
CityLine-0093,Retouche peinture,2026-09-07 09:20:16,2026-09-07 09:33:20,Retouche 8
CityLine-0094,Accessoires,2026-09-07 09:24:59,2026-09-07 09:33:57,Montage 6
CityLine-0097,Cadre et peinture,2026-09-07 09:26:22,2026-09-07 09:36:01,Peinture 1
CityLine-0095,Freins,2026-09-07 09:32:24,2026-09-07 09:42:56,Montage 5
CityLine-0096,Transmission,2026-09-07 09:32:24,2026-09-07 09:46:24,Montage 4
CityLine-0093,Contrôle final,2026-09-07 09:33:20,2026-09-07 09:42:35,Contrôle 7
CityLine-0097,Fourche et direction,2026-09-07 09:36:01,2026-09-07 09:45:51,Montage 2
CityLine-0098,Cadre et peinture,2026-09-07 09:36:01,2026-09-07 09:46:05,Peinture 1
CityLine-0099,Lancement en production,2026-09-07 09:42:05,2026-09-07 09:42:05,Ordonnancement
CityLine-0093,Expédition,2026-09-07 09:42:35,2026-09-07 09:47:35,Expédition
CityLine-0094,Contrôle final,2026-09-07 09:42:35,2026-09-07 09:50:33,Contrôle 7
CityLine-0095,Accessoires,2026-09-07 09:42:56,2026-09-07 09:50:38,Montage 6
CityLine-0097,Roues,2026-09-07 09:45:51,2026-09-07 09:55:34,Montage 3
CityLine-0098,Fourche et direction,2026-09-07 09:46:05,2026-09-07 09:53:02,Montage 2
CityLine-0099,Cadre et peinture,2026-09-07 09:46:05,2026-09-07 09:53:24,Peinture 1
CityLine-0096,Freins,2026-09-07 09:46:24,2026-09-07 09:57:10,Montage 5
CityLine-0094,Retouche peinture,2026-09-07 09:50:33,2026-09-07 10:07:30,Retouche 8
CityLine-0099,Fourche et direction,2026-09-07 09:53:24,2026-09-07 09:59:09,Montage 2
CityLine-0097,Transmission,2026-09-07 09:55:34,2026-09-07 10:08:29,Montage 4
CityLine-0098,Roues,2026-09-07 09:55:34,2026-09-07 10:05:25,Montage 3
CityLine-0096,Accessoires,2026-09-07 09:57:10,2026-09-07 10:07:32,Montage 6
CityLine-0099,Roues,2026-09-07 10:05:25,2026-09-07 10:15:23,Montage 3
CityLine-0094,Contrôle final,2026-09-07 10:07:30,2026-09-07 10:11:57,Contrôle 7
CityLine-0097,Freins,2026-09-07 10:08:29,2026-09-07 10:23:17,Montage 5
CityLine-0098,Transmission,2026-09-07 10:08:29,2026-09-07 10:23:21,Montage 4
CityLine-0100,Lancement en production,2026-09-07 10:09:37,2026-09-07 10:09:37,Ordonnancement
CityLine-0100,Cadre et peinture,2026-09-07 10:09:37,2026-09-07 10:18:50,Peinture 1
CityLine-0094,Expédition,2026-09-07 10:11:57,2026-09-07 10:16:57,Expédition
CityLine-0095,Contrôle final,2026-09-07 10:11:57,2026-09-07 10:18:57,Contrôle 7
CityLine-0101,Lancement en production,2026-09-07 10:15:33,2026-09-07 10:15:33,Ordonnancement
CityLine-0100,Fourche et direction,2026-09-07 10:18:50,2026-09-07 10:27:11,Montage 2
CityLine-0101,Cadre et peinture,2026-09-07 10:18:50,2026-09-07 10:29:46,Peinture 1
CityLine-0095,Expédition,2026-09-07 10:18:57,2026-09-07 10:23:57,Expédition
CityLine-0096,Contrôle final,2026-09-07 10:18:57,2026-09-07 10:25:54,Contrôle 7
CityLine-0097,Accessoires,2026-09-07 10:23:17,2026-09-07 10:32:58,Montage 6
CityLine-0098,Freins,2026-09-07 10:23:21,2026-09-07 10:33:04,Montage 5
CityLine-0099,Transmission,2026-09-07 10:23:21,2026-09-07 10:38:56,Montage 4
CityLine-0096,Expédition,2026-09-07 10:25:54,2026-09-07 10:30:54,Expédition
CityLine-0100,Roues,2026-09-07 10:27:11,2026-09-07 10:39:08,Montage 3
CityLine-0101,Fourche et direction,2026-09-07 10:29:46,2026-09-07 10:36:18,Montage 2
CityLine-0097,Contrôle final,2026-09-07 10:32:58,2026-09-07 10:37:14,Contrôle 7
CityLine-0098,Accessoires,2026-09-07 10:33:04,2026-09-07 10:40:56,Montage 6
CityLine-0097,Expédition,2026-09-07 10:37:14,2026-09-07 10:42:14,Expédition
CityLine-0099,Freins,2026-09-07 10:38:56,2026-09-07 10:48:17,Montage 5
CityLine-0100,Transmission,2026-09-07 10:39:08,2026-09-07 10:48:38,Montage 4
CityLine-0101,Roues,2026-09-07 10:39:08,2026-09-07 10:51:16,Montage 3
CityLine-0098,Contrôle final,2026-09-07 10:40:56,2026-09-07 10:46:07,Contrôle 7
CityLine-0098,Expédition,2026-09-07 10:46:07,2026-09-07 10:51:07,Expédition
CityLine-0099,Accessoires,2026-09-07 10:48:17,2026-09-07 10:58:04,Montage 6
CityLine-0100,Freins,2026-09-07 10:48:38,2026-09-07 10:59:13,Montage 5
CityLine-0101,Transmission,2026-09-07 10:51:16,2026-09-07 11:04:04,Montage 4
CityLine-0102,Lancement en production,2026-09-07 10:54:54,2026-09-07 10:54:54,Ordonnancement
CityLine-0102,Cadre et peinture,2026-09-07 10:54:54,2026-09-07 11:04:40,Peinture 1
CityLine-0099,Contrôle final,2026-09-07 10:58:04,2026-09-07 11:05:00,Contrôle 7
CityLine-0100,Accessoires,2026-09-07 10:59:13,2026-09-07 11:04:42,Montage 6
CityLine-0101,Freins,2026-09-07 11:04:04,2026-09-07 11:15:30,Montage 5
CityLine-0102,Fourche et direction,2026-09-07 11:04:40,2026-09-07 11:12:01,Montage 2
CityLine-0099,Expédition,2026-09-07 11:05:00,2026-09-07 11:10:00,Expédition
CityLine-0100,Contrôle final,2026-09-07 11:05:00,2026-09-07 11:11:28,Contrôle 7
CityLine-0100,Expédition,2026-09-07 11:11:28,2026-09-07 11:16:28,Expédition
CityLine-0102,Roues,2026-09-07 11:12:01,2026-09-07 11:17:33,Montage 3
CityLine-0101,Accessoires,2026-09-07 11:15:30,2026-09-07 11:25:11,Montage 6
CityLine-0103,Lancement en production,2026-09-07 11:17:15,2026-09-07 11:17:15,Ordonnancement
CityLine-0103,Changement de couleur,2026-09-07 11:17:15,2026-09-07 12:02:15,Peinture 1
CityLine-0102,Transmission,2026-09-07 11:17:33,2026-09-07 11:41:00,Montage 4
CityLine-0101,Contrôle final,2026-09-07 11:25:11,2026-09-07 11:32:52,Contrôle 7
CityLine-0101,Expédition,2026-09-07 11:32:52,2026-09-07 11:37:52,Expédition
CityLine-0102,Freins,2026-09-07 11:41:00,2026-09-07 11:52:12,Montage 5
CityLine-0102,Accessoires,2026-09-07 11:52:12,2026-09-07 11:59:18,Montage 6
CityLine-0102,Contrôle final,2026-09-07 11:59:18,2026-09-07 12:07:57,Contrôle 7
CityLine-0103,Cadre et peinture,2026-09-07 12:02:15,2026-09-07 12:11:08,Peinture 1
CityLine-0104,Lancement en production,2026-09-07 12:06:36,2026-09-07 12:06:36,Ordonnancement
CityLine-0102,Retouche peinture,2026-09-07 12:07:57,2026-09-07 12:20:04,Retouche 8
CityLine-0103,Fourche et direction,2026-09-07 12:11:08,2026-09-07 12:17:26,Montage 2
CityLine-0104,Cadre et peinture,2026-09-07 12:11:08,2026-09-07 12:21:43,Peinture 1
CityLine-0103,Roues,2026-09-07 12:17:26,2026-09-07 12:30:30,Montage 3
CityLine-0102,Contrôle final,2026-09-07 12:20:04,2026-09-07 12:26:45,Contrôle 7
CityLine-0105,Lancement en production,2026-09-07 12:20:11,2026-09-07 12:20:11,Ordonnancement
CityLine-0104,Fourche et direction,2026-09-07 12:21:43,2026-09-07 12:29:48,Montage 2
CityLine-0105,Cadre et peinture,2026-09-07 12:21:43,2026-09-07 12:34:48,Peinture 1
CityLine-0106,Lancement en production,2026-09-07 12:23:32,2026-09-07 12:23:32,Ordonnancement
CityLine-0102,Expédition,2026-09-07 12:26:45,2026-09-07 12:31:45,Expédition
CityLine-0103,Transmission,2026-09-07 12:30:30,2026-09-07 12:41:28,Montage 4
CityLine-0104,Roues,2026-09-07 12:30:30,2026-09-07 12:42:13,Montage 3
CityLine-0105,Fourche et direction,2026-09-07 12:34:48,2026-09-07 12:44:31,Montage 2
CityLine-0106,Cadre et peinture,2026-09-07 12:34:48,2026-09-07 12:44:10,Peinture 1
CityLine-0107,Lancement en production,2026-09-07 12:35:15,2026-09-07 12:35:15,Ordonnancement
CityLine-0108,Lancement en production,2026-09-07 12:37:51,2026-09-07 12:37:51,Ordonnancement
CityLine-0103,Freins,2026-09-07 12:41:28,2026-09-07 12:54:41,Montage 5
CityLine-0104,Transmission,2026-09-07 12:42:13,2026-09-07 13:03:08,Montage 4
CityLine-0109,Lancement en production,2026-09-07 12:43:26,2026-09-07 12:43:26,Ordonnancement
CityLine-0107,Cadre et peinture,2026-09-07 12:44:10,2026-09-07 12:57:32,Peinture 1
CityLine-0105,Roues,2026-09-07 12:44:31,2026-09-07 12:56:57,Montage 3
CityLine-0106,Fourche et direction,2026-09-07 12:44:31,2026-09-07 12:51:57,Montage 2
CityLine-0103,Accessoires,2026-09-07 12:54:41,2026-09-07 13:04:26,Montage 6
CityLine-0106,Roues,2026-09-07 12:56:57,2026-09-07 13:08:25,Montage 3
CityLine-0107,Fourche et direction,2026-09-07 12:57:32,2026-09-07 13:04:40,Montage 2
CityLine-0108,Changement de couleur,2026-09-07 12:57:32,2026-09-07 13:42:32,Peinture 1
CityLine-0104,Freins,2026-09-07 13:03:08,2026-09-07 13:10:54,Montage 5
CityLine-0105,Transmission,2026-09-07 13:03:08,2026-09-07 13:23:33,Montage 4
CityLine-0103,Contrôle final,2026-09-07 13:04:26,2026-09-07 13:14:01,Contrôle 7
CityLine-0107,Roues,2026-09-07 13:08:25,2026-09-07 13:21:51,Montage 3
CityLine-0104,Accessoires,2026-09-07 13:10:54,2026-09-07 13:19:22,Montage 6
CityLine-0103,Expédition,2026-09-07 13:14:01,2026-09-07 13:19:01,Expédition
CityLine-0104,Contrôle final,2026-09-07 13:19:22,2026-09-07 13:27:35,Contrôle 7
CityLine-0110,Lancement en production,2026-09-07 13:22:32,2026-09-07 13:22:32,Ordonnancement
CityLine-0105,Freins,2026-09-07 13:23:33,2026-09-07 13:33:51,Montage 5
CityLine-0106,Transmission,2026-09-07 13:23:33,2026-09-07 13:38:04,Montage 4
CityLine-0104,Retouche peinture,2026-09-07 13:27:35,2026-09-07 13:44:45,Retouche 8
CityLine-0111,Lancement en production,2026-09-07 13:30:22,2026-09-07 13:30:22,Ordonnancement
CityLine-0112,Lancement en production,2026-09-07 13:31:15,2026-09-07 13:31:15,Ordonnancement
CityLine-0105,Accessoires,2026-09-07 13:33:51,2026-09-07 13:40:30,Montage 6
CityLine-0106,Freins,2026-09-07 13:38:04,2026-09-07 13:50:13,Montage 5
CityLine-0107,Transmission,2026-09-07 13:38:04,2026-09-07 13:58:41,Montage 4
CityLine-0113,Lancement en production,2026-09-07 13:41:31,2026-09-07 13:41:31,Ordonnancement
CityLine-0108,Cadre et peinture,2026-09-07 13:42:32,2026-09-07 13:53:57,Peinture 1
CityLine-0104,Contrôle final,2026-09-07 13:44:45,2026-09-07 13:51:24,Contrôle 7
CityLine-0106,Accessoires,2026-09-07 13:50:13,2026-09-07 13:59:36,Montage 6
CityLine-0104,Expédition,2026-09-07 13:51:24,2026-09-07 13:56:24,Expédition
CityLine-0105,Contrôle final,2026-09-07 13:51:24,2026-09-07 13:59:38,Contrôle 7
CityLine-0108,Fourche et direction,2026-09-07 13:53:57,2026-09-07 14:02:52,Montage 2
CityLine-0109,Cadre et peinture,2026-09-07 13:53:57,2026-09-07 14:05:35,Peinture 1
CityLine-0114,Lancement en production,2026-09-07 13:57:25,2026-09-07 13:57:25,Ordonnancement
CityLine-0107,Freins,2026-09-07 13:58:41,2026-09-07 14:04:57,Montage 5
CityLine-0105,Expédition,2026-09-07 13:59:38,2026-09-07 14:04:38,Expédition
CityLine-0106,Contrôle final,2026-09-07 13:59:38,2026-09-07 14:06:32,Contrôle 7
CityLine-0108,Roues,2026-09-07 14:02:52,2026-09-07 14:12:05,Montage 3
CityLine-0107,Accessoires,2026-09-07 14:04:57,2026-09-07 14:12:43,Montage 6
CityLine-0109,Fourche et direction,2026-09-07 14:05:35,2026-09-07 14:14:54,Montage 2
CityLine-0110,Cadre et peinture,2026-09-07 14:05:35,2026-09-07 14:15:30,Peinture 1
CityLine-0106,Expédition,2026-09-07 14:06:32,2026-09-07 14:11:32,Expédition
CityLine-0108,Transmission,2026-09-07 14:12:05,2026-09-07 14:27:28,Montage 4
CityLine-0107,Contrôle final,2026-09-07 14:12:43,2026-09-07 14:18:55,Contrôle 7
CityLine-0109,Roues,2026-09-07 14:14:54,2026-09-07 14:28:58,Montage 3
CityLine-0110,Fourche et direction,2026-09-07 14:15:30,2026-09-07 14:23:58,Montage 2
CityLine-0111,Cadre et peinture,2026-09-07 14:15:30,2026-09-07 14:25:46,Peinture 1
CityLine-0107,Expédition,2026-09-07 14:18:55,2026-09-07 14:23:55,Expédition
CityLine-0111,Fourche et direction,2026-09-07 14:25:46,2026-09-07 14:34:11,Montage 2
CityLine-0112,Cadre et peinture,2026-09-07 14:25:46,2026-09-07 14:35:40,Peinture 1
CityLine-0108,Freins,2026-09-07 14:27:28,2026-09-07 14:36:50,Montage 5
CityLine-0109,Transmission,2026-09-07 14:28:58,2026-09-07 14:49:01,Montage 4
CityLine-0110,Roues,2026-09-07 14:28:58,2026-09-07 14:40:47,Montage 3
CityLine-0112,Fourche et direction,2026-09-07 14:35:40,2026-09-07 14:44:16,Montage 2
CityLine-0115,Lancement en production,2026-09-07 14:35:44,2026-09-07 14:35:44,Ordonnancement
CityLine-0108,Accessoires,2026-09-07 14:36:50,2026-09-07 14:45:33,Montage 6
CityLine-0116,Lancement en production,2026-09-07 14:37:44,2026-09-07 14:37:44,Ordonnancement
CityLine-0117,Lancement en production,2026-09-07 14:39:41,2026-09-07 14:39:41,Ordonnancement
CityLine-0111,Roues,2026-09-07 14:40:47,2026-09-07 14:51:40,Montage 3
CityLine-0108,Contrôle final,2026-09-07 14:45:33,2026-09-07 14:52:24,Contrôle 7
CityLine-0112,Roues,2026-09-07 14:51:40,2026-09-07 14:58:46,Montage 3
CityLine-0108,Expédition,2026-09-07 14:52:24,2026-09-07 14:57:24,Expédition
CityLine-0109,Freins,2026-09-08 07:00:00,2026-09-08 07:12:24,Montage 5
CityLine-0110,Transmission,2026-09-08 07:00:00,2026-09-08 07:17:46,Montage 4
CityLine-0113,Changement de couleur,2026-09-08 07:00:00,2026-09-08 07:45:00,Peinture 1
CityLine-0118,Lancement en production,2026-09-08 07:01:35,2026-09-08 07:01:35,Ordonnancement
CityLine-0119,Lancement en production,2026-09-08 07:06:22,2026-09-08 07:06:22,Ordonnancement
CityLine-0109,Accessoires,2026-09-08 07:12:24,2026-09-08 07:22:29,Montage 6
CityLine-0110,Freins,2026-09-08 07:17:46,2026-09-08 07:31:06,Montage 5
CityLine-0111,Transmission,2026-09-08 07:17:46,2026-09-08 07:31:38,Montage 4
CityLine-0109,Contrôle final,2026-09-08 07:22:29,2026-09-08 07:30:15,Contrôle 7
CityLine-0109,Retouche peinture,2026-09-08 07:30:15,2026-09-08 07:43:29,Retouche 8
CityLine-0110,Accessoires,2026-09-08 07:31:06,2026-09-08 07:39:54,Montage 6
CityLine-0111,Freins,2026-09-08 07:31:38,2026-09-08 07:43:34,Montage 5
CityLine-0112,Transmission,2026-09-08 07:31:38,2026-09-08 07:45:54,Montage 4
CityLine-0109,Contrôle final,2026-09-08 07:43:29,2026-09-08 07:50:34,Contrôle 7
CityLine-0111,Accessoires,2026-09-08 07:43:34,2026-09-08 07:50:44,Montage 6
CityLine-0113,Cadre et peinture,2026-09-08 07:45:00,2026-09-08 07:54:11,Peinture 1
CityLine-0112,Freins,2026-09-08 07:45:54,2026-09-08 07:57:35,Montage 5
CityLine-0109,Expédition,2026-09-08 07:50:34,2026-09-08 07:55:34,Expédition
CityLine-0110,Contrôle final,2026-09-08 07:50:34,2026-09-08 07:57:19,Contrôle 7
CityLine-0113,Fourche et direction,2026-09-08 07:54:11,2026-09-08 08:00:38,Montage 2
CityLine-0114,Cadre et peinture,2026-09-08 07:54:11,2026-09-08 08:04:45,Peinture 1
CityLine-0110,Retouche peinture,2026-09-08 07:57:19,2026-09-08 08:12:49,Retouche 8
CityLine-0112,Accessoires,2026-09-08 07:57:35,2026-09-08 08:07:08,Montage 6
CityLine-0113,Roues,2026-09-08 08:00:38,2026-09-08 08:12:17,Montage 3
CityLine-0114,Fourche et direction,2026-09-08 08:04:45,2026-09-08 08:10:38,Montage 2
CityLine-0115,Cadre et peinture,2026-09-08 08:04:45,2026-09-08 08:12:57,Peinture 1
CityLine-0113,Transmission,2026-09-08 08:12:17,2026-09-08 08:29:24,Montage 4
CityLine-0114,Roues,2026-09-08 08:12:17,2026-09-08 08:28:59,Montage 3
CityLine-0110,Contrôle final,2026-09-08 08:12:49,2026-09-08 08:18:55,Contrôle 7
CityLine-0115,Fourche et direction,2026-09-08 08:12:57,2026-09-08 08:18:57,Montage 2
CityLine-0116,Cadre et peinture,2026-09-08 08:12:57,2026-09-08 08:24:38,Peinture 1
CityLine-0110,Expédition,2026-09-08 08:18:55,2026-09-08 08:23:55,Expédition
CityLine-0111,Contrôle final,2026-09-08 08:18:55,2026-09-08 08:26:11,Contrôle 7
CityLine-0120,Lancement en production,2026-09-08 08:19:47,2026-09-08 08:19:47,Ordonnancement
CityLine-0121,Lancement en production,2026-09-08 08:23:46,2026-09-08 08:23:46,Ordonnancement
CityLine-0122,Lancement en production,2026-09-08 08:24:23,2026-09-08 08:24:23,Ordonnancement
CityLine-0116,Fourche et direction,2026-09-08 08:24:38,2026-09-08 08:30:44,Montage 2
CityLine-0117,Cadre et peinture,2026-09-08 08:24:38,2026-09-08 08:37:03,Peinture 1
CityLine-0111,Retouche peinture,2026-09-08 08:26:11,2026-09-08 08:38:00,Retouche 8
CityLine-0115,Roues,2026-09-08 08:28:59,2026-09-08 08:39:44,Montage 3
CityLine-0113,Freins,2026-09-08 08:29:24,2026-09-08 08:43:59,Montage 5
CityLine-0114,Transmission,2026-09-08 08:29:24,2026-09-08 08:43:43,Montage 4
CityLine-0117,Fourche et direction,2026-09-08 08:37:03,2026-09-08 08:46:24,Montage 2
CityLine-0118,Changement de couleur,2026-09-08 08:37:03,2026-09-08 09:22:03,Peinture 1
CityLine-0111,Contrôle final,2026-09-08 08:38:00,2026-09-08 08:41:57,Contrôle 7
CityLine-0116,Roues,2026-09-08 08:39:44,2026-09-08 08:52:02,Montage 3
CityLine-0123,Lancement en production,2026-09-08 08:41:09,2026-09-08 08:41:09,Ordonnancement
CityLine-0111,Expédition,2026-09-08 08:41:57,2026-09-08 08:46:57,Expédition
CityLine-0112,Contrôle final,2026-09-08 08:41:57,2026-09-08 08:48:51,Contrôle 7
CityLine-0115,Transmission,2026-09-08 08:43:43,2026-09-08 08:59:18,Montage 4
CityLine-0113,Accessoires,2026-09-08 08:43:59,2026-09-08 08:54:03,Montage 6
CityLine-0114,Freins,2026-09-08 08:43:59,2026-09-08 08:55:32,Montage 5
CityLine-0124,Lancement en production,2026-09-08 08:47:32,2026-09-08 08:47:32,Ordonnancement
CityLine-0125,Lancement en production,2026-09-08 08:48:28,2026-09-08 08:48:28,Ordonnancement
CityLine-0112,Expédition,2026-09-08 08:48:51,2026-09-08 08:53:51,Expédition
CityLine-0117,Roues,2026-09-08 08:52:02,2026-09-08 09:04:00,Montage 3
CityLine-0113,Contrôle final,2026-09-08 08:54:03,2026-09-08 09:01:59,Contrôle 7
CityLine-0114,Accessoires,2026-09-08 08:55:32,2026-09-08 09:03:57,Montage 6
CityLine-0126,Lancement en production,2026-09-08 08:58:02,2026-09-08 08:58:02,Ordonnancement
CityLine-0115,Freins,2026-09-08 08:59:18,2026-09-08 09:09:49,Montage 5
CityLine-0116,Transmission,2026-09-08 08:59:18,2026-09-08 09:15:47,Montage 4
CityLine-0113,Expédition,2026-09-08 09:01:59,2026-09-08 09:06:59,Expédition
CityLine-0114,Contrôle final,2026-09-08 09:03:57,2026-09-08 09:10:35,Contrôle 7
CityLine-0115,Accessoires,2026-09-08 09:09:49,2026-09-08 09:19:10,Montage 6
CityLine-0114,Expédition,2026-09-08 09:10:35,2026-09-08 09:15:35,Expédition
CityLine-0116,Freins,2026-09-08 09:15:47,2026-09-08 09:28:40,Montage 5
CityLine-0117,Transmission,2026-09-08 09:15:47,2026-09-08 09:29:47,Montage 4
CityLine-0115,Contrôle final,2026-09-08 09:19:10,2026-09-08 09:25:26,Contrôle 7
CityLine-0118,Cadre et peinture,2026-09-08 09:22:03,2026-09-08 09:32:52,Peinture 1
CityLine-0115,Expédition,2026-09-08 09:25:26,2026-09-08 09:30:26,Expédition
CityLine-0116,Accessoires,2026-09-08 09:28:40,2026-09-08 09:38:12,Montage 6
CityLine-0117,Freins,2026-09-08 09:29:47,2026-09-08 09:39:25,Montage 5
CityLine-0118,Fourche et direction,2026-09-08 09:32:52,2026-09-08 09:40:52,Montage 2
CityLine-0119,Cadre et peinture,2026-09-08 09:32:52,2026-09-08 09:42:09,Peinture 1
CityLine-0127,Lancement en production,2026-09-08 09:37:39,2026-09-08 09:37:39,Ordonnancement
CityLine-0116,Contrôle final,2026-09-08 09:38:12,2026-09-08 09:44:59,Contrôle 7
CityLine-0117,Accessoires,2026-09-08 09:39:25,2026-09-08 09:47:20,Montage 6
CityLine-0118,Roues,2026-09-08 09:40:52,2026-09-08 09:47:53,Montage 3
CityLine-0119,Fourche et direction,2026-09-08 09:42:09,2026-09-08 09:49:18,Montage 2
CityLine-0120,Cadre et peinture,2026-09-08 09:42:09,2026-09-08 09:50:41,Peinture 1
CityLine-0116,Expédition,2026-09-08 09:44:59,2026-09-08 09:49:59,Expédition
CityLine-0117,Contrôle final,2026-09-08 09:47:20,2026-09-08 09:54:02,Contrôle 7
CityLine-0118,Transmission,2026-09-08 09:47:53,2026-09-08 10:04:08,Montage 4
CityLine-0119,Roues,2026-09-08 09:49:18,2026-09-08 10:03:17,Montage 3
CityLine-0120,Fourche et direction,2026-09-08 09:50:41,2026-09-08 09:59:31,Montage 2
CityLine-0121,Cadre et peinture,2026-09-08 09:50:41,2026-09-08 10:00:14,Peinture 1
CityLine-0117,Expédition,2026-09-08 09:54:02,2026-09-08 09:59:02,Expédition
CityLine-0121,Fourche et direction,2026-09-08 10:00:14,2026-09-08 10:07:03,Montage 2
CityLine-0122,Cadre et peinture,2026-09-08 10:00:14,2026-09-08 10:10:49,Peinture 1
CityLine-0120,Roues,2026-09-08 10:03:17,2026-09-08 10:11:48,Montage 3
CityLine-0118,Freins,2026-09-08 10:04:08,2026-09-08 10:10:33,Montage 5
CityLine-0119,Transmission,2026-09-08 10:04:08,2026-09-08 10:25:48,Montage 4
CityLine-0118,Accessoires,2026-09-08 10:10:33,2026-09-08 10:18:20,Montage 6
CityLine-0122,Fourche et direction,2026-09-08 10:10:49,2026-09-08 10:18:48,Montage 2
CityLine-0123,Cadre et peinture,2026-09-08 10:10:49,2026-09-08 10:21:20,Peinture 1
CityLine-0121,Roues,2026-09-08 10:11:48,2026-09-08 10:22:41,Montage 3
CityLine-0128,Lancement en production,2026-09-08 10:13:20,2026-09-08 10:13:20,Ordonnancement
CityLine-0118,Contrôle final,2026-09-08 10:18:20,2026-09-08 10:24:39,Contrôle 7
CityLine-0129,Lancement en production,2026-09-08 10:20:46,2026-09-08 10:20:46,Ordonnancement
CityLine-0123,Fourche et direction,2026-09-08 10:21:20,2026-09-08 10:29:34,Montage 2
CityLine-0124,Changement de couleur,2026-09-08 10:21:20,2026-09-08 11:06:20,Peinture 1
CityLine-0122,Roues,2026-09-08 10:22:41,2026-09-08 10:32:18,Montage 3
CityLine-0118,Expédition,2026-09-08 10:24:39,2026-09-08 10:29:39,Expédition
CityLine-0119,Freins,2026-09-08 10:25:48,2026-09-08 10:35:20,Montage 5
CityLine-0120,Transmission,2026-09-08 10:25:48,2026-09-08 10:43:07,Montage 4
CityLine-0123,Roues,2026-09-08 10:32:18,2026-09-08 10:44:48,Montage 3
CityLine-0119,Accessoires,2026-09-08 10:35:20,2026-09-08 10:46:22,Montage 6
CityLine-0120,Freins,2026-09-08 10:43:07,2026-09-08 10:54:44,Montage 5
CityLine-0121,Transmission,2026-09-08 10:43:07,2026-09-08 11:01:12,Montage 4
CityLine-0119,Contrôle final,2026-09-08 10:46:22,2026-09-08 10:51:20,Contrôle 7
CityLine-0119,Expédition,2026-09-08 10:51:20,2026-09-08 10:56:20,Expédition
CityLine-0120,Accessoires,2026-09-08 10:54:44,2026-09-08 11:06:29,Montage 6
CityLine-0130,Lancement en production,2026-09-08 10:54:57,2026-09-08 10:54:57,Ordonnancement
CityLine-0131,Lancement en production,2026-09-08 10:58:51,2026-09-08 10:58:51,Ordonnancement
CityLine-0121,Freins,2026-09-08 11:01:12,2026-09-08 11:15:07,Montage 5
CityLine-0122,Transmission,2026-09-08 11:01:12,2026-09-08 11:16:25,Montage 4
CityLine-0124,Cadre et peinture,2026-09-08 11:06:20,2026-09-08 11:14:34,Peinture 1
CityLine-0120,Contrôle final,2026-09-08 11:06:29,2026-09-08 11:12:28,Contrôle 7
CityLine-0120,Expédition,2026-09-08 11:12:28,2026-09-08 11:17:28,Expédition
CityLine-0124,Fourche et direction,2026-09-08 11:14:34,2026-09-08 11:22:35,Montage 2
CityLine-0125,Cadre et peinture,2026-09-08 11:14:34,2026-09-08 11:22:38,Peinture 1
CityLine-0121,Accessoires,2026-09-08 11:15:07,2026-09-08 11:22:35,Montage 6
CityLine-0122,Freins,2026-09-08 11:16:25,2026-09-08 11:29:22,Montage 5
CityLine-0123,Transmission,2026-09-08 11:16:25,2026-09-08 11:37:54,Montage 4
CityLine-0124,Roues,2026-09-08 11:22:35,2026-09-08 11:32:37,Montage 3
CityLine-0121,Contrôle final,2026-09-08 11:22:35,2026-09-08 11:29:01,Contrôle 7
CityLine-0125,Fourche et direction,2026-09-08 11:22:38,2026-09-08 11:31:50,Montage 2
CityLine-0126,Cadre et peinture,2026-09-08 11:22:38,2026-09-08 11:31:31,Peinture 1
CityLine-0121,Expédition,2026-09-08 11:29:01,2026-09-08 11:34:01,Expédition
CityLine-0122,Accessoires,2026-09-08 11:29:22,2026-09-08 11:36:36,Montage 6
CityLine-0127,Cadre et peinture,2026-09-08 11:31:31,2026-09-08 11:39:26,Peinture 1
CityLine-0126,Fourche et direction,2026-09-08 11:31:50,2026-09-08 11:39:20,Montage 2
CityLine-0125,Roues,2026-09-08 11:32:37,2026-09-08 11:45:17,Montage 3
CityLine-0122,Contrôle final,2026-09-08 11:36:36,2026-09-08 11:45:04,Contrôle 7
CityLine-0123,Freins,2026-09-08 11:37:54,2026-09-08 11:49:07,Montage 5
CityLine-0124,Transmission,2026-09-08 11:37:54,2026-09-08 11:53:19,Montage 4
CityLine-0132,Lancement en production,2026-09-08 11:38:47,2026-09-08 11:38:47,Ordonnancement
CityLine-0127,Fourche et direction,2026-09-08 11:39:26,2026-09-08 11:46:34,Montage 2
CityLine-0128,Cadre et peinture,2026-09-08 11:39:26,2026-09-08 11:52:19,Peinture 1
CityLine-0122,Expédition,2026-09-08 11:45:04,2026-09-08 11:50:04,Expédition
CityLine-0126,Roues,2026-09-08 11:45:17,2026-09-08 11:54:03,Montage 3
CityLine-0123,Accessoires,2026-09-08 11:49:07,2026-09-08 11:56:58,Montage 6
CityLine-0133,Lancement en production,2026-09-08 11:50:49,2026-09-08 11:50:49,Ordonnancement
CityLine-0128,Fourche et direction,2026-09-08 11:52:19,2026-09-08 12:00:51,Montage 2
CityLine-0129,Cadre et peinture,2026-09-08 11:52:19,2026-09-08 12:01:27,Peinture 1
CityLine-0124,Freins,2026-09-08 11:53:19,2026-09-08 12:06:04,Montage 5
CityLine-0125,Transmission,2026-09-08 11:53:19,2026-09-08 12:11:14,Montage 4
CityLine-0127,Roues,2026-09-08 11:54:03,2026-09-08 12:04:32,Montage 3
CityLine-0123,Contrôle final,2026-09-08 11:56:58,2026-09-08 12:03:12,Contrôle 7
CityLine-0129,Fourche et direction,2026-09-08 12:01:27,2026-09-08 12:10:33,Montage 2
CityLine-0130,Changement de couleur,2026-09-08 12:01:27,2026-09-08 12:46:27,Peinture 1
CityLine-0123,Expédition,2026-09-08 12:03:12,2026-09-08 12:08:12,Expédition
CityLine-0128,Roues,2026-09-08 12:04:32,2026-09-08 12:15:07,Montage 3
CityLine-0124,Accessoires,2026-09-08 12:06:04,2026-09-08 12:14:16,Montage 6
CityLine-0125,Freins,2026-09-08 12:11:14,2026-09-08 12:23:31,Montage 5
CityLine-0126,Transmission,2026-09-08 12:11:14,2026-09-08 12:31:54,Montage 4
CityLine-0124,Contrôle final,2026-09-08 12:14:16,2026-09-08 12:19:57,Contrôle 7
CityLine-0129,Roues,2026-09-08 12:15:07,2026-09-08 12:27:17,Montage 3
CityLine-0124,Expédition,2026-09-08 12:19:57,2026-09-08 12:24:57,Expédition
CityLine-0134,Lancement en production,2026-09-08 12:22:12,2026-09-08 12:22:12,Ordonnancement
CityLine-0125,Accessoires,2026-09-08 12:23:31,2026-09-08 12:33:22,Montage 6
CityLine-0126,Freins,2026-09-08 12:31:54,2026-09-08 12:40:31,Montage 5
CityLine-0127,Transmission,2026-09-08 12:31:54,2026-09-08 12:46:28,Montage 4
CityLine-0125,Contrôle final,2026-09-08 12:33:22,2026-09-08 12:40:20,Contrôle 7
CityLine-0125,Retouche peinture,2026-09-08 12:40:20,2026-09-08 12:57:44,Retouche 8
CityLine-0126,Accessoires,2026-09-08 12:40:31,2026-09-08 12:52:25,Montage 6
CityLine-0130,Cadre et peinture,2026-09-08 12:46:27,2026-09-08 12:55:31,Peinture 1
CityLine-0127,Freins,2026-09-08 12:46:28,2026-09-08 12:58:48,Montage 5
CityLine-0128,Transmission,2026-09-08 12:46:28,2026-09-08 13:05:35,Montage 4
CityLine-0130,Fourche et direction,2026-09-08 12:55:31,2026-09-08 13:03:56,Montage 2
CityLine-0131,Cadre et peinture,2026-09-08 12:55:31,2026-09-08 13:05:49,Peinture 1
CityLine-0125,Contrôle final,2026-09-08 12:57:44,2026-09-08 13:04:43,Contrôle 7
CityLine-0127,Accessoires,2026-09-08 12:58:48,2026-09-08 13:08:01,Montage 6
CityLine-0130,Roues,2026-09-08 13:03:56,2026-09-08 13:13:36,Montage 3
CityLine-0125,Expédition,2026-09-08 13:04:43,2026-09-08 13:09:43,Expédition
CityLine-0126,Contrôle final,2026-09-08 13:04:43,2026-09-08 13:12:49,Contrôle 7
CityLine-0128,Freins,2026-09-08 13:05:35,2026-09-08 13:16:14,Montage 5
CityLine-0129,Transmission,2026-09-08 13:05:35,2026-09-08 13:26:41,Montage 4
CityLine-0131,Fourche et direction,2026-09-08 13:05:49,2026-09-08 13:12:09,Montage 2
CityLine-0132,Cadre et peinture,2026-09-08 13:05:49,2026-09-08 13:14:49,Peinture 1
CityLine-0135,Lancement en production,2026-09-08 13:08:04,2026-09-08 13:08:04,Ordonnancement
CityLine-0126,Retouche peinture,2026-09-08 13:12:49,2026-09-08 13:33:52,Retouche 8
CityLine-0131,Roues,2026-09-08 13:13:36,2026-09-08 13:24:42,Montage 3
CityLine-0132,Fourche et direction,2026-09-08 13:14:49,2026-09-08 13:22:14,Montage 2
CityLine-0133,Cadre et peinture,2026-09-08 13:14:49,2026-09-08 13:28:00,Peinture 1
CityLine-0128,Accessoires,2026-09-08 13:16:14,2026-09-08 13:23:34,Montage 6
CityLine-0136,Lancement en production,2026-09-08 13:18:35,2026-09-08 13:18:35,Ordonnancement
CityLine-0132,Roues,2026-09-08 13:24:42,2026-09-08 13:34:53,Montage 3
CityLine-0137,Lancement en production,2026-09-08 13:25:16,2026-09-08 13:25:16,Ordonnancement
CityLine-0129,Freins,2026-09-08 13:26:41,2026-09-08 13:40:38,Montage 5
CityLine-0130,Transmission,2026-09-08 13:26:41,2026-09-08 13:45:45,Montage 4
CityLine-0133,Fourche et direction,2026-09-08 13:28:00,2026-09-08 13:36:57,Montage 2
CityLine-0134,Cadre et peinture,2026-09-08 13:28:00,2026-09-08 13:37:54,Peinture 1
CityLine-0126,Contrôle final,2026-09-08 13:33:52,2026-09-08 13:41:12,Contrôle 7
CityLine-0133,Roues,2026-09-08 13:36:57,2026-09-08 13:51:27,Montage 3
CityLine-0134,Fourche et direction,2026-09-08 13:37:54,2026-09-08 13:47:09,Montage 2
CityLine-0135,Changement de couleur,2026-09-08 13:37:54,2026-09-08 14:22:54,Peinture 1
CityLine-0129,Accessoires,2026-09-08 13:40:38,2026-09-08 13:50:54,Montage 6
CityLine-0126,Expédition,2026-09-08 13:41:12,2026-09-08 13:46:12,Expédition
CityLine-0127,Contrôle final,2026-09-08 13:41:12,2026-09-08 13:47:10,Contrôle 7
CityLine-0130,Freins,2026-09-08 13:45:45,2026-09-08 13:58:53,Montage 5
CityLine-0131,Transmission,2026-09-08 13:45:45,2026-09-08 13:58:07,Montage 4
CityLine-0127,Expédition,2026-09-08 13:47:10,2026-09-08 13:52:10,Expédition
CityLine-0128,Contrôle final,2026-09-08 13:47:10,2026-09-08 13:53:21,Contrôle 7
CityLine-0138,Lancement en production,2026-09-08 13:49:15,2026-09-08 13:49:15,Ordonnancement
CityLine-0134,Roues,2026-09-08 13:51:27,2026-09-08 14:01:08,Montage 3
CityLine-0128,Expédition,2026-09-08 13:53:21,2026-09-08 13:58:21,Expédition
CityLine-0129,Contrôle final,2026-09-08 13:53:21,2026-09-08 14:01:19,Contrôle 7
CityLine-0132,Transmission,2026-09-08 13:58:07,2026-09-08 14:19:03,Montage 4
CityLine-0130,Accessoires,2026-09-08 13:58:53,2026-09-08 14:05:42,Montage 6
CityLine-0131,Freins,2026-09-08 13:58:53,2026-09-08 14:06:14,Montage 5
CityLine-0129,Expédition,2026-09-08 14:01:19,2026-09-08 14:06:19,Expédition
CityLine-0130,Contrôle final,2026-09-08 14:05:42,2026-09-08 14:11:25,Contrôle 7
CityLine-0131,Accessoires,2026-09-08 14:06:14,2026-09-08 14:16:24,Montage 6
CityLine-0130,Expédition,2026-09-08 14:11:25,2026-09-08 14:16:25,Expédition
CityLine-0139,Lancement en production,2026-09-08 14:11:26,2026-09-08 14:11:26,Ordonnancement
CityLine-0140,Lancement en production,2026-09-08 14:16:15,2026-09-08 14:16:15,Ordonnancement
CityLine-0131,Contrôle final,2026-09-08 14:16:24,2026-09-08 14:21:45,Contrôle 7
CityLine-0132,Freins,2026-09-08 14:19:03,2026-09-08 14:32:01,Montage 5
CityLine-0133,Transmission,2026-09-08 14:19:03,2026-09-08 14:39:47,Montage 4
CityLine-0131,Expédition,2026-09-08 14:21:45,2026-09-08 14:26:45,Expédition
CityLine-0135,Cadre et peinture,2026-09-08 14:22:54,2026-09-08 14:31:20,Peinture 1
CityLine-0135,Fourche et direction,2026-09-08 14:31:20,2026-09-08 14:41:14,Montage 2
CityLine-0136,Cadre et peinture,2026-09-08 14:31:20,2026-09-08 14:42:23,Peinture 1
CityLine-0132,Accessoires,2026-09-08 14:32:01,2026-09-08 14:40:36,Montage 6
CityLine-0133,Freins,2026-09-08 14:39:47,2026-09-08 14:53:37,Montage 5
CityLine-0134,Transmission,2026-09-08 14:39:47,2026-09-08 14:59:16,Montage 4
CityLine-0132,Contrôle final,2026-09-08 14:40:36,2026-09-08 14:48:33,Contrôle 7
CityLine-0135,Roues,2026-09-08 14:41:14,2026-09-08 14:51:00,Montage 3
CityLine-0136,Fourche et direction,2026-09-08 14:42:23,2026-09-08 14:49:21,Montage 2
CityLine-0137,Cadre et peinture,2026-09-08 14:42:23,2026-09-08 14:51:57,Peinture 1
CityLine-0137,Fourche et direction,2026-09-08 14:51:57,2026-09-08 14:57:52,Montage 2
CityLine-0141,Lancement en production,2026-09-08 14:59:17,2026-09-08 14:59:17,Ordonnancement
CityLine-0132,Retouche peinture,2026-09-09 07:00:00,2026-09-09 07:12:40,Retouche 8
CityLine-0133,Accessoires,2026-09-09 07:00:00,2026-09-09 07:07:14,Montage 6
CityLine-0134,Freins,2026-09-09 07:00:00,2026-09-09 07:09:04,Montage 5
CityLine-0135,Transmission,2026-09-09 07:00:00,2026-09-09 07:17:43,Montage 4
CityLine-0136,Roues,2026-09-09 07:00:00,2026-09-09 07:13:16,Montage 3
CityLine-0138,Cadre et peinture,2026-09-09 07:00:00,2026-09-09 07:11:17,Peinture 1
CityLine-0142,Lancement en production,2026-09-09 07:02:54,2026-09-09 07:02:54,Ordonnancement
CityLine-0134,Accessoires,2026-09-09 07:09:04,2026-09-09 07:17:16,Montage 6
CityLine-0138,Fourche et direction,2026-09-09 07:11:17,2026-09-09 07:17:47,Montage 2
CityLine-0139,Cadre et peinture,2026-09-09 07:11:17,2026-09-09 07:22:42,Peinture 1
CityLine-0132,Contrôle final,2026-09-09 07:12:40,2026-09-09 07:19:37,Contrôle 7
CityLine-0137,Roues,2026-09-09 07:13:16,2026-09-09 07:27:37,Montage 3
CityLine-0143,Lancement en production,2026-09-09 07:14:49,2026-09-09 07:14:49,Ordonnancement
CityLine-0135,Freins,2026-09-09 07:17:43,2026-09-09 07:29:45,Montage 5
CityLine-0136,Transmission,2026-09-09 07:17:43,2026-09-09 07:36:37,Montage 4
CityLine-0132,Expédition,2026-09-09 07:19:37,2026-09-09 07:24:37,Expédition
CityLine-0133,Contrôle final,2026-09-09 07:19:37,2026-09-09 07:25:13,Contrôle 7
CityLine-0144,Lancement en production,2026-09-09 07:21:26,2026-09-09 07:21:26,Ordonnancement
CityLine-0139,Fourche et direction,2026-09-09 07:22:42,2026-09-09 07:28:37,Montage 2
CityLine-0140,Changement de couleur,2026-09-09 07:22:42,2026-09-09 08:07:42,Peinture 1
CityLine-0133,Expédition,2026-09-09 07:25:13,2026-09-09 07:30:13,Expédition
CityLine-0134,Contrôle final,2026-09-09 07:25:13,2026-09-09 07:33:30,Contrôle 7
CityLine-0138,Roues,2026-09-09 07:27:37,2026-09-09 07:40:17,Montage 3
CityLine-0135,Accessoires,2026-09-09 07:29:45,2026-09-09 07:40:29,Montage 6
CityLine-0134,Retouche peinture,2026-09-09 07:33:30,2026-09-09 07:49:40,Retouche 8
CityLine-0136,Freins,2026-09-09 07:36:37,2026-09-09 07:45:36,Montage 5
CityLine-0137,Transmission,2026-09-09 07:36:37,2026-09-09 07:50:47,Montage 4
CityLine-0139,Roues,2026-09-09 07:40:17,2026-09-09 07:50:20,Montage 3
CityLine-0145,Lancement en production,2026-09-09 07:41:56,2026-09-09 07:41:56,Ordonnancement
CityLine-0146,Lancement en production,2026-09-09 07:45:07,2026-09-09 07:45:07,Ordonnancement
CityLine-0136,Accessoires,2026-09-09 07:45:36,2026-09-09 07:55:15,Montage 6
CityLine-0134,Contrôle final,2026-09-09 07:49:40,2026-09-09 07:56:54,Contrôle 7
CityLine-0137,Freins,2026-09-09 07:50:47,2026-09-09 08:01:21,Montage 5
CityLine-0138,Transmission,2026-09-09 07:50:47,2026-09-09 08:11:07,Montage 4
CityLine-0134,Expédition,2026-09-09 07:56:54,2026-09-09 08:01:54,Expédition
CityLine-0135,Contrôle final,2026-09-09 07:56:54,2026-09-09 08:02:28,Contrôle 7
CityLine-0137,Accessoires,2026-09-09 08:01:21,2026-09-09 08:12:13,Montage 6
CityLine-0135,Retouche peinture,2026-09-09 08:02:28,2026-09-09 08:18:41,Retouche 8
CityLine-0140,Cadre et peinture,2026-09-09 08:07:42,2026-09-09 08:19:00,Peinture 1
CityLine-0138,Freins,2026-09-09 08:11:07,2026-09-09 08:22:24,Montage 5
CityLine-0139,Transmission,2026-09-09 08:11:07,2026-09-09 08:25:18,Montage 4
CityLine-0135,Contrôle final,2026-09-09 08:18:41,2026-09-09 08:24:58,Contrôle 7
CityLine-0140,Fourche et direction,2026-09-09 08:19:00,2026-09-09 08:28:34,Montage 2
CityLine-0141,Cadre et peinture,2026-09-09 08:19:00,2026-09-09 08:30:35,Peinture 1
CityLine-0138,Accessoires,2026-09-09 08:22:24,2026-09-09 08:29:21,Montage 6
CityLine-0135,Expédition,2026-09-09 08:24:58,2026-09-09 08:29:58,Expédition
CityLine-0136,Contrôle final,2026-09-09 08:24:58,2026-09-09 08:32:12,Contrôle 7
CityLine-0139,Freins,2026-09-09 08:25:18,2026-09-09 08:35:55,Montage 5
CityLine-0140,Roues,2026-09-09 08:28:34,2026-09-09 08:38:50,Montage 3
CityLine-0141,Fourche et direction,2026-09-09 08:30:35,2026-09-09 08:38:53,Montage 2
CityLine-0142,Cadre et peinture,2026-09-09 08:30:35,2026-09-09 08:37:53,Peinture 1
CityLine-0136,Expédition,2026-09-09 08:32:12,2026-09-09 08:37:12,Expédition
CityLine-0137,Contrôle final,2026-09-09 08:32:12,2026-09-09 08:39:56,Contrôle 7
CityLine-0139,Accessoires,2026-09-09 08:35:55,2026-09-09 08:43:34,Montage 6
CityLine-0143,Cadre et peinture,2026-09-09 08:37:53,2026-09-09 08:46:22,Peinture 1
CityLine-0140,Transmission,2026-09-09 08:38:50,2026-09-09 08:56:52,Montage 4
CityLine-0141,Roues,2026-09-09 08:38:53,2026-09-09 08:50:00,Montage 3
CityLine-0142,Fourche et direction,2026-09-09 08:38:53,2026-09-09 08:45:31,Montage 2
CityLine-0137,Expédition,2026-09-09 08:39:56,2026-09-09 08:44:56,Expédition
CityLine-0138,Contrôle final,2026-09-09 08:39:56,2026-09-09 08:48:30,Contrôle 7
CityLine-0143,Fourche et direction,2026-09-09 08:46:22,2026-09-09 08:54:07,Montage 2
CityLine-0144,Cadre et peinture,2026-09-09 08:46:22,2026-09-09 08:54:41,Peinture 1
CityLine-0138,Expédition,2026-09-09 08:48:30,2026-09-09 08:53:30,Expédition
CityLine-0139,Contrôle final,2026-09-09 08:48:30,2026-09-09 08:54:44,Contrôle 7
CityLine-0142,Roues,2026-09-09 08:50:00,2026-09-09 09:01:46,Montage 3
CityLine-0144,Fourche et direction,2026-09-09 08:54:41,2026-09-09 09:01:23,Montage 2
CityLine-0145,Cadre et peinture,2026-09-09 08:54:41,2026-09-09 09:06:17,Peinture 1
CityLine-0139,Expédition,2026-09-09 08:54:44,2026-09-09 08:59:44,Expédition
CityLine-0140,Freins,2026-09-09 08:56:52,2026-09-09 09:10:02,Montage 5
CityLine-0141,Transmission,2026-09-09 08:56:52,2026-09-09 09:12:57,Montage 4
CityLine-0143,Roues,2026-09-09 09:01:46,2026-09-09 09:13:34,Montage 3
CityLine-0145,Fourche et direction,2026-09-09 09:06:17,2026-09-09 09:12:59,Montage 2
CityLine-0146,Changement de couleur,2026-09-09 09:06:17,2026-09-09 09:51:17,Peinture 1
CityLine-0140,Accessoires,2026-09-09 09:10:02,2026-09-09 09:21:47,Montage 6
CityLine-0141,Freins,2026-09-09 09:12:57,2026-09-09 09:24:02,Montage 5
CityLine-0142,Transmission,2026-09-09 09:12:57,2026-09-09 09:29:41,Montage 4
CityLine-0144,Roues,2026-09-09 09:13:34,2026-09-09 09:26:13,Montage 3
CityLine-0140,Contrôle final,2026-09-09 09:21:47,2026-09-09 09:29:55,Contrôle 7
CityLine-0141,Accessoires,2026-09-09 09:24:02,2026-09-09 09:33:43,Montage 6
CityLine-0145,Roues,2026-09-09 09:26:13,2026-09-09 09:40:16,Montage 3
CityLine-0147,Lancement en production,2026-09-09 09:29:16,2026-09-09 09:29:16,Ordonnancement
CityLine-0142,Freins,2026-09-09 09:29:41,2026-09-09 09:40:15,Montage 5
CityLine-0143,Transmission,2026-09-09 09:29:41,2026-09-09 09:44:06,Montage 4
CityLine-0140,Retouche peinture,2026-09-09 09:29:55,2026-09-09 09:45:36,Retouche 8
CityLine-0142,Accessoires,2026-09-09 09:40:15,2026-09-09 09:48:01,Montage 6
CityLine-0143,Freins,2026-09-09 09:44:06,2026-09-09 09:57:09,Montage 5
CityLine-0144,Transmission,2026-09-09 09:44:06,2026-09-09 10:07:38,Montage 4
CityLine-0140,Contrôle final,2026-09-09 09:45:36,2026-09-09 09:50:13,Contrôle 7
CityLine-0140,Expédition,2026-09-09 09:50:13,2026-09-09 09:55:13,Expédition
CityLine-0141,Contrôle final,2026-09-09 09:50:13,2026-09-09 09:58:17,Contrôle 7
CityLine-0146,Cadre et peinture,2026-09-09 09:51:17,2026-09-09 09:59:51,Peinture 1
CityLine-0148,Lancement en production,2026-09-09 09:53:06,2026-09-09 09:53:06,Ordonnancement
CityLine-0143,Accessoires,2026-09-09 09:57:09,2026-09-09 10:04:49,Montage 6
CityLine-0141,Expédition,2026-09-09 09:58:17,2026-09-09 10:03:17,Expédition
CityLine-0142,Contrôle final,2026-09-09 09:58:17,2026-09-09 10:05:38,Contrôle 7
CityLine-0146,Fourche et direction,2026-09-09 09:59:51,2026-09-09 10:04:38,Montage 2
CityLine-0147,Cadre et peinture,2026-09-09 09:59:51,2026-09-09 10:09:33,Peinture 1
CityLine-0146,Roues,2026-09-09 10:04:38,2026-09-09 10:17:28,Montage 3
CityLine-0142,Expédition,2026-09-09 10:05:38,2026-09-09 10:10:38,Expédition
CityLine-0143,Contrôle final,2026-09-09 10:05:38,2026-09-09 10:16:04,Contrôle 7
CityLine-0144,Freins,2026-09-09 10:07:38,2026-09-09 10:18:48,Montage 5
CityLine-0145,Transmission,2026-09-09 10:07:38,2026-09-09 10:29:08,Montage 4
CityLine-0149,Lancement en production,2026-09-09 10:09:01,2026-09-09 10:09:01,Ordonnancement
CityLine-0147,Fourche et direction,2026-09-09 10:09:33,2026-09-09 10:17:48,Montage 2
CityLine-0148,Cadre et peinture,2026-09-09 10:09:33,2026-09-09 10:20:41,Peinture 1
CityLine-0150,Lancement en production,2026-09-09 10:11:22,2026-09-09 10:11:22,Ordonnancement
CityLine-0143,Expédition,2026-09-09 10:16:04,2026-09-09 10:21:04,Expédition
CityLine-0147,Roues,2026-09-09 10:17:48,2026-09-09 10:32:14,Montage 3
CityLine-0144,Accessoires,2026-09-09 10:18:48,2026-09-09 10:28:05,Montage 6
CityLine-0148,Fourche et direction,2026-09-09 10:20:41,2026-09-09 10:30:08,Montage 2
CityLine-0149,Cadre et peinture,2026-09-09 10:20:41,2026-09-09 10:30:22,Peinture 1
CityLine-0144,Contrôle final,2026-09-09 10:28:05,2026-09-09 10:34:26,Contrôle 7
CityLine-0145,Freins,2026-09-09 10:29:08,2026-09-09 10:42:11,Montage 5
CityLine-0146,Transmission,2026-09-09 10:29:08,2026-09-09 10:47:32,Montage 4
CityLine-0149,Fourche et direction,2026-09-09 10:30:22,2026-09-09 10:36:37,Montage 2
CityLine-0150,Cadre et peinture,2026-09-09 10:30:22,2026-09-09 10:41:54,Peinture 1
CityLine-0151,Lancement en production,2026-09-09 10:30:26,2026-09-09 10:30:26,Ordonnancement
CityLine-0148,Roues,2026-09-09 10:32:14,2026-09-09 10:45:36,Montage 3
CityLine-0144,Expédition,2026-09-09 10:34:26,2026-09-09 10:39:26,Expédition
CityLine-0150,Fourche et direction,2026-09-09 10:41:54,2026-09-09 10:51:31,Montage 2
CityLine-0151,Cadre et peinture,2026-09-09 10:41:54,2026-09-09 10:52:01,Peinture 1
CityLine-0145,Accessoires,2026-09-09 10:42:11,2026-09-09 10:50:07,Montage 6
CityLine-0149,Roues,2026-09-09 10:45:36,2026-09-09 10:57:51,Montage 3
CityLine-0152,Lancement en production,2026-09-09 10:46:36,2026-09-09 10:46:36,Ordonnancement
CityLine-0146,Freins,2026-09-09 10:47:32,2026-09-09 11:01:51,Montage 5
CityLine-0147,Transmission,2026-09-09 10:47:32,2026-09-09 11:02:44,Montage 4
CityLine-0145,Contrôle final,2026-09-09 10:50:07,2026-09-09 10:57:12,Contrôle 7
CityLine-0151,Fourche et direction,2026-09-09 10:52:01,2026-09-09 11:01:31,Montage 2
CityLine-0152,Changement de couleur,2026-09-09 10:52:01,2026-09-09 11:37:01,Peinture 1
CityLine-0153,Lancement en production,2026-09-09 10:55:03,2026-09-09 10:55:03,Ordonnancement
CityLine-0145,Expédition,2026-09-09 10:57:12,2026-09-09 11:02:12,Expédition
CityLine-0150,Roues,2026-09-09 10:57:51,2026-09-09 11:07:21,Montage 3
CityLine-0146,Accessoires,2026-09-09 11:01:51,2026-09-09 11:10:38,Montage 6
CityLine-0147,Freins,2026-09-09 11:02:44,2026-09-09 11:12:29,Montage 5
CityLine-0148,Transmission,2026-09-09 11:02:44,2026-09-09 11:20:12,Montage 4
CityLine-0151,Roues,2026-09-09 11:07:21,2026-09-09 11:17:55,Montage 3
CityLine-0146,Contrôle final,2026-09-09 11:10:38,2026-09-09 11:17:52,Contrôle 7
CityLine-0147,Accessoires,2026-09-09 11:12:29,2026-09-09 11:19:10,Montage 6
CityLine-0146,Retouche peinture,2026-09-09 11:17:52,2026-09-09 11:30:54,Retouche 8
CityLine-0148,Freins,2026-09-09 11:20:12,2026-09-09 11:32:16,Montage 5
CityLine-0149,Transmission,2026-09-09 11:20:12,2026-09-09 11:39:40,Montage 4
CityLine-0154,Lancement en production,2026-09-09 11:25:15,2026-09-09 11:25:15,Ordonnancement
CityLine-0146,Contrôle final,2026-09-09 11:30:54,2026-09-09 11:37:53,Contrôle 7
CityLine-0155,Lancement en production,2026-09-09 11:32:12,2026-09-09 11:32:12,Ordonnancement
CityLine-0148,Accessoires,2026-09-09 11:32:16,2026-09-09 11:42:22,Montage 6
CityLine-0156,Lancement en production,2026-09-09 11:36:27,2026-09-09 11:36:27,Ordonnancement
CityLine-0152,Cadre et peinture,2026-09-09 11:37:01,2026-09-09 11:46:40,Peinture 1
CityLine-0146,Expédition,2026-09-09 11:37:53,2026-09-09 11:42:53,Expédition
CityLine-0147,Contrôle final,2026-09-09 11:37:53,2026-09-09 11:45:33,Contrôle 7
CityLine-0149,Freins,2026-09-09 11:39:40,2026-09-09 11:51:27,Montage 5
CityLine-0150,Transmission,2026-09-09 11:39:40,2026-09-09 12:01:17,Montage 4
CityLine-0147,Expédition,2026-09-09 11:45:33,2026-09-09 11:50:33,Expédition
CityLine-0148,Contrôle final,2026-09-09 11:45:33,2026-09-09 11:53:01,Contrôle 7
CityLine-0152,Fourche et direction,2026-09-09 11:46:40,2026-09-09 11:53:25,Montage 2
CityLine-0153,Cadre et peinture,2026-09-09 11:46:40,2026-09-09 11:56:24,Peinture 1
CityLine-0149,Accessoires,2026-09-09 11:51:27,2026-09-09 12:00:56,Montage 6
CityLine-0148,Expédition,2026-09-09 11:53:01,2026-09-09 11:58:01,Expédition
CityLine-0152,Roues,2026-09-09 11:53:25,2026-09-09 12:05:50,Montage 3
CityLine-0153,Fourche et direction,2026-09-09 11:56:24,2026-09-09 12:02:23,Montage 2
CityLine-0154,Cadre et peinture,2026-09-09 11:56:24,2026-09-09 12:05:27,Peinture 1
CityLine-0149,Contrôle final,2026-09-09 12:00:56,2026-09-09 12:05:59,Contrôle 7
CityLine-0150,Freins,2026-09-09 12:01:17,2026-09-09 12:13:33,Montage 5
CityLine-0151,Transmission,2026-09-09 12:01:17,2026-09-09 12:17:54,Montage 4
CityLine-0157,Lancement en production,2026-09-09 12:03:39,2026-09-09 12:03:39,Ordonnancement
CityLine-0158,Lancement en production,2026-09-09 12:05:17,2026-09-09 12:05:17,Ordonnancement
CityLine-0154,Fourche et direction,2026-09-09 12:05:27,2026-09-09 12:11:18,Montage 2
CityLine-0155,Cadre et peinture,2026-09-09 12:05:27,2026-09-09 12:16:37,Peinture 1
CityLine-0153,Roues,2026-09-09 12:05:50,2026-09-09 12:17:16,Montage 3
CityLine-0149,Expédition,2026-09-09 12:05:59,2026-09-09 12:10:59,Expédition
CityLine-0150,Accessoires,2026-09-09 12:13:33,2026-09-09 12:22:36,Montage 6
CityLine-0155,Fourche et direction,2026-09-09 12:16:37,2026-09-09 12:24:52,Montage 2
CityLine-0156,Cadre et peinture,2026-09-09 12:16:37,2026-09-09 12:26:15,Peinture 1
CityLine-0154,Roues,2026-09-09 12:17:16,2026-09-09 12:28:56,Montage 3
CityLine-0151,Freins,2026-09-09 12:17:54,2026-09-09 12:30:42,Montage 5
CityLine-0152,Transmission,2026-09-09 12:17:54,2026-09-09 12:29:45,Montage 4
CityLine-0150,Contrôle final,2026-09-09 12:22:36,2026-09-09 12:30:18,Contrôle 7
CityLine-0159,Lancement en production,2026-09-09 12:23:45,2026-09-09 12:23:45,Ordonnancement
CityLine-0156,Fourche et direction,2026-09-09 12:26:15,2026-09-09 12:32:41,Montage 2
CityLine-0157,Cadre et peinture,2026-09-09 12:26:15,2026-09-09 12:37:39,Peinture 1
CityLine-0155,Roues,2026-09-09 12:28:56,2026-09-09 12:44:23,Montage 3
CityLine-0153,Transmission,2026-09-09 12:29:45,2026-09-09 12:42:21,Montage 4
CityLine-0150,Expédition,2026-09-09 12:30:18,2026-09-09 12:35:18,Expédition
CityLine-0151,Accessoires,2026-09-09 12:30:42,2026-09-09 12:39:36,Montage 6
CityLine-0152,Freins,2026-09-09 12:30:42,2026-09-09 12:38:07,Montage 5
CityLine-0157,Fourche et direction,2026-09-09 12:37:39,2026-09-09 12:44:46,Montage 2
CityLine-0158,Changement de couleur,2026-09-09 12:37:39,2026-09-09 13:22:39,Peinture 1
CityLine-0151,Contrôle final,2026-09-09 12:39:36,2026-09-09 12:45:07,Contrôle 7
CityLine-0152,Accessoires,2026-09-09 12:39:36,2026-09-09 12:48:35,Montage 6
CityLine-0153,Freins,2026-09-09 12:42:21,2026-09-09 12:54:02,Montage 5
CityLine-0154,Transmission,2026-09-09 12:42:21,2026-09-09 12:56:10,Montage 4
CityLine-0156,Roues,2026-09-09 12:44:23,2026-09-09 12:58:05,Montage 3
CityLine-0151,Expédition,2026-09-09 12:45:07,2026-09-09 12:50:07,Expédition
CityLine-0152,Contrôle final,2026-09-09 12:48:35,2026-09-09 12:55:49,Contrôle 7
CityLine-0153,Accessoires,2026-09-09 12:54:02,2026-09-09 13:03:27,Montage 6
CityLine-0152,Expédition,2026-09-09 12:55:49,2026-09-09 13:00:49,Expédition
CityLine-0154,Freins,2026-09-09 12:56:10,2026-09-09 13:05:16,Montage 5
CityLine-0155,Transmission,2026-09-09 12:56:10,2026-09-09 13:15:53,Montage 4
CityLine-0157,Roues,2026-09-09 12:58:05,2026-09-09 13:11:23,Montage 3
CityLine-0153,Contrôle final,2026-09-09 13:03:27,2026-09-09 13:08:14,Contrôle 7
CityLine-0154,Accessoires,2026-09-09 13:05:16,2026-09-09 13:16:51,Montage 6
CityLine-0153,Expédition,2026-09-09 13:08:14,2026-09-09 13:13:14,Expédition
CityLine-0155,Freins,2026-09-09 13:15:53,2026-09-09 13:21:25,Montage 5
CityLine-0156,Transmission,2026-09-09 13:15:53,2026-09-09 13:35:35,Montage 4
CityLine-0154,Contrôle final,2026-09-09 13:16:51,2026-09-09 13:24:42,Contrôle 7
CityLine-0155,Accessoires,2026-09-09 13:21:25,2026-09-09 13:29:57,Montage 6
CityLine-0158,Cadre et peinture,2026-09-09 13:22:39,2026-09-09 13:32:16,Peinture 1
CityLine-0160,Lancement en production,2026-09-09 13:22:50,2026-09-09 13:22:50,Ordonnancement
CityLine-0161,Lancement en production,2026-09-09 13:23:33,2026-09-09 13:23:33,Ordonnancement
CityLine-0154,Expédition,2026-09-09 13:24:42,2026-09-09 13:29:42,Expédition
CityLine-0155,Contrôle final,2026-09-09 13:29:57,2026-09-09 13:36:02,Contrôle 7
CityLine-0158,Fourche et direction,2026-09-09 13:32:16,2026-09-09 13:38:07,Montage 2
CityLine-0159,Cadre et peinture,2026-09-09 13:32:16,2026-09-09 13:39:48,Peinture 1
CityLine-0156,Freins,2026-09-09 13:35:35,2026-09-09 13:46:08,Montage 5
CityLine-0157,Transmission,2026-09-09 13:35:35,2026-09-09 13:52:44,Montage 4
CityLine-0155,Expédition,2026-09-09 13:36:02,2026-09-09 13:41:02,Expédition
CityLine-0158,Roues,2026-09-09 13:38:07,2026-09-09 13:46:54,Montage 3
CityLine-0159,Fourche et direction,2026-09-09 13:39:48,2026-09-09 13:48:47,Montage 2
CityLine-0160,Cadre et peinture,2026-09-09 13:39:48,2026-09-09 13:49:47,Peinture 1
CityLine-0156,Accessoires,2026-09-09 13:46:08,2026-09-09 13:56:14,Montage 6
CityLine-0159,Roues,2026-09-09 13:48:47,2026-09-09 13:59:26,Montage 3
CityLine-0160,Fourche et direction,2026-09-09 13:49:47,2026-09-09 13:59:36,Montage 2
CityLine-0161,Cadre et peinture,2026-09-09 13:49:47,2026-09-09 14:02:38,Peinture 1
CityLine-0162,Lancement en production,2026-09-09 13:52:21,2026-09-09 13:52:21,Ordonnancement
CityLine-0157,Freins,2026-09-09 13:52:44,2026-09-09 13:59:50,Montage 5
CityLine-0158,Transmission,2026-09-09 13:52:44,2026-09-09 14:07:49,Montage 4
CityLine-0156,Contrôle final,2026-09-09 13:56:14,2026-09-09 14:04:05,Contrôle 7
CityLine-0160,Roues,2026-09-09 13:59:36,2026-09-09 14:11:53,Montage 3
CityLine-0157,Accessoires,2026-09-09 13:59:50,2026-09-09 14:08:53,Montage 6
CityLine-0161,Fourche et direction,2026-09-09 14:02:38,2026-09-09 14:11:39,Montage 2
CityLine-0162,Cadre et peinture,2026-09-09 14:02:38,2026-09-09 14:08:40,Peinture 1
CityLine-0156,Expédition,2026-09-09 14:04:05,2026-09-09 14:09:05,Expédition
CityLine-0163,Lancement en production,2026-09-09 14:06:10,2026-09-09 14:06:10,Ordonnancement
CityLine-0158,Freins,2026-09-09 14:07:49,2026-09-09 14:19:17,Montage 5
CityLine-0159,Transmission,2026-09-09 14:07:49,2026-09-09 14:26:21,Montage 4
CityLine-0163,Cadre et peinture,2026-09-09 14:08:40,2026-09-09 14:16:55,Peinture 1
CityLine-0164,Lancement en production,2026-09-09 14:08:47,2026-09-09 14:08:47,Ordonnancement
CityLine-0157,Contrôle final,2026-09-09 14:08:53,2026-09-09 14:13:39,Contrôle 7
CityLine-0162,Fourche et direction,2026-09-09 14:11:39,2026-09-09 14:18:04,Montage 2
CityLine-0161,Roues,2026-09-09 14:11:53,2026-09-09 14:21:35,Montage 3
CityLine-0157,Expédition,2026-09-09 14:13:39,2026-09-09 14:18:39,Expédition
CityLine-0165,Lancement en production,2026-09-09 14:16:29,2026-09-09 14:16:29,Ordonnancement
CityLine-0163,Fourche et direction,2026-09-09 14:18:04,2026-09-09 14:27:17,Montage 2
CityLine-0158,Accessoires,2026-09-09 14:19:17,2026-09-09 14:30:22,Montage 6
CityLine-0162,Roues,2026-09-09 14:21:35,2026-09-09 14:31:30,Montage 3
CityLine-0159,Freins,2026-09-09 14:26:21,2026-09-09 14:39:44,Montage 5
CityLine-0160,Transmission,2026-09-09 14:26:21,2026-09-09 14:40:22,Montage 4
CityLine-0158,Contrôle final,2026-09-09 14:30:22,2026-09-09 14:38:16,Contrôle 7
CityLine-0166,Lancement en production,2026-09-09 14:30:42,2026-09-09 14:30:42,Ordonnancement
CityLine-0163,Roues,2026-09-09 14:31:30,2026-09-09 14:42:23,Montage 3
CityLine-0158,Expédition,2026-09-09 14:38:16,2026-09-09 14:43:16,Expédition
CityLine-0159,Accessoires,2026-09-09 14:39:44,2026-09-09 14:47:38,Montage 6
CityLine-0160,Freins,2026-09-09 14:40:22,2026-09-09 14:55:19,Montage 5
CityLine-0159,Contrôle final,2026-09-09 14:47:38,2026-09-09 14:55:38,Contrôle 7
CityLine-0159,Expédition,2026-09-10 07:00:00,2026-09-10 07:05:00,Expédition
CityLine-0160,Accessoires,2026-09-10 07:00:00,2026-09-10 07:07:16,Montage 6
CityLine-0161,Transmission,2026-09-10 07:00:00,2026-09-10 07:20:07,Montage 4
CityLine-0164,Changement de couleur,2026-09-10 07:00:00,2026-09-10 07:45:00,Peinture 1
CityLine-0167,Lancement en production,2026-09-10 07:03:16,2026-09-10 07:03:16,Ordonnancement
CityLine-0168,Lancement en production,2026-09-10 07:04:48,2026-09-10 07:04:48,Ordonnancement
CityLine-0160,Contrôle final,2026-09-10 07:07:16,2026-09-10 07:11:28,Contrôle 7
CityLine-0160,Retouche peinture,2026-09-10 07:11:28,2026-09-10 07:22:47,Retouche 8
CityLine-0161,Freins,2026-09-10 07:20:07,2026-09-10 07:29:25,Montage 5
CityLine-0162,Transmission,2026-09-10 07:20:07,2026-09-10 07:34:10,Montage 4
CityLine-0160,Contrôle final,2026-09-10 07:22:47,2026-09-10 07:28:25,Contrôle 7
CityLine-0169,Lancement en production,2026-09-10 07:25:13,2026-09-10 07:25:13,Ordonnancement
CityLine-0160,Expédition,2026-09-10 07:28:25,2026-09-10 07:33:25,Expédition
CityLine-0161,Accessoires,2026-09-10 07:29:25,2026-09-10 07:37:31,Montage 6
CityLine-0162,Freins,2026-09-10 07:34:10,2026-09-10 07:48:03,Montage 5
CityLine-0163,Transmission,2026-09-10 07:34:10,2026-09-10 07:54:26,Montage 4
CityLine-0161,Contrôle final,2026-09-10 07:37:31,2026-09-10 07:43:12,Contrôle 7
CityLine-0161,Expédition,2026-09-10 07:43:12,2026-09-10 07:48:12,Expédition
CityLine-0164,Cadre et peinture,2026-09-10 07:45:00,2026-09-10 07:58:54,Peinture 1
CityLine-0162,Accessoires,2026-09-10 07:48:03,2026-09-10 07:57:03,Montage 6
CityLine-0170,Lancement en production,2026-09-10 07:49:56,2026-09-10 07:49:56,Ordonnancement
CityLine-0171,Lancement en production,2026-09-10 07:52:36,2026-09-10 07:52:36,Ordonnancement
CityLine-0163,Freins,2026-09-10 07:54:26,2026-09-10 07:59:36,Montage 5
CityLine-0162,Contrôle final,2026-09-10 07:57:03,2026-09-10 08:04:40,Contrôle 7
CityLine-0164,Fourche et direction,2026-09-10 07:58:54,2026-09-10 08:07:51,Montage 2
CityLine-0165,Cadre et peinture,2026-09-10 07:58:54,2026-09-10 08:08:31,Peinture 1
CityLine-0163,Accessoires,2026-09-10 07:59:36,2026-09-10 08:10:24,Montage 6
CityLine-0162,Expédition,2026-09-10 08:04:40,2026-09-10 08:09:40,Expédition
CityLine-0164,Roues,2026-09-10 08:07:51,2026-09-10 08:17:07,Montage 3
CityLine-0165,Fourche et direction,2026-09-10 08:08:31,2026-09-10 08:16:57,Montage 2
CityLine-0166,Cadre et peinture,2026-09-10 08:08:31,2026-09-10 08:17:24,Peinture 1
CityLine-0163,Contrôle final,2026-09-10 08:10:24,2026-09-10 08:16:46,Contrôle 7
CityLine-0163,Expédition,2026-09-10 08:16:46,2026-09-10 08:21:46,Expédition
CityLine-0164,Transmission,2026-09-10 08:17:07,2026-09-10 08:37:41,Montage 4
CityLine-0165,Roues,2026-09-10 08:17:07,2026-09-10 08:24:06,Montage 3
CityLine-0166,Fourche et direction,2026-09-10 08:17:24,2026-09-10 08:26:05,Montage 2
CityLine-0167,Cadre et peinture,2026-09-10 08:17:24,2026-09-10 08:25:03,Peinture 1
CityLine-0168,Cadre et peinture,2026-09-10 08:25:03,2026-09-10 08:34:33,Peinture 1
CityLine-0166,Roues,2026-09-10 08:26:05,2026-09-10 08:38:00,Montage 3
CityLine-0167,Fourche et direction,2026-09-10 08:26:05,2026-09-10 08:33:28,Montage 2
CityLine-0172,Lancement en production,2026-09-10 08:29:35,2026-09-10 08:29:35,Ordonnancement
CityLine-0168,Fourche et direction,2026-09-10 08:34:33,2026-09-10 08:44:35,Montage 2
CityLine-0169,Cadre et peinture,2026-09-10 08:34:33,2026-09-10 08:46:30,Peinture 1
CityLine-0164,Freins,2026-09-10 08:37:41,2026-09-10 08:48:18,Montage 5
CityLine-0165,Transmission,2026-09-10 08:37:41,2026-09-10 08:53:42,Montage 4
CityLine-0167,Roues,2026-09-10 08:38:00,2026-09-10 08:50:28,Montage 3
CityLine-0169,Fourche et direction,2026-09-10 08:46:30,2026-09-10 08:57:54,Montage 2
CityLine-0170,Changement de couleur,2026-09-10 08:46:30,2026-09-10 09:31:30,Peinture 1
CityLine-0164,Accessoires,2026-09-10 08:48:18,2026-09-10 08:59:23,Montage 6
CityLine-0168,Roues,2026-09-10 08:50:28,2026-09-10 09:00:59,Montage 3
CityLine-0165,Freins,2026-09-10 08:53:42,2026-09-10 09:07:44,Montage 5
CityLine-0166,Transmission,2026-09-10 08:53:42,2026-09-10 09:15:07,Montage 4
CityLine-0173,Lancement en production,2026-09-10 08:58:42,2026-09-10 08:58:42,Ordonnancement
CityLine-0164,Contrôle final,2026-09-10 08:59:23,2026-09-10 09:07:23,Contrôle 7
CityLine-0169,Roues,2026-09-10 09:00:59,2026-09-10 09:08:00,Montage 3
CityLine-0174,Lancement en production,2026-09-10 09:05:46,2026-09-10 09:05:46,Ordonnancement
CityLine-0164,Expédition,2026-09-10 09:07:23,2026-09-10 09:12:23,Expédition
CityLine-0165,Accessoires,2026-09-10 09:07:44,2026-09-10 09:14:40,Montage 6
CityLine-0165,Contrôle final,2026-09-10 09:14:40,2026-09-10 09:23:17,Contrôle 7
CityLine-0166,Freins,2026-09-10 09:15:07,2026-09-10 09:30:02,Montage 5
CityLine-0167,Transmission,2026-09-10 09:15:07,2026-09-10 09:34:19,Montage 4
CityLine-0165,Expédition,2026-09-10 09:23:17,2026-09-10 09:28:17,Expédition
CityLine-0166,Accessoires,2026-09-10 09:30:02,2026-09-10 09:41:04,Montage 6
CityLine-0175,Lancement en production,2026-09-10 09:31:07,2026-09-10 09:31:07,Ordonnancement
CityLine-0170,Cadre et peinture,2026-09-10 09:31:30,2026-09-10 09:42:23,Peinture 1
CityLine-0167,Freins,2026-09-10 09:34:19,2026-09-10 09:49:45,Montage 5
CityLine-0168,Transmission,2026-09-10 09:34:19,2026-09-10 09:47:30,Montage 4
CityLine-0176,Lancement en production,2026-09-10 09:36:48,2026-09-10 09:36:48,Ordonnancement
CityLine-0166,Contrôle final,2026-09-10 09:41:04,2026-09-10 09:48:20,Contrôle 7
CityLine-0170,Fourche et direction,2026-09-10 09:42:23,2026-09-10 09:48:26,Montage 2
CityLine-0171,Cadre et peinture,2026-09-10 09:42:23,2026-09-10 09:51:39,Peinture 1
CityLine-0177,Lancement en production,2026-09-10 09:44:18,2026-09-10 09:44:18,Ordonnancement
CityLine-0169,Transmission,2026-09-10 09:47:30,2026-09-10 10:08:10,Montage 4
CityLine-0166,Expédition,2026-09-10 09:48:20,2026-09-10 09:53:20,Expédition
CityLine-0170,Roues,2026-09-10 09:48:26,2026-09-10 10:03:19,Montage 3
CityLine-0178,Lancement en production,2026-09-10 09:49:09,2026-09-10 09:49:09,Ordonnancement
CityLine-0167,Accessoires,2026-09-10 09:49:45,2026-09-10 09:58:45,Montage 6
CityLine-0168,Freins,2026-09-10 09:49:45,2026-09-10 10:02:46,Montage 5
CityLine-0171,Fourche et direction,2026-09-10 09:51:39,2026-09-10 10:01:20,Montage 2
CityLine-0172,Cadre et peinture,2026-09-10 09:51:39,2026-09-10 09:59:14,Peinture 1
CityLine-0167,Contrôle final,2026-09-10 09:58:45,2026-09-10 10:03:37,Contrôle 7
CityLine-0173,Cadre et peinture,2026-09-10 09:59:14,2026-09-10 10:07:01,Peinture 1
CityLine-0172,Fourche et direction,2026-09-10 10:01:20,2026-09-10 10:06:51,Montage 2
CityLine-0168,Accessoires,2026-09-10 10:02:46,2026-09-10 10:09:54,Montage 6
CityLine-0171,Roues,2026-09-10 10:03:19,2026-09-10 10:13:07,Montage 3
CityLine-0167,Expédition,2026-09-10 10:03:37,2026-09-10 10:08:37,Expédition
CityLine-0173,Fourche et direction,2026-09-10 10:07:01,2026-09-10 10:16:03,Montage 2
CityLine-0174,Cadre et peinture,2026-09-10 10:07:01,2026-09-10 10:17:22,Peinture 1
CityLine-0169,Freins,2026-09-10 10:08:10,2026-09-10 10:21:13,Montage 5
CityLine-0170,Transmission,2026-09-10 10:08:10,2026-09-10 10:30:50,Montage 4
CityLine-0168,Contrôle final,2026-09-10 10:09:54,2026-09-10 10:19:03,Contrôle 7
CityLine-0172,Roues,2026-09-10 10:13:07,2026-09-10 10:22:40,Montage 3
CityLine-0174,Fourche et direction,2026-09-10 10:17:22,2026-09-10 10:25:49,Montage 2
CityLine-0175,Cadre et peinture,2026-09-10 10:17:22,2026-09-10 10:27:00,Peinture 1
CityLine-0168,Expédition,2026-09-10 10:19:03,2026-09-10 10:24:03,Expédition
CityLine-0169,Accessoires,2026-09-10 10:21:13,2026-09-10 10:30:30,Montage 6
CityLine-0173,Roues,2026-09-10 10:22:40,2026-09-10 10:30:53,Montage 3
CityLine-0179,Lancement en production,2026-09-10 10:26:43,2026-09-10 10:26:43,Ordonnancement
CityLine-0175,Fourche et direction,2026-09-10 10:27:00,2026-09-10 10:32:10,Montage 2
CityLine-0176,Changement de couleur,2026-09-10 10:27:00,2026-09-10 11:12:00,Peinture 1
CityLine-0180,Lancement en production,2026-09-10 10:28:15,2026-09-10 10:28:15,Ordonnancement
CityLine-0169,Contrôle final,2026-09-10 10:30:30,2026-09-10 10:37:56,Contrôle 7
CityLine-0170,Freins,2026-09-10 10:30:50,2026-09-10 10:40:16,Montage 5
CityLine-0171,Transmission,2026-09-10 10:30:50,2026-09-10 10:48:35,Montage 4
CityLine-0174,Roues,2026-09-10 10:30:53,2026-09-10 10:42:12,Montage 3
CityLine-0169,Expédition,2026-09-10 10:37:56,2026-09-10 10:42:56,Expédition
CityLine-0181,Lancement en production,2026-09-10 10:38:16,2026-09-10 10:38:16,Ordonnancement
CityLine-0170,Accessoires,2026-09-10 10:40:16,2026-09-10 10:49:16,Montage 6
CityLine-0175,Roues,2026-09-10 10:42:12,2026-09-10 10:54:14,Montage 3
CityLine-0171,Freins,2026-09-10 10:48:35,2026-09-10 11:01:45,Montage 5
CityLine-0172,Transmission,2026-09-10 10:48:35,2026-09-10 11:07:19,Montage 4
CityLine-0170,Contrôle final,2026-09-10 10:49:16,2026-09-10 10:58:03,Contrôle 7
CityLine-0182,Lancement en production,2026-09-10 10:50:29,2026-09-10 10:50:29,Ordonnancement
CityLine-0183,Lancement en production,2026-09-10 10:57:35,2026-09-10 10:57:35,Ordonnancement
CityLine-0170,Expédition,2026-09-10 10:58:03,2026-09-10 11:03:03,Expédition
CityLine-0171,Accessoires,2026-09-10 11:01:45,2026-09-10 11:10:24,Montage 6
CityLine-0172,Freins,2026-09-10 11:07:19,2026-09-10 11:19:26,Montage 5
CityLine-0173,Transmission,2026-09-10 11:07:19,2026-09-10 11:25:09,Montage 4
CityLine-0171,Contrôle final,2026-09-10 11:10:24,2026-09-10 11:16:19,Contrôle 7
CityLine-0176,Cadre et peinture,2026-09-10 11:12:00,2026-09-10 11:23:50,Peinture 1
CityLine-0184,Lancement en production,2026-09-10 11:15:07,2026-09-10 11:15:07,Ordonnancement
CityLine-0171,Expédition,2026-09-10 11:16:19,2026-09-10 11:21:19,Expédition
CityLine-0172,Accessoires,2026-09-10 11:19:26,2026-09-10 11:27:06,Montage 6
CityLine-0176,Fourche et direction,2026-09-10 11:23:50,2026-09-10 11:32:49,Montage 2
CityLine-0177,Cadre et peinture,2026-09-10 11:23:50,2026-09-10 11:34:01,Peinture 1
CityLine-0173,Freins,2026-09-10 11:25:09,2026-09-10 11:35:49,Montage 5
CityLine-0174,Transmission,2026-09-10 11:25:09,2026-09-10 11:39:30,Montage 4
CityLine-0172,Contrôle final,2026-09-10 11:27:06,2026-09-10 11:32:49,Contrôle 7
CityLine-0172,Expédition,2026-09-10 11:32:49,2026-09-10 11:37:49,Expédition
CityLine-0176,Roues,2026-09-10 11:32:49,2026-09-10 11:44:45,Montage 3
CityLine-0177,Fourche et direction,2026-09-10 11:34:01,2026-09-10 11:40:20,Montage 2
CityLine-0178,Cadre et peinture,2026-09-10 11:34:01,2026-09-10 11:43:18,Peinture 1
CityLine-0173,Accessoires,2026-09-10 11:35:49,2026-09-10 11:48:45,Montage 6
CityLine-0174,Freins,2026-09-10 11:39:30,2026-09-10 11:52:26,Montage 5
CityLine-0175,Transmission,2026-09-10 11:39:30,2026-09-10 11:57:01,Montage 4
CityLine-0178,Fourche et direction,2026-09-10 11:43:18,2026-09-10 11:51:01,Montage 2
CityLine-0179,Cadre et peinture,2026-09-10 11:43:18,2026-09-10 11:49:55,Peinture 1
CityLine-0177,Roues,2026-09-10 11:44:45,2026-09-10 11:53:26,Montage 3
CityLine-0185,Lancement en production,2026-09-10 11:45:03,2026-09-10 11:45:03,Ordonnancement
CityLine-0186,Lancement en production,2026-09-10 11:45:42,2026-09-10 11:45:42,Ordonnancement
CityLine-0173,Contrôle final,2026-09-10 11:48:45,2026-09-10 11:53:29,Contrôle 7
CityLine-0180,Cadre et peinture,2026-09-10 11:49:55,2026-09-10 11:59:24,Peinture 1
CityLine-0179,Fourche et direction,2026-09-10 11:51:01,2026-09-10 12:00:16,Montage 2
CityLine-0174,Accessoires,2026-09-10 11:52:26,2026-09-10 12:02:03,Montage 6
CityLine-0178,Roues,2026-09-10 11:53:26,2026-09-10 12:04:57,Montage 3
CityLine-0173,Expédition,2026-09-10 11:53:29,2026-09-10 11:58:29,Expédition
CityLine-0175,Freins,2026-09-10 11:57:01,2026-09-10 12:07:07,Montage 5
CityLine-0176,Transmission,2026-09-10 11:57:01,2026-09-10 12:11:30,Montage 4
CityLine-0181,Cadre et peinture,2026-09-10 11:59:24,2026-09-10 12:09:52,Peinture 1
CityLine-0180,Fourche et direction,2026-09-10 12:00:16,2026-09-10 12:05:49,Montage 2
CityLine-0174,Contrôle final,2026-09-10 12:02:03,2026-09-10 12:10:42,Contrôle 7
CityLine-0179,Roues,2026-09-10 12:04:57,2026-09-10 12:15:28,Montage 3
CityLine-0175,Accessoires,2026-09-10 12:07:07,2026-09-10 12:17:38,Montage 6
CityLine-0181,Fourche et direction,2026-09-10 12:09:52,2026-09-10 12:16:36,Montage 2
CityLine-0182,Changement de couleur,2026-09-10 12:09:52,2026-09-10 12:54:52,Peinture 1
CityLine-0174,Expédition,2026-09-10 12:10:42,2026-09-10 12:15:42,Expédition
CityLine-0176,Freins,2026-09-10 12:11:30,2026-09-10 12:25:29,Montage 5
CityLine-0177,Transmission,2026-09-10 12:11:30,2026-09-10 12:28:56,Montage 4
CityLine-0180,Roues,2026-09-10 12:15:28,2026-09-10 12:26:23,Montage 3
CityLine-0187,Lancement en production,2026-09-10 12:15:31,2026-09-10 12:15:31,Ordonnancement
CityLine-0175,Contrôle final,2026-09-10 12:17:38,2026-09-10 12:24:02,Contrôle 7
CityLine-0188,Lancement en production,2026-09-10 12:23:03,2026-09-10 12:23:03,Ordonnancement
CityLine-0175,Expédition,2026-09-10 12:24:02,2026-09-10 12:29:02,Expédition
CityLine-0176,Accessoires,2026-09-10 12:25:29,2026-09-10 12:34:31,Montage 6
CityLine-0181,Roues,2026-09-10 12:26:23,2026-09-10 12:40:28,Montage 3
CityLine-0177,Freins,2026-09-10 12:28:56,2026-09-10 12:40:46,Montage 5
CityLine-0178,Transmission,2026-09-10 12:28:56,2026-09-10 12:40:05,Montage 4
CityLine-0176,Contrôle final,2026-09-10 12:34:31,2026-09-10 12:44:03,Contrôle 7
CityLine-0179,Transmission,2026-09-10 12:40:05,2026-09-10 12:52:29,Montage 4
CityLine-0177,Accessoires,2026-09-10 12:40:46,2026-09-10 12:50:05,Montage 6
CityLine-0178,Freins,2026-09-10 12:40:46,2026-09-10 12:52:54,Montage 5
CityLine-0176,Retouche peinture,2026-09-10 12:44:03,2026-09-10 12:57:23,Retouche 8
CityLine-0189,Lancement en production,2026-09-10 12:46:42,2026-09-10 12:46:42,Ordonnancement
CityLine-0180,Transmission,2026-09-10 12:52:29,2026-09-10 13:08:29,Montage 4
CityLine-0178,Accessoires,2026-09-10 12:52:54,2026-09-10 13:00:52,Montage 6
CityLine-0179,Freins,2026-09-10 12:52:54,2026-09-10 13:03:27,Montage 5
CityLine-0182,Cadre et peinture,2026-09-10 12:54:52,2026-09-10 13:06:38,Peinture 1
CityLine-0176,Contrôle final,2026-09-10 12:57:23,2026-09-10 13:05:51,Contrôle 7
CityLine-0179,Accessoires,2026-09-10 13:03:27,2026-09-10 13:13:40,Montage 6
CityLine-0176,Expédition,2026-09-10 13:05:51,2026-09-10 13:10:51,Expédition
CityLine-0177,Contrôle final,2026-09-10 13:05:51,2026-09-10 13:14:15,Contrôle 7
CityLine-0182,Fourche et direction,2026-09-10 13:06:38,2026-09-10 13:13:16,Montage 2
CityLine-0183,Cadre et peinture,2026-09-10 13:06:38,2026-09-10 13:14:53,Peinture 1
CityLine-0180,Freins,2026-09-10 13:08:29,2026-09-10 13:26:51,Montage 5
CityLine-0181,Transmission,2026-09-10 13:08:29,2026-09-10 13:24:15,Montage 4
CityLine-0190,Lancement en production,2026-09-10 13:11:06,2026-09-10 13:11:06,Ordonnancement
CityLine-0182,Roues,2026-09-10 13:13:16,2026-09-10 13:22:48,Montage 3
CityLine-0177,Expédition,2026-09-10 13:14:15,2026-09-10 13:19:15,Expédition
CityLine-0178,Contrôle final,2026-09-10 13:14:15,2026-09-10 13:20:05,Contrôle 7
CityLine-0183,Fourche et direction,2026-09-10 13:14:53,2026-09-10 13:25:12,Montage 2
CityLine-0184,Cadre et peinture,2026-09-10 13:14:53,2026-09-10 13:26:52,Peinture 1
CityLine-0178,Expédition,2026-09-10 13:20:05,2026-09-10 13:25:05,Expédition
CityLine-0179,Contrôle final,2026-09-10 13:20:05,2026-09-10 13:26:20,Contrôle 7
CityLine-0191,Lancement en production,2026-09-10 13:20:40,2026-09-10 13:20:40,Ordonnancement
CityLine-0182,Transmission,2026-09-10 13:24:15,2026-09-10 13:39:57,Montage 4
CityLine-0183,Roues,2026-09-10 13:25:12,2026-09-10 13:33:09,Montage 3
CityLine-0179,Expédition,2026-09-10 13:26:20,2026-09-10 13:31:20,Expédition
CityLine-0192,Lancement en production,2026-09-10 13:26:35,2026-09-10 13:26:35,Ordonnancement
CityLine-0180,Accessoires,2026-09-10 13:26:51,2026-09-10 13:35:31,Montage 6
CityLine-0181,Freins,2026-09-10 13:26:51,2026-09-10 13:39:40,Montage 5
CityLine-0184,Fourche et direction,2026-09-10 13:26:52,2026-09-10 13:35:32,Montage 2
CityLine-0185,Cadre et peinture,2026-09-10 13:26:52,2026-09-10 13:34:20,Peinture 1
CityLine-0186,Cadre et peinture,2026-09-10 13:34:20,2026-09-10 13:43:28,Peinture 1
CityLine-0180,Contrôle final,2026-09-10 13:35:31,2026-09-10 13:41:56,Contrôle 7
CityLine-0184,Roues,2026-09-10 13:35:32,2026-09-10 13:43:30,Montage 3
CityLine-0185,Fourche et direction,2026-09-10 13:35:32,2026-09-10 13:42:28,Montage 2
CityLine-0181,Accessoires,2026-09-10 13:39:40,2026-09-10 13:50:30,Montage 6
CityLine-0182,Freins,2026-09-10 13:39:57,2026-09-10 13:54:35,Montage 5
CityLine-0183,Transmission,2026-09-10 13:39:57,2026-09-10 13:56:43,Montage 4
CityLine-0180,Expédition,2026-09-10 13:41:56,2026-09-10 13:46:56,Expédition
CityLine-0186,Fourche et direction,2026-09-10 13:43:28,2026-09-10 13:52:08,Montage 2
CityLine-0187,Cadre et peinture,2026-09-10 13:43:28,2026-09-10 13:56:41,Peinture 1
CityLine-0185,Roues,2026-09-10 13:43:30,2026-09-10 13:53:27,Montage 3
CityLine-0193,Lancement en production,2026-09-10 13:44:16,2026-09-10 13:44:16,Ordonnancement
CityLine-0194,Lancement en production,2026-09-10 13:44:22,2026-09-10 13:44:22,Ordonnancement
CityLine-0181,Contrôle final,2026-09-10 13:50:30,2026-09-10 13:57:07,Contrôle 7
CityLine-0186,Roues,2026-09-10 13:53:27,2026-09-10 14:04:08,Montage 3
CityLine-0182,Accessoires,2026-09-10 13:54:35,2026-09-10 14:06:10,Montage 6
CityLine-0187,Fourche et direction,2026-09-10 13:56:41,2026-09-10 14:03:17,Montage 2
CityLine-0188,Changement de couleur,2026-09-10 13:56:41,2026-09-10 14:41:41,Peinture 1
CityLine-0183,Freins,2026-09-10 13:56:43,2026-09-10 14:07:29,Montage 5
CityLine-0184,Transmission,2026-09-10 13:56:43,2026-09-10 14:14:12,Montage 4
CityLine-0181,Retouche peinture,2026-09-10 13:57:07,2026-09-10 14:12:07,Retouche 8
CityLine-0187,Roues,2026-09-10 14:04:08,2026-09-10 14:15:05,Montage 3
CityLine-0183,Accessoires,2026-09-10 14:07:29,2026-09-10 14:19:19,Montage 6
CityLine-0181,Contrôle final,2026-09-10 14:12:07,2026-09-10 14:18:24,Contrôle 7
CityLine-0184,Freins,2026-09-10 14:14:12,2026-09-10 14:25:45,Montage 5
CityLine-0185,Transmission,2026-09-10 14:14:12,2026-09-10 14:31:00,Montage 4
CityLine-0181,Expédition,2026-09-10 14:18:24,2026-09-10 14:23:24,Expédition
CityLine-0182,Contrôle final,2026-09-10 14:18:24,2026-09-10 14:28:41,Contrôle 7
CityLine-0184,Accessoires,2026-09-10 14:25:45,2026-09-10 14:30:34,Montage 6
CityLine-0182,Expédition,2026-09-10 14:28:41,2026-09-10 14:33:41,Expédition
CityLine-0183,Contrôle final,2026-09-10 14:28:41,2026-09-10 14:34:25,Contrôle 7
CityLine-0185,Freins,2026-09-10 14:31:00,2026-09-10 14:40:56,Montage 5
CityLine-0186,Transmission,2026-09-10 14:31:00,2026-09-10 14:51:32,Montage 4
CityLine-0183,Expédition,2026-09-10 14:34:25,2026-09-10 14:39:25,Expédition
CityLine-0184,Contrôle final,2026-09-10 14:34:25,2026-09-10 14:41:56,Contrôle 7
CityLine-0185,Accessoires,2026-09-10 14:40:56,2026-09-10 14:48:18,Montage 6
CityLine-0188,Cadre et peinture,2026-09-10 14:41:41,2026-09-10 14:54:03,Peinture 1
CityLine-0184,Expédition,2026-09-10 14:41:56,2026-09-10 14:46:56,Expédition
CityLine-0185,Contrôle final,2026-09-10 14:48:18,2026-09-10 14:55:41,Contrôle 7
CityLine-0195,Lancement en production,2026-09-10 14:50:48,2026-09-10 14:50:48,Ordonnancement
CityLine-0196,Lancement en production,2026-09-10 14:54:39,2026-09-10 14:54:39,Ordonnancement
CityLine-0185,Expédition,2026-09-11 07:00:00,2026-09-11 07:05:00,Expédition
CityLine-0186,Freins,2026-09-11 07:00:00,2026-09-11 07:12:13,Montage 5
CityLine-0187,Transmission,2026-09-11 07:00:00,2026-09-11 07:16:38,Montage 4
CityLine-0188,Fourche et direction,2026-09-11 07:00:00,2026-09-11 07:09:28,Montage 2
CityLine-0189,Cadre et peinture,2026-09-11 07:00:00,2026-09-11 07:09:05,Peinture 1
CityLine-0190,Cadre et peinture,2026-09-11 07:09:05,2026-09-11 07:20:30,Peinture 1
CityLine-0188,Roues,2026-09-11 07:09:28,2026-09-11 07:24:20,Montage 3
CityLine-0189,Fourche et direction,2026-09-11 07:09:28,2026-09-11 07:16:52,Montage 2
CityLine-0186,Accessoires,2026-09-11 07:12:13,2026-09-11 07:22:39,Montage 6
CityLine-0187,Freins,2026-09-11 07:16:38,2026-09-11 07:29:35,Montage 5
CityLine-0190,Fourche et direction,2026-09-11 07:20:30,2026-09-11 07:27:58,Montage 2
CityLine-0191,Cadre et peinture,2026-09-11 07:20:30,2026-09-11 07:33:48,Peinture 1
CityLine-0186,Contrôle final,2026-09-11 07:22:39,2026-09-11 07:31:14,Contrôle 7
CityLine-0188,Transmission,2026-09-11 07:24:20,2026-09-11 07:40:28,Montage 4
CityLine-0189,Roues,2026-09-11 07:24:20,2026-09-11 07:35:23,Montage 3
CityLine-0187,Accessoires,2026-09-11 07:29:35,2026-09-11 07:39:25,Montage 6
CityLine-0186,Expédition,2026-09-11 07:31:14,2026-09-11 07:36:14,Expédition
CityLine-0191,Fourche et direction,2026-09-11 07:33:48,2026-09-11 07:41:28,Montage 2
CityLine-0192,Cadre et peinture,2026-09-11 07:33:48,2026-09-11 07:42:11,Peinture 1
CityLine-0190,Roues,2026-09-11 07:35:23,2026-09-11 07:48:04,Montage 3
CityLine-0187,Contrôle final,2026-09-11 07:39:25,2026-09-11 07:45:35,Contrôle 7
CityLine-0188,Freins,2026-09-11 07:40:28,2026-09-11 07:54:10,Montage 5
CityLine-0189,Transmission,2026-09-11 07:40:28,2026-09-11 08:02:20,Montage 4
CityLine-0192,Fourche et direction,2026-09-11 07:42:11,2026-09-11 07:49:14,Montage 2
CityLine-0193,Changement de couleur,2026-09-11 07:42:11,2026-09-11 08:27:11,Peinture 1
CityLine-0187,Expédition,2026-09-11 07:45:35,2026-09-11 07:50:35,Expédition
CityLine-0191,Roues,2026-09-11 07:48:04,2026-09-11 08:02:30,Montage 3
CityLine-0188,Accessoires,2026-09-11 07:54:10,2026-09-11 08:03:31,Montage 6
CityLine-0197,Lancement en production,2026-09-11 08:00:08,2026-09-11 08:00:08,Ordonnancement
CityLine-0189,Freins,2026-09-11 08:02:20,2026-09-11 08:15:15,Montage 5
CityLine-0190,Transmission,2026-09-11 08:02:20,2026-09-11 08:25:20,Montage 4
CityLine-0192,Roues,2026-09-11 08:02:30,2026-09-11 08:13:40,Montage 3
CityLine-0188,Contrôle final,2026-09-11 08:03:31,2026-09-11 08:08:31,Contrôle 7
CityLine-0188,Expédition,2026-09-11 08:08:31,2026-09-11 08:13:31,Expédition
CityLine-0198,Lancement en production,2026-09-11 08:13:45,2026-09-11 08:13:45,Ordonnancement
CityLine-0189,Accessoires,2026-09-11 08:15:15,2026-09-11 08:28:33,Montage 6
CityLine-0199,Lancement en production,2026-09-11 08:19:42,2026-09-11 08:19:42,Ordonnancement
CityLine-0190,Freins,2026-09-11 08:25:20,2026-09-11 08:35:46,Montage 5
CityLine-0191,Transmission,2026-09-11 08:25:20,2026-09-11 08:41:29,Montage 4
CityLine-0193,Cadre et peinture,2026-09-11 08:27:11,2026-09-11 08:37:19,Peinture 1
CityLine-0189,Contrôle final,2026-09-11 08:28:33,2026-09-11 08:35:14,Contrôle 7
CityLine-0200,Lancement en production,2026-09-11 08:34:11,2026-09-11 08:34:11,Ordonnancement
CityLine-0189,Expédition,2026-09-11 08:35:14,2026-09-11 08:40:14,Expédition
CityLine-0190,Accessoires,2026-09-11 08:35:46,2026-09-11 08:44:39,Montage 6
CityLine-0193,Fourche et direction,2026-09-11 08:37:19,2026-09-11 08:47:27,Montage 2
CityLine-0194,Cadre et peinture,2026-09-11 08:37:19,2026-09-11 08:46:30,Peinture 1
CityLine-0201,Lancement en production,2026-09-11 08:39:33,2026-09-11 08:39:33,Ordonnancement
CityLine-0191,Freins,2026-09-11 08:41:29,2026-09-11 08:53:02,Montage 5
CityLine-0192,Transmission,2026-09-11 08:41:29,2026-09-11 08:52:02,Montage 4
CityLine-0190,Contrôle final,2026-09-11 08:44:39,2026-09-11 08:52:17,Contrôle 7
CityLine-0195,Cadre et peinture,2026-09-11 08:46:30,2026-09-11 08:55:23,Peinture 1
CityLine-0193,Roues,2026-09-11 08:47:27,2026-09-11 08:55:41,Montage 3
CityLine-0194,Fourche et direction,2026-09-11 08:47:27,2026-09-11 08:52:18,Montage 2
CityLine-0190,Expédition,2026-09-11 08:52:17,2026-09-11 08:57:17,Expédition
CityLine-0191,Accessoires,2026-09-11 08:53:02,2026-09-11 09:03:19,Montage 6
CityLine-0192,Freins,2026-09-11 08:53:02,2026-09-11 09:03:50,Montage 5
CityLine-0202,Lancement en production,2026-09-11 08:53:31,2026-09-11 08:53:31,Ordonnancement
CityLine-0195,Fourche et direction,2026-09-11 08:55:23,2026-09-11 09:05:15,Montage 2
CityLine-0196,Cadre et peinture,2026-09-11 08:55:23,2026-09-11 09:01:13,Peinture 1
CityLine-0193,Transmission,2026-09-11 08:55:41,2026-09-11 09:12:35,Montage 4
CityLine-0194,Roues,2026-09-11 08:55:41,2026-09-11 09:05:16,Montage 3
CityLine-0203,Lancement en production,2026-09-11 08:58:28,2026-09-11 08:58:28,Ordonnancement
CityLine-0197,Cadre et peinture,2026-09-11 09:01:13,2026-09-11 09:14:30,Peinture 1
CityLine-0191,Contrôle final,2026-09-11 09:03:19,2026-09-11 09:10:04,Contrôle 7
CityLine-0204,Lancement en production,2026-09-11 09:03:23,2026-09-11 09:03:23,Ordonnancement
CityLine-0192,Accessoires,2026-09-11 09:03:50,2026-09-11 09:12:32,Montage 6
CityLine-0196,Fourche et direction,2026-09-11 09:05:15,2026-09-11 09:13:55,Montage 2
CityLine-0195,Roues,2026-09-11 09:05:16,2026-09-11 09:16:59,Montage 3
CityLine-0191,Expédition,2026-09-11 09:10:04,2026-09-11 09:15:04,Expédition
CityLine-0192,Contrôle final,2026-09-11 09:12:32,2026-09-11 09:18:53,Contrôle 7
CityLine-0193,Freins,2026-09-11 09:12:35,2026-09-11 09:26:41,Montage 5
CityLine-0194,Transmission,2026-09-11 09:12:35,2026-09-11 09:24:07,Montage 4
CityLine-0197,Fourche et direction,2026-09-11 09:14:30,2026-09-11 09:21:11,Montage 2
CityLine-0198,Cadre et peinture,2026-09-11 09:14:30,2026-09-11 09:29:47,Peinture 1
CityLine-0196,Roues,2026-09-11 09:16:59,2026-09-11 09:27:09,Montage 3
CityLine-0192,Expédition,2026-09-11 09:18:53,2026-09-11 09:23:53,Expédition
CityLine-0205,Lancement en production,2026-09-11 09:19:15,2026-09-11 09:19:15,Ordonnancement
CityLine-0195,Transmission,2026-09-11 09:24:07,2026-09-11 09:41:08,Montage 4
CityLine-0193,Accessoires,2026-09-11 09:26:41,2026-09-11 09:36:14,Montage 6
CityLine-0194,Freins,2026-09-11 09:26:41,2026-09-11 09:41:29,Montage 5
CityLine-0197,Roues,2026-09-11 09:27:09,2026-09-11 09:40:43,Montage 3
CityLine-0198,Fourche et direction,2026-09-11 09:29:47,2026-09-11 09:40:24,Montage 2
CityLine-0199,Changement de couleur,2026-09-11 09:29:47,2026-09-11 10:14:47,Peinture 1
CityLine-0206,Lancement en production,2026-09-11 09:31:20,2026-09-11 09:31:20,Ordonnancement
CityLine-0193,Contrôle final,2026-09-11 09:36:14,2026-09-11 09:43:07,Contrôle 7
CityLine-0198,Roues,2026-09-11 09:40:43,2026-09-11 09:50:16,Montage 3
CityLine-0196,Transmission,2026-09-11 09:41:08,2026-09-11 10:08:31,Montage 4
CityLine-0194,Accessoires,2026-09-11 09:41:29,2026-09-11 09:51:49,Montage 6
CityLine-0195,Freins,2026-09-11 09:41:29,2026-09-11 09:51:05,Montage 5
CityLine-0193,Expédition,2026-09-11 09:43:07,2026-09-11 09:48:07,Expédition
CityLine-0194,Contrôle final,2026-09-11 09:51:49,2026-09-11 09:57:49,Contrôle 7
CityLine-0195,Accessoires,2026-09-11 09:51:49,2026-09-11 09:59:55,Montage 6
CityLine-0194,Expédition,2026-09-11 09:57:49,2026-09-11 10:02:49,Expédition
CityLine-0195,Contrôle final,2026-09-11 09:59:55,2026-09-11 10:06:25,Contrôle 7
CityLine-0207,Lancement en production,2026-09-11 10:05:15,2026-09-11 10:05:15,Ordonnancement
CityLine-0208,Lancement en production,2026-09-11 10:05:53,2026-09-11 10:05:53,Ordonnancement
CityLine-0195,Expédition,2026-09-11 10:06:25,2026-09-11 10:11:25,Expédition
CityLine-0196,Freins,2026-09-11 10:08:31,2026-09-11 10:16:56,Montage 5
CityLine-0197,Transmission,2026-09-11 10:08:31,2026-09-11 10:26:32,Montage 4
CityLine-0199,Cadre et peinture,2026-09-11 10:14:47,2026-09-11 10:25:56,Peinture 1
CityLine-0209,Lancement en production,2026-09-11 10:15:32,2026-09-11 10:15:32,Ordonnancement
CityLine-0196,Accessoires,2026-09-11 10:16:56,2026-09-11 10:24:25,Montage 6
CityLine-0196,Contrôle final,2026-09-11 10:24:25,2026-09-11 10:32:19,Contrôle 7
CityLine-0199,Fourche et direction,2026-09-11 10:25:56,2026-09-11 10:36:06,Montage 2
CityLine-0200,Cadre et peinture,2026-09-11 10:25:56,2026-09-11 10:32:55,Peinture 1
CityLine-0197,Freins,2026-09-11 10:26:32,2026-09-11 10:43:21,Montage 5
CityLine-0198,Transmission,2026-09-11 10:26:32,2026-09-11 10:42:15,Montage 4
CityLine-0210,Lancement en production,2026-09-11 10:30:56,2026-09-11 10:30:56,Ordonnancement
CityLine-0196,Expédition,2026-09-11 10:32:19,2026-09-11 10:37:19,Expédition
CityLine-0201,Cadre et peinture,2026-09-11 10:32:55,2026-09-11 10:43:02,Peinture 1
CityLine-0199,Roues,2026-09-11 10:36:06,2026-09-11 10:47:45,Montage 3
CityLine-0200,Fourche et direction,2026-09-11 10:36:06,2026-09-11 10:45:56,Montage 2
CityLine-0202,Cadre et peinture,2026-09-11 10:43:02,2026-09-11 10:54:45,Peinture 1
CityLine-0197,Accessoires,2026-09-11 10:43:21,2026-09-11 10:55:14,Montage 6
CityLine-0198,Freins,2026-09-11 10:43:21,2026-09-11 10:55:38,Montage 5
CityLine-0201,Fourche et direction,2026-09-11 10:45:56,2026-09-11 10:50:22,Montage 2
CityLine-0211,Lancement en production,2026-09-11 10:46:40,2026-09-11 10:46:40,Ordonnancement
CityLine-0199,Transmission,2026-09-11 10:47:45,2026-09-11 11:01:31,Montage 4
CityLine-0200,Roues,2026-09-11 10:47:45,2026-09-11 11:00:17,Montage 3
CityLine-0202,Fourche et direction,2026-09-11 10:54:45,2026-09-11 11:04:31,Montage 2
CityLine-0203,Cadre et peinture,2026-09-11 10:54:45,2026-09-11 11:05:26,Peinture 1
CityLine-0197,Contrôle final,2026-09-11 10:55:14,2026-09-11 11:01:25,Contrôle 7
CityLine-0198,Accessoires,2026-09-11 10:55:38,2026-09-11 11:05:22,Montage 6
CityLine-0212,Lancement en production,2026-09-11 10:57:32,2026-09-11 10:57:32,Ordonnancement
CityLine-0201,Roues,2026-09-11 11:00:17,2026-09-11 11:10:16,Montage 3
CityLine-0197,Expédition,2026-09-11 11:01:25,2026-09-11 11:06:25,Expédition
CityLine-0199,Freins,2026-09-11 11:01:31,2026-09-11 11:13:35,Montage 5
CityLine-0200,Transmission,2026-09-11 11:01:31,2026-09-11 11:20:00,Montage 4
CityLine-0198,Contrôle final,2026-09-11 11:05:22,2026-09-11 11:12:51,Contrôle 7
CityLine-0203,Fourche et direction,2026-09-11 11:05:26,2026-09-11 11:14:03,Montage 2
CityLine-0204,Cadre et peinture,2026-09-11 11:05:26,2026-09-11 11:15:51,Peinture 1
CityLine-0202,Roues,2026-09-11 11:10:16,2026-09-11 11:19:22,Montage 3
CityLine-0198,Expédition,2026-09-11 11:12:51,2026-09-11 11:17:51,Expédition
CityLine-0199,Accessoires,2026-09-11 11:13:35,2026-09-11 11:21:35,Montage 6
CityLine-0204,Fourche et direction,2026-09-11 11:15:51,2026-09-11 11:23:53,Montage 2
CityLine-0205,Changement de couleur,2026-09-11 11:15:51,2026-09-11 12:00:51,Peinture 1
CityLine-0203,Roues,2026-09-11 11:19:22,2026-09-11 11:30:20,Montage 3
CityLine-0200,Freins,2026-09-11 11:20:00,2026-09-11 11:33:05,Montage 5
CityLine-0201,Transmission,2026-09-11 11:20:00,2026-09-11 11:42:38,Montage 4
CityLine-0199,Contrôle final,2026-09-11 11:21:35,2026-09-11 11:30:14,Contrôle 7
CityLine-0213,Lancement en production,2026-09-11 11:21:50,2026-09-11 11:21:50,Ordonnancement
CityLine-0199,Expédition,2026-09-11 11:30:14,2026-09-11 11:35:14,Expédition
CityLine-0204,Roues,2026-09-11 11:30:20,2026-09-11 11:44:39,Montage 3
CityLine-0200,Accessoires,2026-09-11 11:33:05,2026-09-11 11:41:33,Montage 6
CityLine-0200,Contrôle final,2026-09-11 11:41:33,2026-09-11 11:49:24,Contrôle 7
CityLine-0201,Freins,2026-09-11 11:42:38,2026-09-11 11:57:46,Montage 5
CityLine-0202,Transmission,2026-09-11 11:42:38,2026-09-11 11:59:49,Montage 4
CityLine-0200,Expédition,2026-09-11 11:49:24,2026-09-11 11:54:24,Expédition
CityLine-0214,Lancement en production,2026-09-11 11:55:40,2026-09-11 11:55:40,Ordonnancement
CityLine-0201,Accessoires,2026-09-11 11:57:46,2026-09-11 12:06:56,Montage 6
CityLine-0202,Freins,2026-09-11 11:59:49,2026-09-11 12:12:49,Montage 5
CityLine-0203,Transmission,2026-09-11 11:59:49,2026-09-11 12:13:14,Montage 4
CityLine-0205,Cadre et peinture,2026-09-11 12:00:51,2026-09-11 12:08:30,Peinture 1
CityLine-0215,Lancement en production,2026-09-11 12:02:49,2026-09-11 12:02:49,Ordonnancement
CityLine-0201,Contrôle final,2026-09-11 12:06:56,2026-09-11 12:13:47,Contrôle 7
CityLine-0205,Fourche et direction,2026-09-11 12:08:30,2026-09-11 12:16:26,Montage 2
CityLine-0206,Cadre et peinture,2026-09-11 12:08:30,2026-09-11 12:18:17,Peinture 1
CityLine-0202,Accessoires,2026-09-11 12:12:49,2026-09-11 12:22:59,Montage 6
CityLine-0203,Freins,2026-09-11 12:13:14,2026-09-11 12:22:52,Montage 5
CityLine-0204,Transmission,2026-09-11 12:13:14,2026-09-11 12:31:56,Montage 4
CityLine-0201,Retouche peinture,2026-09-11 12:13:47,2026-09-11 12:27:53,Retouche 8
CityLine-0205,Roues,2026-09-11 12:16:26,2026-09-11 12:28:29,Montage 3
CityLine-0206,Fourche et direction,2026-09-11 12:18:17,2026-09-11 12:24:42,Montage 2
CityLine-0207,Cadre et peinture,2026-09-11 12:18:17,2026-09-11 12:28:14,Peinture 1
CityLine-0203,Accessoires,2026-09-11 12:22:59,2026-09-11 12:33:01,Montage 6
CityLine-0216,Lancement en production,2026-09-11 12:25:04,2026-09-11 12:25:04,Ordonnancement
CityLine-0201,Contrôle final,2026-09-11 12:27:53,2026-09-11 12:34:26,Contrôle 7
CityLine-0207,Fourche et direction,2026-09-11 12:28:14,2026-09-11 12:34:20,Montage 2
CityLine-0208,Cadre et peinture,2026-09-11 12:28:14,2026-09-11 12:37:57,Peinture 1
CityLine-0206,Roues,2026-09-11 12:28:29,2026-09-11 12:39:18,Montage 3
CityLine-0204,Freins,2026-09-11 12:31:56,2026-09-11 12:43:17,Montage 5
CityLine-0205,Transmission,2026-09-11 12:31:56,2026-09-11 12:52:01,Montage 4
CityLine-0201,Expédition,2026-09-11 12:34:26,2026-09-11 12:39:26,Expédition
CityLine-0202,Contrôle final,2026-09-11 12:34:26,2026-09-11 12:40:54,Contrôle 7
CityLine-0208,Fourche et direction,2026-09-11 12:37:57,2026-09-11 12:43:53,Montage 2
CityLine-0209,Cadre et peinture,2026-09-11 12:37:57,2026-09-11 12:50:38,Peinture 1
CityLine-0207,Roues,2026-09-11 12:39:18,2026-09-11 12:52:02,Montage 3
CityLine-0202,Expédition,2026-09-11 12:40:54,2026-09-11 12:45:54,Expédition
CityLine-0203,Contrôle final,2026-09-11 12:40:54,2026-09-11 12:46:22,Contrôle 7
CityLine-0204,Accessoires,2026-09-11 12:43:17,2026-09-11 12:49:54,Montage 6
CityLine-0203,Expédition,2026-09-11 12:46:22,2026-09-11 12:51:22,Expédition
CityLine-0204,Contrôle final,2026-09-11 12:49:54,2026-09-11 12:57:33,Contrôle 7
CityLine-0209,Fourche et direction,2026-09-11 12:50:38,2026-09-11 12:56:20,Montage 2
CityLine-0210,Cadre et peinture,2026-09-11 12:50:38,2026-09-11 12:59:16,Peinture 1
CityLine-0205,Freins,2026-09-11 12:52:01,2026-09-11 13:02:57,Montage 5
CityLine-0206,Transmission,2026-09-11 12:52:01,2026-09-11 13:13:07,Montage 4
CityLine-0208,Roues,2026-09-11 12:52:02,2026-09-11 13:04:53,Montage 3
CityLine-0204,Retouche peinture,2026-09-11 12:57:33,2026-09-11 13:11:40,Retouche 8
CityLine-0210,Fourche et direction,2026-09-11 12:59:16,2026-09-11 13:04:59,Montage 2
CityLine-0211,Changement de couleur,2026-09-11 12:59:16,2026-09-11 13:44:16,Peinture 1
CityLine-0217,Lancement en production,2026-09-11 13:02:55,2026-09-11 13:02:55,Ordonnancement
CityLine-0205,Accessoires,2026-09-11 13:02:57,2026-09-11 13:11:51,Montage 6
CityLine-0209,Roues,2026-09-11 13:04:53,2026-09-11 13:13:45,Montage 3
CityLine-0218,Lancement en production,2026-09-11 13:07:28,2026-09-11 13:07:28,Ordonnancement
CityLine-0204,Contrôle final,2026-09-11 13:11:40,2026-09-11 13:18:29,Contrôle 7
CityLine-0206,Freins,2026-09-11 13:13:07,2026-09-11 13:25:59,Montage 5
CityLine-0207,Transmission,2026-09-11 13:13:07,2026-09-11 13:31:44,Montage 4
CityLine-0210,Roues,2026-09-11 13:13:45,2026-09-11 13:24:10,Montage 3
CityLine-0204,Expédition,2026-09-11 13:18:29,2026-09-11 13:23:29,Expédition
CityLine-0205,Contrôle final,2026-09-11 13:18:29,2026-09-11 13:25:57,Contrôle 7
CityLine-0205,Retouche peinture,2026-09-11 13:25:57,2026-09-11 13:44:23,Retouche 8
CityLine-0206,Accessoires,2026-09-11 13:25:59,2026-09-11 13:35:53,Montage 6
CityLine-0219,Lancement en production,2026-09-11 13:29:52,2026-09-11 13:29:52,Ordonnancement
CityLine-0207,Freins,2026-09-11 13:31:44,2026-09-11 13:50:06,Montage 5
CityLine-0208,Transmission,2026-09-11 13:31:44,2026-09-11 13:50:23,Montage 4
CityLine-0211,Cadre et peinture,2026-09-11 13:44:16,2026-09-11 13:50:59,Peinture 1
CityLine-0205,Contrôle final,2026-09-11 13:44:23,2026-09-11 13:49:06,Contrôle 7
CityLine-0205,Expédition,2026-09-11 13:49:06,2026-09-11 13:54:06,Expédition
CityLine-0206,Contrôle final,2026-09-11 13:49:06,2026-09-11 13:54:12,Contrôle 7
CityLine-0207,Accessoires,2026-09-11 13:50:06,2026-09-11 14:01:08,Montage 6
CityLine-0208,Freins,2026-09-11 13:50:23,2026-09-11 13:56:26,Montage 5
CityLine-0209,Transmission,2026-09-11 13:50:23,2026-09-11 14:11:35,Montage 4
CityLine-0211,Fourche et direction,2026-09-11 13:50:59,2026-09-11 13:58:27,Montage 2
CityLine-0212,Cadre et peinture,2026-09-11 13:50:59,2026-09-11 14:00:07,Peinture 1
CityLine-0206,Expédition,2026-09-11 13:54:12,2026-09-11 13:59:12,Expédition
CityLine-0211,Roues,2026-09-11 13:58:27,2026-09-11 14:09:28,Montage 3
CityLine-0212,Fourche et direction,2026-09-11 14:00:07,2026-09-11 14:08:25,Montage 2
CityLine-0213,Cadre et peinture,2026-09-11 14:00:07,2026-09-11 14:12:56,Peinture 1
CityLine-0207,Contrôle final,2026-09-11 14:01:08,2026-09-11 14:08:34,Contrôle 7
CityLine-0208,Accessoires,2026-09-11 14:01:08,2026-09-11 14:09:06,Montage 6
CityLine-0207,Expédition,2026-09-11 14:08:34,2026-09-11 14:13:34,Expédition
CityLine-0208,Contrôle final,2026-09-11 14:09:06,2026-09-11 14:15:03,Contrôle 7
CityLine-0212,Roues,2026-09-11 14:09:28,2026-09-11 14:16:23,Montage 3
CityLine-0209,Freins,2026-09-11 14:11:35,2026-09-11 14:22:10,Montage 5
CityLine-0210,Transmission,2026-09-11 14:11:35,2026-09-11 14:29:24,Montage 4
CityLine-0213,Fourche et direction,2026-09-11 14:12:56,2026-09-11 14:21:38,Montage 2
CityLine-0214,Cadre et peinture,2026-09-11 14:12:56,2026-09-11 14:23:40,Peinture 1
CityLine-0208,Expédition,2026-09-11 14:15:03,2026-09-11 14:20:03,Expédition
CityLine-0213,Roues,2026-09-11 14:21:38,2026-09-11 14:31:28,Montage 3
CityLine-0209,Accessoires,2026-09-11 14:22:10,2026-09-11 14:29:27,Montage 6
CityLine-0214,Fourche et direction,2026-09-11 14:23:40,2026-09-11 14:31:31,Montage 2
CityLine-0215,Cadre et peinture,2026-09-11 14:23:40,2026-09-11 14:37:44,Peinture 1
CityLine-0210,Freins,2026-09-11 14:29:24,2026-09-11 14:41:35,Montage 5
CityLine-0211,Transmission,2026-09-11 14:29:24,2026-09-11 14:50:08,Montage 4
CityLine-0209,Contrôle final,2026-09-11 14:29:27,2026-09-11 14:35:47,Contrôle 7
CityLine-0214,Roues,2026-09-11 14:31:31,2026-09-11 14:40:48,Montage 3
CityLine-0220,Lancement en production,2026-09-11 14:32:48,2026-09-11 14:32:48,Ordonnancement
CityLine-0209,Expédition,2026-09-11 14:35:47,2026-09-11 14:40:47,Expédition
CityLine-0215,Fourche et direction,2026-09-11 14:37:44,2026-09-11 14:47:03,Montage 2
CityLine-0210,Accessoires,2026-09-11 14:41:35,2026-09-11 14:51:56,Montage 6
CityLine-0221,Lancement en production,2026-09-11 14:51:21,2026-09-11 14:51:21,Ordonnancement
CityLine-0210,Contrôle final,2026-09-11 14:51:56,2026-09-11 14:59:05,Contrôle 7
CityLine-0210,Expédition,2026-09-14 07:00:00,2026-09-14 07:05:00,Expédition
CityLine-0211,Freins,2026-09-14 07:00:00,2026-09-14 07:11:11,Montage 5
CityLine-0212,Transmission,2026-09-14 07:00:00,2026-09-14 07:19:56,Montage 4
CityLine-0215,Roues,2026-09-14 07:00:00,2026-09-14 07:14:10,Montage 3
CityLine-0216,Changement de couleur,2026-09-14 07:00:00,2026-09-14 07:45:00,Peinture 1
CityLine-0222,Lancement en production,2026-09-14 07:05:07,2026-09-14 07:05:07,Ordonnancement
CityLine-0211,Accessoires,2026-09-14 07:11:11,2026-09-14 07:23:56,Montage 6
CityLine-0212,Freins,2026-09-14 07:19:56,2026-09-14 07:32:05,Montage 5
CityLine-0213,Transmission,2026-09-14 07:19:56,2026-09-14 07:39:03,Montage 4
CityLine-0223,Lancement en production,2026-09-14 07:21:39,2026-09-14 07:21:39,Ordonnancement
CityLine-0211,Contrôle final,2026-09-14 07:23:56,2026-09-14 07:30:51,Contrôle 7
CityLine-0211,Expédition,2026-09-14 07:30:51,2026-09-14 07:35:51,Expédition
CityLine-0212,Accessoires,2026-09-14 07:32:05,2026-09-14 07:41:25,Montage 6
CityLine-0213,Freins,2026-09-14 07:39:03,2026-09-14 07:51:56,Montage 5
CityLine-0214,Transmission,2026-09-14 07:39:03,2026-09-14 07:52:56,Montage 4
CityLine-0212,Contrôle final,2026-09-14 07:41:25,2026-09-14 07:48:37,Contrôle 7
CityLine-0216,Cadre et peinture,2026-09-14 07:45:00,2026-09-14 07:55:07,Peinture 1
CityLine-0212,Expédition,2026-09-14 07:48:37,2026-09-14 07:53:37,Expédition
CityLine-0213,Accessoires,2026-09-14 07:51:56,2026-09-14 08:04:06,Montage 6
CityLine-0214,Freins,2026-09-14 07:52:56,2026-09-14 08:03:04,Montage 5
CityLine-0215,Transmission,2026-09-14 07:52:56,2026-09-14 08:05:52,Montage 4
CityLine-0216,Fourche et direction,2026-09-14 07:55:07,2026-09-14 08:03:24,Montage 2
CityLine-0217,Cadre et peinture,2026-09-14 07:55:07,2026-09-14 08:04:14,Peinture 1
CityLine-0224,Lancement en production,2026-09-14 07:57:29,2026-09-14 07:57:29,Ordonnancement
CityLine-0216,Roues,2026-09-14 08:03:24,2026-09-14 08:12:43,Montage 3
CityLine-0213,Contrôle final,2026-09-14 08:04:06,2026-09-14 08:12:30,Contrôle 7
CityLine-0214,Accessoires,2026-09-14 08:04:06,2026-09-14 08:12:31,Montage 6
CityLine-0217,Fourche et direction,2026-09-14 08:04:14,2026-09-14 08:14:23,Montage 2
CityLine-0218,Cadre et peinture,2026-09-14 08:04:14,2026-09-14 08:13:54,Peinture 1
CityLine-0215,Freins,2026-09-14 08:05:52,2026-09-14 08:16:16,Montage 5
CityLine-0225,Lancement en production,2026-09-14 08:10:58,2026-09-14 08:10:58,Ordonnancement
CityLine-0213,Expédition,2026-09-14 08:12:30,2026-09-14 08:17:30,Expédition
CityLine-0214,Contrôle final,2026-09-14 08:12:31,2026-09-14 08:20:29,Contrôle 7
CityLine-0216,Transmission,2026-09-14 08:12:43,2026-09-14 08:28:55,Montage 4
CityLine-0219,Cadre et peinture,2026-09-14 08:13:54,2026-09-14 08:20:59,Peinture 1
CityLine-0217,Roues,2026-09-14 08:14:23,2026-09-14 08:26:54,Montage 3
CityLine-0218,Fourche et direction,2026-09-14 08:14:23,2026-09-14 08:20:25,Montage 2
CityLine-0215,Accessoires,2026-09-14 08:16:16,2026-09-14 08:24:03,Montage 6
CityLine-0214,Retouche peinture,2026-09-14 08:20:29,2026-09-14 08:34:28,Retouche 8
CityLine-0219,Fourche et direction,2026-09-14 08:20:59,2026-09-14 08:27:13,Montage 2
CityLine-0220,Cadre et peinture,2026-09-14 08:20:59,2026-09-14 08:31:27,Peinture 1
CityLine-0218,Roues,2026-09-14 08:26:54,2026-09-14 08:34:20,Montage 3
CityLine-0216,Freins,2026-09-14 08:28:55,2026-09-14 08:41:32,Montage 5
CityLine-0217,Transmission,2026-09-14 08:28:55,2026-09-14 08:40:02,Montage 4
CityLine-0220,Fourche et direction,2026-09-14 08:31:27,2026-09-14 08:42:49,Montage 2
CityLine-0221,Cadre et peinture,2026-09-14 08:31:27,2026-09-14 08:42:34,Peinture 1
CityLine-0219,Roues,2026-09-14 08:34:20,2026-09-14 08:46:36,Montage 3
CityLine-0214,Contrôle final,2026-09-14 08:34:28,2026-09-14 08:40:42,Contrôle 7
CityLine-0218,Transmission,2026-09-14 08:40:02,2026-09-14 08:58:37,Montage 4
CityLine-0214,Expédition,2026-09-14 08:40:42,2026-09-14 08:45:42,Expédition
CityLine-0215,Contrôle final,2026-09-14 08:40:42,2026-09-14 08:44:20,Contrôle 7
CityLine-0216,Accessoires,2026-09-14 08:41:32,2026-09-14 08:48:36,Montage 6
CityLine-0217,Freins,2026-09-14 08:41:32,2026-09-14 08:48:18,Montage 5
CityLine-0222,Changement de couleur,2026-09-14 08:42:34,2026-09-14 09:27:34,Peinture 1
CityLine-0221,Fourche et direction,2026-09-14 08:42:49,2026-09-14 08:53:53,Montage 2
CityLine-0215,Expédition,2026-09-14 08:44:20,2026-09-14 08:49:20,Expédition
CityLine-0220,Roues,2026-09-14 08:46:36,2026-09-14 08:58:03,Montage 3
CityLine-0216,Contrôle final,2026-09-14 08:48:36,2026-09-14 08:57:05,Contrôle 7
CityLine-0217,Accessoires,2026-09-14 08:48:36,2026-09-14 08:55:59,Montage 6
CityLine-0216,Expédition,2026-09-14 08:57:05,2026-09-14 09:02:05,Expédition
CityLine-0217,Contrôle final,2026-09-14 08:57:05,2026-09-14 09:03:27,Contrôle 7
CityLine-0221,Roues,2026-09-14 08:58:03,2026-09-14 09:05:48,Montage 3
CityLine-0218,Freins,2026-09-14 08:58:37,2026-09-14 09:09:50,Montage 5
CityLine-0219,Transmission,2026-09-14 08:58:37,2026-09-14 09:21:24,Montage 4
CityLine-0217,Expédition,2026-09-14 09:03:27,2026-09-14 09:08:27,Expédition
CityLine-0226,Lancement en production,2026-09-14 09:09:03,2026-09-14 09:09:03,Ordonnancement
CityLine-0218,Accessoires,2026-09-14 09:09:50,2026-09-14 09:18:40,Montage 6
CityLine-0218,Contrôle final,2026-09-14 09:18:40,2026-09-14 09:24:51,Contrôle 7
CityLine-0219,Freins,2026-09-14 09:21:24,2026-09-14 09:32:58,Montage 5
CityLine-0220,Transmission,2026-09-14 09:21:24,2026-09-14 09:40:44,Montage 4
CityLine-0218,Expédition,2026-09-14 09:24:51,2026-09-14 09:29:51,Expédition
CityLine-0222,Cadre et peinture,2026-09-14 09:27:34,2026-09-14 09:38:39,Peinture 1
CityLine-0227,Lancement en production,2026-09-14 09:28:17,2026-09-14 09:28:17,Ordonnancement
CityLine-0219,Accessoires,2026-09-14 09:32:58,2026-09-14 09:39:55,Montage 6
CityLine-0222,Fourche et direction,2026-09-14 09:38:39,2026-09-14 09:49:58,Montage 2
CityLine-0223,Cadre et peinture,2026-09-14 09:38:39,2026-09-14 09:48:50,Peinture 1
CityLine-0219,Contrôle final,2026-09-14 09:39:55,2026-09-14 09:44:24,Contrôle 7
CityLine-0220,Freins,2026-09-14 09:40:44,2026-09-14 09:52:29,Montage 5
CityLine-0221,Transmission,2026-09-14 09:40:44,2026-09-14 09:56:44,Montage 4
CityLine-0219,Expédition,2026-09-14 09:44:24,2026-09-14 09:49:24,Expédition
CityLine-0224,Cadre et peinture,2026-09-14 09:48:50,2026-09-14 10:00:09,Peinture 1
CityLine-0222,Roues,2026-09-14 09:49:58,2026-09-14 10:04:13,Montage 3
CityLine-0223,Fourche et direction,2026-09-14 09:49:58,2026-09-14 09:58:46,Montage 2
CityLine-0220,Accessoires,2026-09-14 09:52:29,2026-09-14 10:03:20,Montage 6
CityLine-0221,Freins,2026-09-14 09:56:44,2026-09-14 10:06:47,Montage 5
CityLine-0224,Fourche et direction,2026-09-14 10:00:09,2026-09-14 10:06:03,Montage 2
CityLine-0225,Cadre et peinture,2026-09-14 10:00:09,2026-09-14 10:11:44,Peinture 1
CityLine-0220,Contrôle final,2026-09-14 10:03:20,2026-09-14 10:10:20,Contrôle 7
CityLine-0222,Transmission,2026-09-14 10:04:13,2026-09-14 10:15:59,Montage 4
CityLine-0223,Roues,2026-09-14 10:04:13,2026-09-14 10:14:54,Montage 3
CityLine-0221,Accessoires,2026-09-14 10:06:47,2026-09-14 10:17:09,Montage 6
CityLine-0220,Expédition,2026-09-14 10:10:20,2026-09-14 10:15:20,Expédition
CityLine-0225,Fourche et direction,2026-09-14 10:11:44,2026-09-14 10:21:58,Montage 2
CityLine-0226,Cadre et peinture,2026-09-14 10:11:44,2026-09-14 10:22:28,Peinture 1
CityLine-0224,Roues,2026-09-14 10:14:54,2026-09-14 10:25:55,Montage 3
CityLine-0222,Freins,2026-09-14 10:15:59,2026-09-14 10:28:46,Montage 5
CityLine-0223,Transmission,2026-09-14 10:15:59,2026-09-14 10:41:13,Montage 4
CityLine-0221,Contrôle final,2026-09-14 10:17:09,2026-09-14 10:23:32,Contrôle 7
CityLine-0226,Fourche et direction,2026-09-14 10:22:28,2026-09-14 10:29:16,Montage 2
CityLine-0227,Changement de couleur,2026-09-14 10:22:28,2026-09-14 11:07:28,Peinture 1
CityLine-0221,Expédition,2026-09-14 10:23:32,2026-09-14 10:28:32,Expédition
CityLine-0225,Roues,2026-09-14 10:25:55,2026-09-14 10:38:27,Montage 3
CityLine-0222,Accessoires,2026-09-14 10:28:46,2026-09-14 10:39:06,Montage 6
CityLine-0226,Roues,2026-09-14 10:38:27,2026-09-14 10:46:31,Montage 3
CityLine-0222,Contrôle final,2026-09-14 10:39:06,2026-09-14 10:45:29,Contrôle 7
CityLine-0223,Freins,2026-09-14 10:41:13,2026-09-14 10:51:14,Montage 5
CityLine-0224,Transmission,2026-09-14 10:41:13,2026-09-14 10:58:01,Montage 4
CityLine-0228,Lancement en production,2026-09-14 10:44:09,2026-09-14 10:44:09,Ordonnancement
CityLine-0222,Expédition,2026-09-14 10:45:29,2026-09-14 10:50:29,Expédition
CityLine-0223,Accessoires,2026-09-14 10:51:14,2026-09-14 10:59:26,Montage 6
CityLine-0224,Freins,2026-09-14 10:58:01,2026-09-14 11:08:29,Montage 5
CityLine-0225,Transmission,2026-09-14 10:58:01,2026-09-14 11:20:15,Montage 4
CityLine-0229,Lancement en production,2026-09-14 10:59:06,2026-09-14 10:59:06,Ordonnancement
CityLine-0223,Contrôle final,2026-09-14 10:59:26,2026-09-14 11:07:05,Contrôle 7
CityLine-0223,Expédition,2026-09-14 11:07:05,2026-09-14 11:12:05,Expédition
CityLine-0227,Cadre et peinture,2026-09-14 11:07:28,2026-09-14 11:16:13,Peinture 1
CityLine-0224,Accessoires,2026-09-14 11:08:29,2026-09-14 11:19:19,Montage 6
CityLine-0227,Fourche et direction,2026-09-14 11:16:13,2026-09-14 11:22:30,Montage 2
CityLine-0228,Cadre et peinture,2026-09-14 11:16:13,2026-09-14 11:26:23,Peinture 1
CityLine-0224,Contrôle final,2026-09-14 11:19:19,2026-09-14 11:23:22,Contrôle 7
CityLine-0225,Freins,2026-09-14 11:20:15,2026-09-14 11:27:27,Montage 5
CityLine-0226,Transmission,2026-09-14 11:20:15,2026-09-14 11:32:47,Montage 4
CityLine-0227,Roues,2026-09-14 11:22:30,2026-09-14 11:31:13,Montage 3
CityLine-0224,Expédition,2026-09-14 11:23:22,2026-09-14 11:28:22,Expédition
CityLine-0228,Fourche et direction,2026-09-14 11:26:23,2026-09-14 11:37:01,Montage 2
CityLine-0229,Cadre et peinture,2026-09-14 11:26:23,2026-09-14 11:36:57,Peinture 1
CityLine-0225,Accessoires,2026-09-14 11:27:27,2026-09-14 11:36:43,Montage 6
CityLine-0226,Freins,2026-09-14 11:32:47,2026-09-14 11:46:57,Montage 5
CityLine-0227,Transmission,2026-09-14 11:32:47,2026-09-14 11:50:57,Montage 4
CityLine-0225,Contrôle final,2026-09-14 11:36:43,2026-09-14 11:41:58,Contrôle 7
CityLine-0230,Lancement en production,2026-09-14 11:36:46,2026-09-14 11:36:46,Ordonnancement
CityLine-0230,Cadre et peinture,2026-09-14 11:36:57,2026-09-14 11:46:52,Peinture 1
CityLine-0228,Roues,2026-09-14 11:37:01,2026-09-14 11:48:24,Montage 3
CityLine-0229,Fourche et direction,2026-09-14 11:37:01,2026-09-14 11:43:58,Montage 2
CityLine-0225,Retouche peinture,2026-09-14 11:41:58,2026-09-14 11:55:57,Retouche 8
CityLine-0230,Fourche et direction,2026-09-14 11:46:52,2026-09-14 11:53:15,Montage 2
CityLine-0226,Accessoires,2026-09-14 11:46:57,2026-09-14 11:56:15,Montage 6
CityLine-0229,Roues,2026-09-14 11:48:24,2026-09-14 11:57:52,Montage 3
CityLine-0231,Lancement en production,2026-09-14 11:50:37,2026-09-14 11:50:37,Ordonnancement
CityLine-0231,Cadre et peinture,2026-09-14 11:50:37,2026-09-14 11:57:44,Peinture 1
CityLine-0227,Freins,2026-09-14 11:50:57,2026-09-14 12:05:41,Montage 5
CityLine-0228,Transmission,2026-09-14 11:50:57,2026-09-14 12:06:04,Montage 4
CityLine-0225,Contrôle final,2026-09-14 11:55:57,2026-09-14 12:05:21,Contrôle 7
CityLine-0231,Fourche et direction,2026-09-14 11:57:44,2026-09-14 12:06:45,Montage 2
CityLine-0230,Roues,2026-09-14 11:57:52,2026-09-14 12:05:39,Montage 3
CityLine-0225,Expédition,2026-09-14 12:05:21,2026-09-14 12:10:21,Expédition
CityLine-0226,Contrôle final,2026-09-14 12:05:21,2026-09-14 12:14:18,Contrôle 7
CityLine-0227,Accessoires,2026-09-14 12:05:41,2026-09-14 12:14:46,Montage 6
CityLine-0228,Freins,2026-09-14 12:06:04,2026-09-14 12:14:36,Montage 5
CityLine-0229,Transmission,2026-09-14 12:06:04,2026-09-14 12:25:43,Montage 4
CityLine-0231,Roues,2026-09-14 12:06:45,2026-09-14 12:14:10,Montage 3
CityLine-0226,Retouche peinture,2026-09-14 12:14:18,2026-09-14 12:26:42,Retouche 8
CityLine-0228,Accessoires,2026-09-14 12:14:46,2026-09-14 12:24:25,Montage 6
CityLine-0229,Freins,2026-09-14 12:25:43,2026-09-14 12:35:24,Montage 5
CityLine-0230,Transmission,2026-09-14 12:25:43,2026-09-14 12:43:34,Montage 4
CityLine-0226,Contrôle final,2026-09-14 12:26:42,2026-09-14 12:33:39,Contrôle 7
CityLine-0226,Expédition,2026-09-14 12:33:39,2026-09-14 12:38:39,Expédition
CityLine-0227,Contrôle final,2026-09-14 12:33:39,2026-09-14 12:42:12,Contrôle 7
CityLine-0232,Lancement en production,2026-09-14 12:34:20,2026-09-14 12:34:20,Ordonnancement
CityLine-0232,Cadre et peinture,2026-09-14 12:34:20,2026-09-14 12:44:39,Peinture 1
CityLine-0229,Accessoires,2026-09-14 12:35:24,2026-09-14 12:45:34,Montage 6
CityLine-0227,Expédition,2026-09-14 12:42:12,2026-09-14 12:47:12,Expédition
CityLine-0228,Contrôle final,2026-09-14 12:42:12,2026-09-14 12:48:52,Contrôle 7
CityLine-0230,Freins,2026-09-14 12:43:34,2026-09-14 12:54:37,Montage 5
CityLine-0231,Transmission,2026-09-14 12:43:34,2026-09-14 12:58:49,Montage 4
CityLine-0232,Fourche et direction,2026-09-14 12:44:39,2026-09-14 12:52:13,Montage 2
CityLine-0228,Retouche peinture,2026-09-14 12:48:52,2026-09-14 13:04:55,Retouche 8
CityLine-0232,Roues,2026-09-14 12:52:13,2026-09-14 13:03:19,Montage 3
CityLine-0230,Accessoires,2026-09-14 12:54:37,2026-09-14 13:02:08,Montage 6
CityLine-0231,Freins,2026-09-14 12:58:49,2026-09-14 13:13:00,Montage 5
CityLine-0232,Transmission,2026-09-14 13:03:19,2026-09-14 13:27:36,Montage 4
CityLine-0228,Contrôle final,2026-09-14 13:04:55,2026-09-14 13:12:35,Contrôle 7
CityLine-0228,Expédition,2026-09-14 13:12:35,2026-09-14 13:17:35,Expédition
CityLine-0229,Contrôle final,2026-09-14 13:12:35,2026-09-14 13:20:29,Contrôle 7
CityLine-0231,Accessoires,2026-09-14 13:13:00,2026-09-14 13:23:07,Montage 6
CityLine-0229,Expédition,2026-09-14 13:20:29,2026-09-14 13:25:29,Expédition
CityLine-0230,Contrôle final,2026-09-14 13:20:29,2026-09-14 13:28:35,Contrôle 7
CityLine-0232,Freins,2026-09-14 13:27:36,2026-09-14 13:41:49,Montage 5
CityLine-0230,Retouche peinture,2026-09-14 13:28:35,2026-09-14 13:45:14,Retouche 8
CityLine-0233,Lancement en production,2026-09-14 13:39:27,2026-09-14 13:39:27,Ordonnancement
CityLine-0233,Changement de couleur,2026-09-14 13:39:27,2026-09-14 14:24:27,Peinture 1
CityLine-0232,Accessoires,2026-09-14 13:41:49,2026-09-14 13:52:30,Montage 6
CityLine-0230,Contrôle final,2026-09-14 13:45:14,2026-09-14 13:52:17,Contrôle 7
CityLine-0230,Expédition,2026-09-14 13:52:17,2026-09-14 13:57:17,Expédition
CityLine-0231,Contrôle final,2026-09-14 13:52:17,2026-09-14 14:00:07,Contrôle 7
CityLine-0231,Expédition,2026-09-14 14:00:07,2026-09-14 14:05:07,Expédition
CityLine-0232,Contrôle final,2026-09-14 14:00:07,2026-09-14 14:06:09,Contrôle 7
CityLine-0232,Retouche peinture,2026-09-14 14:06:09,2026-09-14 14:23:16,Retouche 8
CityLine-0232,Contrôle final,2026-09-14 14:23:16,2026-09-14 14:29:48,Contrôle 7
CityLine-0233,Cadre et peinture,2026-09-14 14:24:27,2026-09-14 14:31:53,Peinture 1
CityLine-0234,Lancement en production,2026-09-14 14:24:49,2026-09-14 14:24:49,Ordonnancement
CityLine-0235,Lancement en production,2026-09-14 14:25:56,2026-09-14 14:25:56,Ordonnancement
CityLine-0232,Expédition,2026-09-14 14:29:48,2026-09-14 14:34:48,Expédition
CityLine-0233,Fourche et direction,2026-09-14 14:31:53,2026-09-14 14:38:38,Montage 2
CityLine-0234,Cadre et peinture,2026-09-14 14:31:53,2026-09-14 14:45:18,Peinture 1
CityLine-0233,Roues,2026-09-14 14:38:38,2026-09-14 14:49:10,Montage 3
CityLine-0234,Fourche et direction,2026-09-14 14:45:18,2026-09-14 14:52:06,Montage 2
CityLine-0235,Cadre et peinture,2026-09-14 14:45:18,2026-09-14 14:52:07,Peinture 1
CityLine-0233,Transmission,2026-09-15 07:00:00,2026-09-15 07:14:38,Montage 4
CityLine-0234,Roues,2026-09-15 07:00:00,2026-09-15 07:13:53,Montage 3
CityLine-0235,Fourche et direction,2026-09-15 07:00:00,2026-09-15 07:09:03,Montage 2
CityLine-0235,Roues,2026-09-15 07:13:53,2026-09-15 07:23:04,Montage 3
CityLine-0233,Freins,2026-09-15 07:14:38,2026-09-15 07:27:46,Montage 5
CityLine-0234,Transmission,2026-09-15 07:14:38,2026-09-15 07:38:30,Montage 4
CityLine-0233,Accessoires,2026-09-15 07:27:46,2026-09-15 07:37:13,Montage 6
CityLine-0233,Contrôle final,2026-09-15 07:37:13,2026-09-15 07:44:22,Contrôle 7
CityLine-0234,Freins,2026-09-15 07:38:30,2026-09-15 07:55:29,Montage 5
CityLine-0235,Transmission,2026-09-15 07:38:30,2026-09-15 08:00:54,Montage 4
CityLine-0233,Expédition,2026-09-15 07:44:22,2026-09-15 07:49:22,Expédition
CityLine-0234,Accessoires,2026-09-15 07:55:29,2026-09-15 08:04:10,Montage 6
CityLine-0235,Freins,2026-09-15 08:00:54,2026-09-15 08:14:59,Montage 5
CityLine-0236,Lancement en production,2026-09-15 08:04:01,2026-09-15 08:04:01,Ordonnancement
CityLine-0236,Cadre et peinture,2026-09-15 08:04:01,2026-09-15 08:13:35,Peinture 1
CityLine-0234,Contrôle final,2026-09-15 08:04:10,2026-09-15 08:09:42,Contrôle 7
CityLine-0234,Expédition,2026-09-15 08:09:42,2026-09-15 08:14:42,Expédition
CityLine-0236,Fourche et direction,2026-09-15 08:13:35,2026-09-15 08:20:14,Montage 2
CityLine-0235,Accessoires,2026-09-15 08:14:59,2026-09-15 08:23:32,Montage 6
CityLine-0236,Roues,2026-09-15 08:20:14,2026-09-15 08:31:20,Montage 3
CityLine-0235,Contrôle final,2026-09-15 08:23:32,2026-09-15 08:30:34,Contrôle 7
CityLine-0237,Lancement en production,2026-09-15 08:28:59,2026-09-15 08:28:59,Ordonnancement
CityLine-0237,Cadre et peinture,2026-09-15 08:28:59,2026-09-15 08:39:54,Peinture 1
CityLine-0235,Expédition,2026-09-15 08:30:34,2026-09-15 08:35:34,Expédition
CityLine-0236,Transmission,2026-09-15 08:31:20,2026-09-15 08:52:17,Montage 4
CityLine-0238,Lancement en production,2026-09-15 08:37:55,2026-09-15 08:37:55,Ordonnancement
CityLine-0237,Fourche et direction,2026-09-15 08:39:54,2026-09-15 08:48:18,Montage 2
CityLine-0238,Cadre et peinture,2026-09-15 08:39:54,2026-09-15 08:50:00,Peinture 1
CityLine-0237,Roues,2026-09-15 08:48:18,2026-09-15 08:58:38,Montage 3
CityLine-0238,Fourche et direction,2026-09-15 08:50:00,2026-09-15 08:57:55,Montage 2
CityLine-0236,Freins,2026-09-15 08:52:17,2026-09-15 09:03:27,Montage 5
CityLine-0239,Lancement en production,2026-09-15 08:56:08,2026-09-15 08:56:08,Ordonnancement
CityLine-0239,Changement de couleur,2026-09-15 08:56:08,2026-09-15 09:41:08,Peinture 1
CityLine-0237,Transmission,2026-09-15 08:58:38,2026-09-15 09:12:00,Montage 4
CityLine-0238,Roues,2026-09-15 08:58:38,2026-09-15 09:10:41,Montage 3
CityLine-0240,Lancement en production,2026-09-15 08:59:51,2026-09-15 08:59:51,Ordonnancement
CityLine-0236,Accessoires,2026-09-15 09:03:27,2026-09-15 09:11:26,Montage 6
CityLine-0236,Contrôle final,2026-09-15 09:11:26,2026-09-15 09:16:46,Contrôle 7
CityLine-0237,Freins,2026-09-15 09:12:00,2026-09-15 09:23:53,Montage 5
CityLine-0238,Transmission,2026-09-15 09:12:00,2026-09-15 09:31:07,Montage 4
CityLine-0241,Lancement en production,2026-09-15 09:13:06,2026-09-15 09:13:06,Ordonnancement
CityLine-0236,Retouche peinture,2026-09-15 09:16:46,2026-09-15 09:28:13,Retouche 8
CityLine-0242,Lancement en production,2026-09-15 09:21:10,2026-09-15 09:21:10,Ordonnancement
CityLine-0237,Accessoires,2026-09-15 09:23:53,2026-09-15 09:31:28,Montage 6
CityLine-0243,Lancement en production,2026-09-15 09:24:06,2026-09-15 09:24:06,Ordonnancement
CityLine-0236,Contrôle final,2026-09-15 09:28:13,2026-09-15 09:33:41,Contrôle 7
CityLine-0238,Freins,2026-09-15 09:31:07,2026-09-15 09:45:18,Montage 5
CityLine-0236,Expédition,2026-09-15 09:33:41,2026-09-15 09:38:41,Expédition
CityLine-0237,Contrôle final,2026-09-15 09:33:41,2026-09-15 09:40:47,Contrôle 7
CityLine-0237,Expédition,2026-09-15 09:40:47,2026-09-15 09:45:47,Expédition
CityLine-0239,Cadre et peinture,2026-09-15 09:41:08,2026-09-15 09:50:20,Peinture 1
CityLine-0244,Lancement en production,2026-09-15 09:41:15,2026-09-15 09:41:15,Ordonnancement
CityLine-0238,Accessoires,2026-09-15 09:45:18,2026-09-15 09:52:44,Montage 6
CityLine-0239,Fourche et direction,2026-09-15 09:50:20,2026-09-15 09:59:36,Montage 2
CityLine-0240,Cadre et peinture,2026-09-15 09:50:20,2026-09-15 09:57:33,Peinture 1
CityLine-0238,Contrôle final,2026-09-15 09:52:44,2026-09-15 09:59:18,Contrôle 7
CityLine-0245,Lancement en production,2026-09-15 09:57:02,2026-09-15 09:57:02,Ordonnancement
CityLine-0241,Cadre et peinture,2026-09-15 09:57:33,2026-09-15 10:08:45,Peinture 1
CityLine-0238,Retouche peinture,2026-09-15 09:59:18,2026-09-15 10:13:35,Retouche 8
CityLine-0239,Roues,2026-09-15 09:59:36,2026-09-15 10:10:06,Montage 3
CityLine-0240,Fourche et direction,2026-09-15 09:59:36,2026-09-15 10:07:02,Montage 2
CityLine-0241,Fourche et direction,2026-09-15 10:08:45,2026-09-15 10:17:16,Montage 2
CityLine-0242,Cadre et peinture,2026-09-15 10:08:45,2026-09-15 10:19:43,Peinture 1
CityLine-0239,Transmission,2026-09-15 10:10:06,2026-09-15 10:30:56,Montage 4
CityLine-0240,Roues,2026-09-15 10:10:06,2026-09-15 10:21:50,Montage 3
CityLine-0238,Contrôle final,2026-09-15 10:13:35,2026-09-15 10:21:01,Contrôle 7
CityLine-0242,Fourche et direction,2026-09-15 10:19:43,2026-09-15 10:25:49,Montage 2
CityLine-0243,Cadre et peinture,2026-09-15 10:19:43,2026-09-15 10:27:50,Peinture 1
CityLine-0238,Expédition,2026-09-15 10:21:01,2026-09-15 10:26:01,Expédition
CityLine-0241,Roues,2026-09-15 10:21:50,2026-09-15 10:32:54,Montage 3
CityLine-0243,Fourche et direction,2026-09-15 10:27:50,2026-09-15 10:39:00,Montage 2
CityLine-0244,Cadre et peinture,2026-09-15 10:27:50,2026-09-15 10:40:31,Peinture 1
CityLine-0246,Lancement en production,2026-09-15 10:28:47,2026-09-15 10:28:47,Ordonnancement
CityLine-0247,Lancement en production,2026-09-15 10:30:20,2026-09-15 10:30:20,Ordonnancement
CityLine-0239,Freins,2026-09-15 10:30:56,2026-09-15 10:46:56,Montage 5
CityLine-0240,Transmission,2026-09-15 10:30:56,2026-09-15 10:47:32,Montage 4
CityLine-0242,Roues,2026-09-15 10:32:54,2026-09-15 10:41:27,Montage 3
CityLine-0244,Fourche et direction,2026-09-15 10:40:31,2026-09-15 10:48:35,Montage 2
CityLine-0245,Changement de couleur,2026-09-15 10:40:31,2026-09-15 11:25:31,Peinture 1
CityLine-0243,Roues,2026-09-15 10:41:27,2026-09-15 10:52:58,Montage 3
CityLine-0239,Accessoires,2026-09-15 10:46:56,2026-09-15 10:57:42,Montage 6
CityLine-0240,Freins,2026-09-15 10:47:32,2026-09-15 11:01:55,Montage 5
CityLine-0241,Transmission,2026-09-15 10:47:32,2026-09-15 11:09:48,Montage 4
CityLine-0244,Roues,2026-09-15 10:52:58,2026-09-15 11:05:53,Montage 3
CityLine-0239,Contrôle final,2026-09-15 10:57:42,2026-09-15 11:07:35,Contrôle 7
CityLine-0240,Accessoires,2026-09-15 11:01:55,2026-09-15 11:12:31,Montage 6
CityLine-0239,Expédition,2026-09-15 11:07:35,2026-09-15 11:12:35,Expédition
CityLine-0241,Freins,2026-09-15 11:09:48,2026-09-15 11:20:37,Montage 5
CityLine-0242,Transmission,2026-09-15 11:09:48,2026-09-15 11:26:11,Montage 4
CityLine-0240,Contrôle final,2026-09-15 11:12:31,2026-09-15 11:20:02,Contrôle 7
CityLine-0248,Lancement en production,2026-09-15 11:15:30,2026-09-15 11:15:30,Ordonnancement
CityLine-0249,Lancement en production,2026-09-15 11:16:24,2026-09-15 11:16:24,Ordonnancement
CityLine-0240,Expédition,2026-09-15 11:20:02,2026-09-15 11:25:02,Expédition
CityLine-0241,Accessoires,2026-09-15 11:20:37,2026-09-15 11:29:01,Montage 6
CityLine-0245,Cadre et peinture,2026-09-15 11:25:31,2026-09-15 11:34:34,Peinture 1
CityLine-0242,Freins,2026-09-15 11:26:11,2026-09-15 11:39:54,Montage 5
CityLine-0243,Transmission,2026-09-15 11:26:11,2026-09-15 11:46:37,Montage 4
CityLine-0241,Contrôle final,2026-09-15 11:29:01,2026-09-15 11:36:51,Contrôle 7
CityLine-0250,Lancement en production,2026-09-15 11:31:02,2026-09-15 11:31:02,Ordonnancement
CityLine-0245,Fourche et direction,2026-09-15 11:34:34,2026-09-15 11:40:55,Montage 2
CityLine-0246,Cadre et peinture,2026-09-15 11:34:34,2026-09-15 11:47:15,Peinture 1
CityLine-0241,Expédition,2026-09-15 11:36:51,2026-09-15 11:41:51,Expédition
CityLine-0251,Lancement en production,2026-09-15 11:39:30,2026-09-15 11:39:30,Ordonnancement
CityLine-0242,Accessoires,2026-09-15 11:39:54,2026-09-15 11:50:11,Montage 6
CityLine-0245,Roues,2026-09-15 11:40:55,2026-09-15 11:54:01,Montage 3
CityLine-0252,Lancement en production,2026-09-15 11:44:08,2026-09-15 11:44:08,Ordonnancement
CityLine-0253,Lancement en production,2026-09-15 11:46:35,2026-09-15 11:46:35,Ordonnancement
CityLine-0243,Freins,2026-09-15 11:46:37,2026-09-15 12:04:09,Montage 5
CityLine-0244,Transmission,2026-09-15 11:46:37,2026-09-15 12:05:41,Montage 4
CityLine-0246,Fourche et direction,2026-09-15 11:47:15,2026-09-15 11:53:49,Montage 2
CityLine-0247,Cadre et peinture,2026-09-15 11:47:15,2026-09-15 11:59:18,Peinture 1
CityLine-0242,Contrôle final,2026-09-15 11:50:11,2026-09-15 11:54:54,Contrôle 7
CityLine-0246,Roues,2026-09-15 11:54:01,2026-09-15 12:06:17,Montage 3
CityLine-0242,Expédition,2026-09-15 11:54:54,2026-09-15 11:59:54,Expédition
CityLine-0247,Fourche et direction,2026-09-15 11:59:18,2026-09-15 12:07:12,Montage 2
CityLine-0248,Cadre et peinture,2026-09-15 11:59:18,2026-09-15 12:08:26,Peinture 1
CityLine-0243,Accessoires,2026-09-15 12:04:09,2026-09-15 12:12:13,Montage 6
CityLine-0244,Freins,2026-09-15 12:05:41,2026-09-15 12:15:43,Montage 5
CityLine-0245,Transmission,2026-09-15 12:05:41,2026-09-15 12:22:26,Montage 4
CityLine-0247,Roues,2026-09-15 12:07:12,2026-09-15 12:16:17,Montage 3
CityLine-0248,Fourche et direction,2026-09-15 12:08:26,2026-09-15 12:14:26,Montage 2
CityLine-0249,Cadre et peinture,2026-09-15 12:08:26,2026-09-15 12:21:08,Peinture 1
CityLine-0243,Contrôle final,2026-09-15 12:12:13,2026-09-15 12:18:43,Contrôle 7
CityLine-0244,Accessoires,2026-09-15 12:15:43,2026-09-15 12:26:17,Montage 6
CityLine-0248,Roues,2026-09-15 12:16:17,2026-09-15 12:26:38,Montage 3
CityLine-0243,Expédition,2026-09-15 12:18:43,2026-09-15 12:23:43,Expédition
CityLine-0249,Fourche et direction,2026-09-15 12:21:08,2026-09-15 12:28:54,Montage 2
CityLine-0250,Changement de couleur,2026-09-15 12:21:08,2026-09-15 13:06:08,Peinture 1
CityLine-0245,Freins,2026-09-15 12:22:26,2026-09-15 12:33:50,Montage 5
CityLine-0246,Transmission,2026-09-15 12:22:26,2026-09-15 12:38:37,Montage 4
CityLine-0244,Contrôle final,2026-09-15 12:26:17,2026-09-15 12:34:21,Contrôle 7
CityLine-0249,Roues,2026-09-15 12:28:54,2026-09-15 12:37:14,Montage 3
CityLine-0245,Accessoires,2026-09-15 12:33:50,2026-09-15 12:41:09,Montage 6
CityLine-0244,Expédition,2026-09-15 12:34:21,2026-09-15 12:39:21,Expédition
CityLine-0246,Freins,2026-09-15 12:38:37,2026-09-15 12:49:25,Montage 5
CityLine-0247,Transmission,2026-09-15 12:38:37,2026-09-15 12:58:37,Montage 4
CityLine-0245,Contrôle final,2026-09-15 12:41:09,2026-09-15 12:47:39,Contrôle 7
CityLine-0245,Expédition,2026-09-15 12:47:39,2026-09-15 12:52:39,Expédition
CityLine-0246,Accessoires,2026-09-15 12:49:25,2026-09-15 12:57:01,Montage 6
CityLine-0254,Lancement en production,2026-09-15 12:50:12,2026-09-15 12:50:12,Ordonnancement
CityLine-0255,Lancement en production,2026-09-15 12:54:36,2026-09-15 12:54:36,Ordonnancement
CityLine-0246,Contrôle final,2026-09-15 12:57:01,2026-09-15 13:02:21,Contrôle 7
CityLine-0247,Freins,2026-09-15 12:58:37,2026-09-15 13:13:31,Montage 5
CityLine-0248,Transmission,2026-09-15 12:58:37,2026-09-15 13:21:06,Montage 4
CityLine-0256,Lancement en production,2026-09-15 12:58:44,2026-09-15 12:58:44,Ordonnancement
CityLine-0246,Expédition,2026-09-15 13:02:21,2026-09-15 13:07:21,Expédition
CityLine-0250,Cadre et peinture,2026-09-15 13:06:08,2026-09-15 13:16:13,Peinture 1
CityLine-0247,Accessoires,2026-09-15 13:13:31,2026-09-15 13:21:20,Montage 6
CityLine-0250,Fourche et direction,2026-09-15 13:16:13,2026-09-15 13:22:34,Montage 2
CityLine-0251,Cadre et peinture,2026-09-15 13:16:13,2026-09-15 13:27:03,Peinture 1
CityLine-0257,Lancement en production,2026-09-15 13:17:38,2026-09-15 13:17:38,Ordonnancement
CityLine-0248,Freins,2026-09-15 13:21:06,2026-09-15 13:34:59,Montage 5
CityLine-0249,Transmission,2026-09-15 13:21:06,2026-09-15 13:42:02,Montage 4
CityLine-0247,Contrôle final,2026-09-15 13:21:20,2026-09-15 13:26:11,Contrôle 7
CityLine-0250,Roues,2026-09-15 13:22:34,2026-09-15 13:32:19,Montage 3
CityLine-0258,Lancement en production,2026-09-15 13:24:55,2026-09-15 13:24:55,Ordonnancement
CityLine-0247,Expédition,2026-09-15 13:26:11,2026-09-15 13:31:11,Expédition
CityLine-0251,Fourche et direction,2026-09-15 13:27:03,2026-09-15 13:35:10,Montage 2
CityLine-0252,Cadre et peinture,2026-09-15 13:27:03,2026-09-15 13:38:16,Peinture 1
CityLine-0248,Accessoires,2026-09-15 13:34:59,2026-09-15 13:43:09,Montage 6
CityLine-0251,Roues,2026-09-15 13:35:10,2026-09-15 13:41:47,Montage 3
CityLine-0252,Fourche et direction,2026-09-15 13:38:16,2026-09-15 13:44:38,Montage 2
CityLine-0253,Cadre et peinture,2026-09-15 13:38:16,2026-09-15 13:49:47,Peinture 1
CityLine-0249,Freins,2026-09-15 13:42:02,2026-09-15 13:56:16,Montage 5
CityLine-0250,Transmission,2026-09-15 13:42:02,2026-09-15 13:56:49,Montage 4
CityLine-0248,Contrôle final,2026-09-15 13:43:09,2026-09-15 13:49:10,Contrôle 7
CityLine-0252,Roues,2026-09-15 13:44:38,2026-09-15 13:55:53,Montage 3
CityLine-0259,Lancement en production,2026-09-15 13:45:06,2026-09-15 13:45:06,Ordonnancement
CityLine-0260,Lancement en production,2026-09-15 13:48:03,2026-09-15 13:48:03,Ordonnancement
CityLine-0248,Expédition,2026-09-15 13:49:10,2026-09-15 13:54:10,Expédition
CityLine-0253,Fourche et direction,2026-09-15 13:49:47,2026-09-15 13:56:06,Montage 2
CityLine-0254,Cadre et peinture,2026-09-15 13:49:47,2026-09-15 14:00:44,Peinture 1
CityLine-0253,Roues,2026-09-15 13:56:06,2026-09-15 14:06:34,Montage 3
CityLine-0249,Accessoires,2026-09-15 13:56:16,2026-09-15 14:04:54,Montage 6
CityLine-0250,Freins,2026-09-15 13:56:49,2026-09-15 14:09:32,Montage 5
CityLine-0251,Transmission,2026-09-15 13:56:49,2026-09-15 14:18:42,Montage 4
CityLine-0254,Fourche et direction,2026-09-15 14:00:44,2026-09-15 14:08:54,Montage 2
CityLine-0255,Changement de couleur,2026-09-15 14:00:44,2026-09-15 14:45:44,Peinture 1
CityLine-0261,Lancement en production,2026-09-15 14:01:27,2026-09-15 14:01:27,Ordonnancement
CityLine-0249,Contrôle final,2026-09-15 14:04:54,2026-09-15 14:12:53,Contrôle 7
CityLine-0254,Roues,2026-09-15 14:08:54,2026-09-15 14:21:54,Montage 3
CityLine-0250,Accessoires,2026-09-15 14:09:32,2026-09-15 14:18:50,Montage 6
CityLine-0249,Expédition,2026-09-15 14:12:53,2026-09-15 14:17:53,Expédition
CityLine-0251,Freins,2026-09-15 14:18:42,2026-09-15 14:34:32,Montage 5
CityLine-0252,Transmission,2026-09-15 14:18:42,2026-09-15 14:31:54,Montage 4
CityLine-0250,Contrôle final,2026-09-15 14:18:50,2026-09-15 14:24:10,Contrôle 7
CityLine-0250,Expédition,2026-09-15 14:24:10,2026-09-15 14:29:10,Expédition
CityLine-0262,Lancement en production,2026-09-15 14:30:30,2026-09-15 14:30:30,Ordonnancement
CityLine-0263,Lancement en production,2026-09-15 14:31:21,2026-09-15 14:31:21,Ordonnancement
CityLine-0253,Transmission,2026-09-15 14:31:54,2026-09-15 14:47:58,Montage 4
CityLine-0251,Accessoires,2026-09-15 14:34:32,2026-09-15 14:46:06,Montage 6
CityLine-0252,Freins,2026-09-15 14:34:32,2026-09-15 14:47:48,Montage 5
CityLine-0264,Lancement en production,2026-09-15 14:39:55,2026-09-15 14:39:55,Ordonnancement
CityLine-0255,Cadre et peinture,2026-09-15 14:45:44,2026-09-15 14:54:14,Peinture 1
CityLine-0251,Contrôle final,2026-09-15 14:46:06,2026-09-15 14:53:47,Contrôle 7
CityLine-0252,Accessoires,2026-09-15 14:47:48,2026-09-15 14:56:13,Montage 6
CityLine-0265,Lancement en production,2026-09-15 14:48:33,2026-09-15 14:48:33,Ordonnancement
CityLine-0251,Expédition,2026-09-15 14:53:47,2026-09-15 14:58:47,Expédition
CityLine-0252,Contrôle final,2026-09-16 07:00:00,2026-09-16 07:07:57,Contrôle 7
CityLine-0253,Freins,2026-09-16 07:00:00,2026-09-16 07:13:36,Montage 5
CityLine-0254,Transmission,2026-09-16 07:00:00,2026-09-16 07:19:36,Montage 4
CityLine-0255,Fourche et direction,2026-09-16 07:00:00,2026-09-16 07:07:13,Montage 2
CityLine-0256,Cadre et peinture,2026-09-16 07:00:00,2026-09-16 07:10:19,Peinture 1
CityLine-0266,Lancement en production,2026-09-16 07:04:02,2026-09-16 07:04:02,Ordonnancement
CityLine-0267,Lancement en production,2026-09-16 07:06:02,2026-09-16 07:06:02,Ordonnancement
CityLine-0255,Roues,2026-09-16 07:07:13,2026-09-16 07:17:50,Montage 3
CityLine-0252,Expédition,2026-09-16 07:07:57,2026-09-16 07:12:57,Expédition
CityLine-0256,Fourche et direction,2026-09-16 07:10:19,2026-09-16 07:17:35,Montage 2
CityLine-0257,Cadre et peinture,2026-09-16 07:10:19,2026-09-16 07:18:53,Peinture 1
CityLine-0253,Accessoires,2026-09-16 07:13:36,2026-09-16 07:22:29,Montage 6
CityLine-0256,Roues,2026-09-16 07:17:50,2026-09-16 07:30:47,Montage 3
CityLine-0257,Fourche et direction,2026-09-16 07:18:53,2026-09-16 07:26:12,Montage 2
CityLine-0258,Cadre et peinture,2026-09-16 07:18:53,2026-09-16 07:29:34,Peinture 1
CityLine-0254,Freins,2026-09-16 07:19:36,2026-09-16 07:34:26,Montage 5
CityLine-0255,Transmission,2026-09-16 07:19:36,2026-09-16 07:35:18,Montage 4
CityLine-0253,Contrôle final,2026-09-16 07:22:29,2026-09-16 07:29:49,Contrôle 7
CityLine-0258,Fourche et direction,2026-09-16 07:29:34,2026-09-16 07:38:28,Montage 2
CityLine-0259,Cadre et peinture,2026-09-16 07:29:34,2026-09-16 07:38:40,Peinture 1
CityLine-0253,Expédition,2026-09-16 07:29:49,2026-09-16 07:34:49,Expédition
CityLine-0257,Roues,2026-09-16 07:30:47,2026-09-16 07:43:20,Montage 3
CityLine-0254,Accessoires,2026-09-16 07:34:26,2026-09-16 07:43:04,Montage 6
CityLine-0255,Freins,2026-09-16 07:35:18,2026-09-16 07:47:21,Montage 5
CityLine-0256,Transmission,2026-09-16 07:35:18,2026-09-16 07:52:35,Montage 4
CityLine-0259,Fourche et direction,2026-09-16 07:38:40,2026-09-16 07:44:43,Montage 2
CityLine-0260,Cadre et peinture,2026-09-16 07:38:40,2026-09-16 07:48:51,Peinture 1
CityLine-0268,Lancement en production,2026-09-16 07:41:18,2026-09-16 07:41:18,Ordonnancement
CityLine-0254,Contrôle final,2026-09-16 07:43:04,2026-09-16 07:50:12,Contrôle 7
CityLine-0258,Roues,2026-09-16 07:43:20,2026-09-16 07:57:06,Montage 3
CityLine-0255,Accessoires,2026-09-16 07:47:21,2026-09-16 07:53:24,Montage 6
CityLine-0260,Fourche et direction,2026-09-16 07:48:51,2026-09-16 07:58:20,Montage 2
CityLine-0261,Changement de couleur,2026-09-16 07:48:51,2026-09-16 08:33:51,Peinture 1
CityLine-0254,Expédition,2026-09-16 07:50:12,2026-09-16 07:55:12,Expédition
CityLine-0256,Freins,2026-09-16 07:52:35,2026-09-16 08:08:52,Montage 5
CityLine-0257,Transmission,2026-09-16 07:52:35,2026-09-16 08:06:42,Montage 4
CityLine-0255,Contrôle final,2026-09-16 07:53:24,2026-09-16 08:00:57,Contrôle 7
CityLine-0259,Roues,2026-09-16 07:57:06,2026-09-16 08:10:38,Montage 3
CityLine-0255,Expédition,2026-09-16 08:00:57,2026-09-16 08:05:57,Expédition
CityLine-0269,Lancement en production,2026-09-16 08:01:23,2026-09-16 08:01:23,Ordonnancement
CityLine-0258,Transmission,2026-09-16 08:06:42,2026-09-16 08:21:09,Montage 4
CityLine-0256,Accessoires,2026-09-16 08:08:52,2026-09-16 08:15:35,Montage 6
CityLine-0257,Freins,2026-09-16 08:08:52,2026-09-16 08:22:11,Montage 5
CityLine-0260,Roues,2026-09-16 08:10:38,2026-09-16 08:16:57,Montage 3
CityLine-0256,Contrôle final,2026-09-16 08:15:35,2026-09-16 08:22:17,Contrôle 7
CityLine-0259,Transmission,2026-09-16 08:21:09,2026-09-16 08:38:56,Montage 4
CityLine-0257,Accessoires,2026-09-16 08:22:11,2026-09-16 08:28:51,Montage 6
CityLine-0258,Freins,2026-09-16 08:22:11,2026-09-16 08:34:02,Montage 5
CityLine-0256,Expédition,2026-09-16 08:22:17,2026-09-16 08:27:17,Expédition
CityLine-0270,Lancement en production,2026-09-16 08:27:38,2026-09-16 08:27:38,Ordonnancement
CityLine-0257,Contrôle final,2026-09-16 08:28:51,2026-09-16 08:35:20,Contrôle 7
CityLine-0271,Lancement en production,2026-09-16 08:32:24,2026-09-16 08:32:24,Ordonnancement
CityLine-0261,Cadre et peinture,2026-09-16 08:33:51,2026-09-16 08:44:15,Peinture 1
CityLine-0258,Accessoires,2026-09-16 08:34:02,2026-09-16 08:44:04,Montage 6
CityLine-0257,Retouche peinture,2026-09-16 08:35:20,2026-09-16 08:53:54,Retouche 8
CityLine-0259,Freins,2026-09-16 08:38:56,2026-09-16 08:49:44,Montage 5
CityLine-0260,Transmission,2026-09-16 08:38:56,2026-09-16 08:52:58,Montage 4
CityLine-0261,Fourche et direction,2026-09-16 08:44:15,2026-09-16 08:52:25,Montage 2
CityLine-0262,Cadre et peinture,2026-09-16 08:44:15,2026-09-16 08:55:59,Peinture 1
CityLine-0272,Lancement en production,2026-09-16 08:44:42,2026-09-16 08:44:42,Ordonnancement
CityLine-0273,Lancement en production,2026-09-16 08:47:32,2026-09-16 08:47:32,Ordonnancement
CityLine-0259,Accessoires,2026-09-16 08:49:44,2026-09-16 08:58:48,Montage 6
CityLine-0261,Roues,2026-09-16 08:52:25,2026-09-16 09:03:32,Montage 3
CityLine-0260,Freins,2026-09-16 08:52:58,2026-09-16 09:04:53,Montage 5
CityLine-0257,Contrôle final,2026-09-16 08:53:54,2026-09-16 09:01:20,Contrôle 7
CityLine-0262,Fourche et direction,2026-09-16 08:55:59,2026-09-16 09:03:18,Montage 2
CityLine-0263,Cadre et peinture,2026-09-16 08:55:59,2026-09-16 09:05:32,Peinture 1
CityLine-0257,Expédition,2026-09-16 09:01:20,2026-09-16 09:06:20,Expédition
CityLine-0258,Contrôle final,2026-09-16 09:01:20,2026-09-16 09:09:16,Contrôle 7
CityLine-0261,Transmission,2026-09-16 09:03:32,2026-09-16 09:18:40,Montage 4
CityLine-0262,Roues,2026-09-16 09:03:32,2026-09-16 09:14:14,Montage 3
CityLine-0260,Accessoires,2026-09-16 09:04:53,2026-09-16 09:13:13,Montage 6
CityLine-0263,Fourche et direction,2026-09-16 09:05:32,2026-09-16 09:11:46,Montage 2
CityLine-0264,Cadre et peinture,2026-09-16 09:05:32,2026-09-16 09:22:06,Peinture 1
CityLine-0258,Expédition,2026-09-16 09:09:16,2026-09-16 09:14:16,Expédition
CityLine-0259,Contrôle final,2026-09-16 09:09:16,2026-09-16 09:15:44,Contrôle 7
CityLine-0274,Lancement en production,2026-09-16 09:11:35,2026-09-16 09:11:35,Ordonnancement
CityLine-0263,Roues,2026-09-16 09:14:14,2026-09-16 09:26:09,Montage 3
CityLine-0259,Retouche peinture,2026-09-16 09:15:44,2026-09-16 09:33:27,Retouche 8
CityLine-0261,Freins,2026-09-16 09:18:40,2026-09-16 09:30:15,Montage 5
CityLine-0262,Transmission,2026-09-16 09:18:40,2026-09-16 09:40:36,Montage 4
CityLine-0264,Fourche et direction,2026-09-16 09:22:06,2026-09-16 09:30:44,Montage 2
CityLine-0265,Cadre et peinture,2026-09-16 09:22:06,2026-09-16 09:31:29,Peinture 1
CityLine-0261,Accessoires,2026-09-16 09:30:15,2026-09-16 09:41:14,Montage 6
CityLine-0264,Roues,2026-09-16 09:30:44,2026-09-16 09:39:47,Montage 3
CityLine-0265,Fourche et direction,2026-09-16 09:31:29,2026-09-16 09:37:30,Montage 2
CityLine-0266,Changement de couleur,2026-09-16 09:31:29,2026-09-16 10:16:29,Peinture 1
CityLine-0259,Contrôle final,2026-09-16 09:33:27,2026-09-16 09:40:20,Contrôle 7
CityLine-0275,Lancement en production,2026-09-16 09:34:22,2026-09-16 09:34:22,Ordonnancement
CityLine-0276,Lancement en production,2026-09-16 09:36:31,2026-09-16 09:36:31,Ordonnancement
CityLine-0277,Lancement en production,2026-09-16 09:39:36,2026-09-16 09:39:36,Ordonnancement
CityLine-0265,Roues,2026-09-16 09:39:47,2026-09-16 09:51:20,Montage 3
CityLine-0259,Expédition,2026-09-16 09:40:20,2026-09-16 09:45:20,Expédition
CityLine-0260,Contrôle final,2026-09-16 09:40:20,2026-09-16 09:46:08,Contrôle 7
CityLine-0262,Freins,2026-09-16 09:40:36,2026-09-16 09:55:03,Montage 5
CityLine-0263,Transmission,2026-09-16 09:40:36,2026-09-16 09:58:17,Montage 4
CityLine-0260,Expédition,2026-09-16 09:46:08,2026-09-16 09:51:08,Expédition
CityLine-0261,Contrôle final,2026-09-16 09:46:08,2026-09-16 09:53:49,Contrôle 7
CityLine-0261,Expédition,2026-09-16 09:53:49,2026-09-16 09:58:49,Expédition
CityLine-0262,Accessoires,2026-09-16 09:55:03,2026-09-16 10:04:45,Montage 6
CityLine-0263,Freins,2026-09-16 09:58:17,2026-09-16 10:12:01,Montage 5
CityLine-0264,Transmission,2026-09-16 09:58:17,2026-09-16 10:21:36,Montage 4
CityLine-0262,Contrôle final,2026-09-16 10:04:45,2026-09-16 10:10:40,Contrôle 7
CityLine-0262,Expédition,2026-09-16 10:10:40,2026-09-16 10:15:40,Expédition
CityLine-0263,Accessoires,2026-09-16 10:12:01,2026-09-16 10:18:39,Montage 6
CityLine-0266,Cadre et peinture,2026-09-16 10:16:29,2026-09-16 10:27:05,Peinture 1
CityLine-0263,Contrôle final,2026-09-16 10:18:39,2026-09-16 10:24:14,Contrôle 7
CityLine-0278,Lancement en production,2026-09-16 10:18:55,2026-09-16 10:18:55,Ordonnancement
CityLine-0264,Freins,2026-09-16 10:21:36,2026-09-16 10:33:27,Montage 5
CityLine-0265,Transmission,2026-09-16 10:21:36,2026-09-16 10:40:53,Montage 4
CityLine-0279,Lancement en production,2026-09-16 10:21:56,2026-09-16 10:21:56,Ordonnancement
CityLine-0263,Expédition,2026-09-16 10:24:14,2026-09-16 10:29:14,Expédition
CityLine-0266,Fourche et direction,2026-09-16 10:27:05,2026-09-16 10:34:05,Montage 2
CityLine-0267,Cadre et peinture,2026-09-16 10:27:05,2026-09-16 10:40:10,Peinture 1
CityLine-0280,Lancement en production,2026-09-16 10:29:07,2026-09-16 10:29:07,Ordonnancement
CityLine-0264,Accessoires,2026-09-16 10:33:27,2026-09-16 10:42:42,Montage 6
CityLine-0266,Roues,2026-09-16 10:34:05,2026-09-16 10:47:51,Montage 3
CityLine-0267,Fourche et direction,2026-09-16 10:40:10,2026-09-16 10:47:35,Montage 2
CityLine-0268,Cadre et peinture,2026-09-16 10:40:10,2026-09-16 10:49:09,Peinture 1
CityLine-0265,Freins,2026-09-16 10:40:53,2026-09-16 10:53:17,Montage 5
CityLine-0264,Contrôle final,2026-09-16 10:42:42,2026-09-16 10:51:59,Contrôle 7
CityLine-0281,Lancement en production,2026-09-16 10:42:47,2026-09-16 10:42:47,Ordonnancement
CityLine-0266,Transmission,2026-09-16 10:47:51,2026-09-16 11:05:01,Montage 4
CityLine-0267,Roues,2026-09-16 10:47:51,2026-09-16 11:04:15,Montage 3
CityLine-0268,Fourche et direction,2026-09-16 10:49:09,2026-09-16 10:57:18,Montage 2
CityLine-0269,Cadre et peinture,2026-09-16 10:49:09,2026-09-16 10:59:44,Peinture 1
CityLine-0264,Expédition,2026-09-16 10:51:59,2026-09-16 10:56:59,Expédition
CityLine-0265,Accessoires,2026-09-16 10:53:17,2026-09-16 11:03:21,Montage 6
CityLine-0282,Lancement en production,2026-09-16 10:59:35,2026-09-16 10:59:35,Ordonnancement
CityLine-0269,Fourche et direction,2026-09-16 10:59:44,2026-09-16 11:07:17,Montage 2
CityLine-0270,Cadre et peinture,2026-09-16 10:59:44,2026-09-16 11:06:50,Peinture 1
CityLine-0283,Lancement en production,2026-09-16 11:00:50,2026-09-16 11:00:50,Ordonnancement
CityLine-0265,Contrôle final,2026-09-16 11:03:21,2026-09-16 11:11:26,Contrôle 7
CityLine-0268,Roues,2026-09-16 11:04:15,2026-09-16 11:12:17,Montage 3
CityLine-0266,Freins,2026-09-16 11:05:01,2026-09-16 11:18:40,Montage 5
CityLine-0267,Transmission,2026-09-16 11:05:01,2026-09-16 11:17:54,Montage 4
CityLine-0271,Cadre et peinture,2026-09-16 11:06:50,2026-09-16 11:16:27,Peinture 1
CityLine-0270,Fourche et direction,2026-09-16 11:07:17,2026-09-16 11:13:14,Montage 2
CityLine-0284,Lancement en production,2026-09-16 11:07:20,2026-09-16 11:07:20,Ordonnancement
CityLine-0265,Expédition,2026-09-16 11:11:26,2026-09-16 11:16:26,Expédition
CityLine-0269,Roues,2026-09-16 11:12:17,2026-09-16 11:21:42,Montage 3
CityLine-0271,Fourche et direction,2026-09-16 11:16:27,2026-09-16 11:27:08,Montage 2
CityLine-0272,Changement de couleur,2026-09-16 11:16:27,2026-09-16 12:01:27,Peinture 1
CityLine-0268,Transmission,2026-09-16 11:17:54,2026-09-16 11:31:29,Montage 4
CityLine-0266,Accessoires,2026-09-16 11:18:40,2026-09-16 11:30:37,Montage 6
CityLine-0267,Freins,2026-09-16 11:18:40,2026-09-16 11:31:25,Montage 5
CityLine-0270,Roues,2026-09-16 11:21:42,2026-09-16 11:33:27,Montage 3
CityLine-0266,Contrôle final,2026-09-16 11:30:37,2026-09-16 11:34:46,Contrôle 7
CityLine-0267,Accessoires,2026-09-16 11:31:25,2026-09-16 11:39:48,Montage 6
CityLine-0268,Freins,2026-09-16 11:31:29,2026-09-16 11:43:40,Montage 5
CityLine-0269,Transmission,2026-09-16 11:31:29,2026-09-16 11:49:01,Montage 4
CityLine-0271,Roues,2026-09-16 11:33:27,2026-09-16 11:43:05,Montage 3
CityLine-0266,Expédition,2026-09-16 11:34:46,2026-09-16 11:39:46,Expédition
CityLine-0267,Contrôle final,2026-09-16 11:39:48,2026-09-16 11:47:26,Contrôle 7
CityLine-0285,Lancement en production,2026-09-16 11:43:18,2026-09-16 11:43:18,Ordonnancement
CityLine-0268,Accessoires,2026-09-16 11:43:40,2026-09-16 11:52:29,Montage 6
CityLine-0267,Expédition,2026-09-16 11:47:26,2026-09-16 11:52:26,Expédition
CityLine-0269,Freins,2026-09-16 11:49:01,2026-09-16 12:02:55,Montage 5
CityLine-0270,Transmission,2026-09-16 11:49:01,2026-09-16 12:06:04,Montage 4
CityLine-0268,Contrôle final,2026-09-16 11:52:29,2026-09-16 12:00:46,Contrôle 7
CityLine-0268,Expédition,2026-09-16 12:00:46,2026-09-16 12:05:46,Expédition
CityLine-0272,Cadre et peinture,2026-09-16 12:01:27,2026-09-16 12:13:17,Peinture 1
CityLine-0286,Lancement en production,2026-09-16 12:02:05,2026-09-16 12:02:05,Ordonnancement
CityLine-0269,Accessoires,2026-09-16 12:02:55,2026-09-16 12:11:19,Montage 6
CityLine-0270,Freins,2026-09-16 12:06:04,2026-09-16 12:18:40,Montage 5
CityLine-0271,Transmission,2026-09-16 12:06:04,2026-09-16 12:27:25,Montage 4
CityLine-0269,Contrôle final,2026-09-16 12:11:19,2026-09-16 12:19:23,Contrôle 7
CityLine-0272,Fourche et direction,2026-09-16 12:13:17,2026-09-16 12:23:19,Montage 2
CityLine-0273,Cadre et peinture,2026-09-16 12:13:17,2026-09-16 12:22:40,Peinture 1
CityLine-0270,Accessoires,2026-09-16 12:18:40,2026-09-16 12:26:34,Montage 6
CityLine-0269,Retouche peinture,2026-09-16 12:19:23,2026-09-16 12:33:39,Retouche 8
CityLine-0274,Cadre et peinture,2026-09-16 12:22:40,2026-09-16 12:33:36,Peinture 1
CityLine-0272,Roues,2026-09-16 12:23:19,2026-09-16 12:37:04,Montage 3
CityLine-0273,Fourche et direction,2026-09-16 12:23:19,2026-09-16 12:30:37,Montage 2
CityLine-0271,Freins,2026-09-16 12:27:25,2026-09-16 12:37:09,Montage 5
CityLine-0287,Lancement en production,2026-09-16 12:32:38,2026-09-16 12:32:38,Ordonnancement
CityLine-0274,Fourche et direction,2026-09-16 12:33:36,2026-09-16 12:41:48,Montage 2
CityLine-0275,Cadre et peinture,2026-09-16 12:33:36,2026-09-16 12:46:22,Peinture 1
CityLine-0269,Contrôle final,2026-09-16 12:33:39,2026-09-16 12:40:57,Contrôle 7
CityLine-0272,Transmission,2026-09-16 12:37:04,2026-09-16 12:54:44,Montage 4
CityLine-0273,Roues,2026-09-16 12:37:04,2026-09-16 12:49:30,Montage 3
CityLine-0271,Accessoires,2026-09-16 12:37:09,2026-09-16 12:45:23,Montage 6
CityLine-0288,Lancement en production,2026-09-16 12:38:59,2026-09-16 12:38:59,Ordonnancement
CityLine-0269,Expédition,2026-09-16 12:40:57,2026-09-16 12:45:57,Expédition
CityLine-0270,Contrôle final,2026-09-16 12:40:57,2026-09-16 12:47:46,Contrôle 7
CityLine-0275,Fourche et direction,2026-09-16 12:46:22,2026-09-16 12:54:30,Montage 2
CityLine-0276,Cadre et peinture,2026-09-16 12:46:22,2026-09-16 12:57:08,Peinture 1
CityLine-0270,Expédition,2026-09-16 12:47:46,2026-09-16 12:52:46,Expédition
CityLine-0271,Contrôle final,2026-09-16 12:47:46,2026-09-16 12:53:42,Contrôle 7
CityLine-0274,Roues,2026-09-16 12:49:30,2026-09-16 13:03:23,Montage 3
CityLine-0271,Retouche peinture,2026-09-16 12:53:42,2026-09-16 13:12:06,Retouche 8
CityLine-0272,Freins,2026-09-16 12:54:44,2026-09-16 13:06:45,Montage 5
CityLine-0273,Transmission,2026-09-16 12:54:44,2026-09-16 13:11:27,Montage 4
CityLine-0289,Lancement en production,2026-09-16 12:55:43,2026-09-16 12:55:43,Ordonnancement
CityLine-0276,Fourche et direction,2026-09-16 12:57:08,2026-09-16 13:03:59,Montage 2
CityLine-0277,Changement de couleur,2026-09-16 12:57:08,2026-09-16 13:42:08,Peinture 1
CityLine-0290,Lancement en production,2026-09-16 13:01:20,2026-09-16 13:01:20,Ordonnancement
CityLine-0275,Roues,2026-09-16 13:03:23,2026-09-16 13:16:48,Montage 3
CityLine-0272,Accessoires,2026-09-16 13:06:45,2026-09-16 13:16:48,Montage 6
CityLine-0273,Freins,2026-09-16 13:11:27,2026-09-16 13:22:32,Montage 5
CityLine-0274,Transmission,2026-09-16 13:11:27,2026-09-16 13:29:11,Montage 4
CityLine-0271,Contrôle final,2026-09-16 13:12:06,2026-09-16 13:20:54,Contrôle 7
CityLine-0276,Roues,2026-09-16 13:16:48,2026-09-16 13:31:34,Montage 3
CityLine-0271,Expédition,2026-09-16 13:20:54,2026-09-16 13:25:54,Expédition
CityLine-0272,Contrôle final,2026-09-16 13:20:54,2026-09-16 13:27:40,Contrôle 7
CityLine-0273,Accessoires,2026-09-16 13:22:32,2026-09-16 13:30:31,Montage 6
CityLine-0272,Expédition,2026-09-16 13:27:40,2026-09-16 13:32:40,Expédition
CityLine-0291,Lancement en production,2026-09-16 13:28:19,2026-09-16 13:28:19,Ordonnancement
CityLine-0274,Freins,2026-09-16 13:29:11,2026-09-16 13:41:06,Montage 5
CityLine-0275,Transmission,2026-09-16 13:29:11,2026-09-16 13:38:16,Montage 4
CityLine-0273,Contrôle final,2026-09-16 13:30:31,2026-09-16 13:35:38,Contrôle 7
CityLine-0292,Lancement en production,2026-09-16 13:32:16,2026-09-16 13:32:16,Ordonnancement
CityLine-0273,Retouche peinture,2026-09-16 13:35:38,2026-09-16 13:54:50,Retouche 8
CityLine-0276,Transmission,2026-09-16 13:38:16,2026-09-16 13:59:38,Montage 4
CityLine-0293,Lancement en production,2026-09-16 13:40:12,2026-09-16 13:40:12,Ordonnancement
CityLine-0274,Accessoires,2026-09-16 13:41:06,2026-09-16 13:49:14,Montage 6
CityLine-0275,Freins,2026-09-16 13:41:06,2026-09-16 13:52:05,Montage 5
CityLine-0277,Cadre et peinture,2026-09-16 13:42:08,2026-09-16 13:51:54,Peinture 1
CityLine-0277,Fourche et direction,2026-09-16 13:51:54,2026-09-16 13:59:52,Montage 2
CityLine-0278,Cadre et peinture,2026-09-16 13:51:54,2026-09-16 14:03:25,Peinture 1
CityLine-0275,Accessoires,2026-09-16 13:52:05,2026-09-16 14:01:29,Montage 6
CityLine-0273,Contrôle final,2026-09-16 13:54:50,2026-09-16 14:00:59,Contrôle 7
CityLine-0276,Freins,2026-09-16 13:59:38,2026-09-16 14:14:28,Montage 5
CityLine-0277,Roues,2026-09-16 13:59:52,2026-09-16 14:09:37,Montage 3
CityLine-0273,Expédition,2026-09-16 14:00:59,2026-09-16 14:05:59,Expédition
CityLine-0274,Contrôle final,2026-09-16 14:00:59,2026-09-16 14:08:05,Contrôle 7
CityLine-0278,Fourche et direction,2026-09-16 14:03:25,2026-09-16 14:11:59,Montage 2
CityLine-0279,Cadre et peinture,2026-09-16 14:03:25,2026-09-16 14:13:17,Peinture 1
CityLine-0274,Expédition,2026-09-16 14:08:05,2026-09-16 14:13:05,Expédition
CityLine-0275,Contrôle final,2026-09-16 14:08:05,2026-09-16 14:16:12,Contrôle 7
CityLine-0277,Transmission,2026-09-16 14:09:37,2026-09-16 14:24:36,Montage 4
CityLine-0294,Lancement en production,2026-09-16 14:09:50,2026-09-16 14:09:50,Ordonnancement
CityLine-0278,Roues,2026-09-16 14:11:59,2026-09-16 14:23:27,Montage 3
CityLine-0279,Fourche et direction,2026-09-16 14:13:17,2026-09-16 14:21:53,Montage 2
CityLine-0280,Cadre et peinture,2026-09-16 14:13:17,2026-09-16 14:20:02,Peinture 1
CityLine-0276,Accessoires,2026-09-16 14:14:28,2026-09-16 14:23:29,Montage 6
CityLine-0275,Expédition,2026-09-16 14:16:12,2026-09-16 14:21:12,Expédition
CityLine-0295,Lancement en production,2026-09-16 14:18:20,2026-09-16 14:18:20,Ordonnancement
CityLine-0281,Cadre et peinture,2026-09-16 14:20:02,2026-09-16 14:31:38,Peinture 1
CityLine-0280,Fourche et direction,2026-09-16 14:21:53,2026-09-16 14:28:10,Montage 2
CityLine-0279,Roues,2026-09-16 14:23:27,2026-09-16 14:31:55,Montage 3
CityLine-0276,Contrôle final,2026-09-16 14:23:29,2026-09-16 14:29:49,Contrôle 7
CityLine-0296,Lancement en production,2026-09-16 14:23:46,2026-09-16 14:23:46,Ordonnancement
CityLine-0277,Freins,2026-09-16 14:24:36,2026-09-16 14:36:05,Montage 5
CityLine-0278,Transmission,2026-09-16 14:24:36,2026-09-16 14:42:27,Montage 4
CityLine-0276,Expédition,2026-09-16 14:29:49,2026-09-16 14:34:49,Expédition
CityLine-0281,Fourche et direction,2026-09-16 14:31:38,2026-09-16 14:40:44,Montage 2
CityLine-0282,Cadre et peinture,2026-09-16 14:31:38,2026-09-16 14:41:15,Peinture 1
CityLine-0280,Roues,2026-09-16 14:31:55,2026-09-16 14:42:39,Montage 3
CityLine-0277,Accessoires,2026-09-16 14:36:05,2026-09-16 14:42:50,Montage 6
CityLine-0297,Lancement en production,2026-09-16 14:38:26,2026-09-16 14:38:26,Ordonnancement
CityLine-0282,Fourche et direction,2026-09-16 14:41:15,2026-09-16 14:47:48,Montage 2
CityLine-0278,Freins,2026-09-16 14:42:27,2026-09-16 14:51:34,Montage 5
CityLine-0279,Transmission,2026-09-16 14:42:27,2026-09-16 14:58:48,Montage 4
CityLine-0281,Roues,2026-09-16 14:42:39,2026-09-16 14:51:38,Montage 3
CityLine-0277,Contrôle final,2026-09-16 14:42:50,2026-09-16 14:50:35,Contrôle 7
CityLine-0298,Lancement en production,2026-09-16 14:49:52,2026-09-16 14:49:52,Ordonnancement
CityLine-0277,Expédition,2026-09-16 14:50:35,2026-09-16 14:55:35,Expédition
CityLine-0278,Accessoires,2026-09-16 14:51:34,2026-09-16 14:57:27,Montage 6
CityLine-0299,Lancement en production,2026-09-16 14:57:31,2026-09-16 14:57:31,Ordonnancement
CityLine-0278,Contrôle final,2026-09-17 07:00:00,2026-09-17 07:09:09,Contrôle 7
CityLine-0279,Freins,2026-09-17 07:00:00,2026-09-17 07:09:04,Montage 5
CityLine-0280,Transmission,2026-09-17 07:00:00,2026-09-17 07:17:44,Montage 4
CityLine-0282,Roues,2026-09-17 07:00:00,2026-09-17 07:13:14,Montage 3
CityLine-0283,Changement de couleur,2026-09-17 07:00:00,2026-09-17 07:45:00,Peinture 1
CityLine-0279,Accessoires,2026-09-17 07:09:04,2026-09-17 07:16:18,Montage 6
CityLine-0278,Expédition,2026-09-17 07:09:09,2026-09-17 07:14:09,Expédition
CityLine-0300,Lancement en production,2026-09-17 07:12:52,2026-09-17 07:12:52,Ordonnancement
CityLine-0279,Contrôle final,2026-09-17 07:16:18,2026-09-17 07:22:25,Contrôle 7
CityLine-0280,Freins,2026-09-17 07:17:44,2026-09-17 07:27:56,Montage 5
CityLine-0281,Transmission,2026-09-17 07:17:44,2026-09-17 07:33:20,Montage 4
CityLine-0279,Expédition,2026-09-17 07:22:25,2026-09-17 07:27:25,Expédition
CityLine-0280,Accessoires,2026-09-17 07:27:56,2026-09-17 07:40:11,Montage 6
CityLine-0281,Freins,2026-09-17 07:33:20,2026-09-17 07:51:37,Montage 5
CityLine-0282,Transmission,2026-09-17 07:33:20,2026-09-17 07:51:44,Montage 4
CityLine-0280,Contrôle final,2026-09-17 07:40:11,2026-09-17 07:48:05,Contrôle 7
CityLine-0283,Cadre et peinture,2026-09-17 07:45:00,2026-09-17 07:55:31,Peinture 1
CityLine-0280,Expédition,2026-09-17 07:48:05,2026-09-17 07:53:05,Expédition
CityLine-0281,Accessoires,2026-09-17 07:51:37,2026-09-17 07:59:58,Montage 6
CityLine-0282,Freins,2026-09-17 07:51:44,2026-09-17 07:58:23,Montage 5
CityLine-0283,Fourche et direction,2026-09-17 07:55:31,2026-09-17 08:01:51,Montage 2
CityLine-0284,Cadre et peinture,2026-09-17 07:55:31,2026-09-17 08:06:37,Peinture 1
CityLine-0281,Contrôle final,2026-09-17 07:59:58,2026-09-17 08:07:34,Contrôle 7
CityLine-0282,Accessoires,2026-09-17 07:59:58,2026-09-17 08:09:00,Montage 6
CityLine-0283,Roues,2026-09-17 08:01:51,2026-09-17 08:11:14,Montage 3
CityLine-0284,Fourche et direction,2026-09-17 08:06:37,2026-09-17 08:13:59,Montage 2
CityLine-0285,Cadre et peinture,2026-09-17 08:06:37,2026-09-17 08:16:20,Peinture 1
CityLine-0281,Expédition,2026-09-17 08:07:34,2026-09-17 08:12:34,Expédition
CityLine-0282,Contrôle final,2026-09-17 08:09:00,2026-09-17 08:15:46,Contrôle 7
CityLine-0283,Transmission,2026-09-17 08:11:14,2026-09-17 08:26:17,Montage 4
CityLine-0284,Roues,2026-09-17 08:13:59,2026-09-17 08:27:11,Montage 3
CityLine-0282,Retouche peinture,2026-09-17 08:15:46,2026-09-17 08:30:43,Retouche 8
CityLine-0285,Fourche et direction,2026-09-17 08:16:20,2026-09-17 08:23:51,Montage 2
CityLine-0286,Cadre et peinture,2026-09-17 08:16:20,2026-09-17 08:27:20,Peinture 1
CityLine-0283,Freins,2026-09-17 08:26:17,2026-09-17 08:35:24,Montage 5
CityLine-0284,Transmission,2026-09-17 08:27:11,2026-09-17 08:46:39,Montage 4
CityLine-0285,Roues,2026-09-17 08:27:11,2026-09-17 08:37:10,Montage 3
CityLine-0286,Fourche et direction,2026-09-17 08:27:20,2026-09-17 08:34:28,Montage 2
CityLine-0287,Cadre et peinture,2026-09-17 08:27:20,2026-09-17 08:37:08,Peinture 1
CityLine-0282,Contrôle final,2026-09-17 08:30:43,2026-09-17 08:38:04,Contrôle 7
CityLine-0283,Accessoires,2026-09-17 08:35:24,2026-09-17 08:45:40,Montage 6
CityLine-0287,Fourche et direction,2026-09-17 08:37:08,2026-09-17 08:44:17,Montage 2
CityLine-0288,Changement de couleur,2026-09-17 08:37:08,2026-09-17 09:22:08,Peinture 1
CityLine-0286,Roues,2026-09-17 08:37:10,2026-09-17 08:51:13,Montage 3
CityLine-0282,Expédition,2026-09-17 08:38:04,2026-09-17 08:43:04,Expédition
CityLine-0283,Contrôle final,2026-09-17 08:45:40,2026-09-17 08:54:02,Contrôle 7
CityLine-0284,Freins,2026-09-17 08:46:39,2026-09-17 09:02:25,Montage 5
CityLine-0285,Transmission,2026-09-17 08:46:39,2026-09-17 08:59:31,Montage 4
CityLine-0287,Roues,2026-09-17 08:51:13,2026-09-17 09:04:37,Montage 3
CityLine-0283,Expédition,2026-09-17 08:54:02,2026-09-17 08:59:02,Expédition
CityLine-0286,Transmission,2026-09-17 08:59:31,2026-09-17 09:17:12,Montage 4
CityLine-0284,Accessoires,2026-09-17 09:02:25,2026-09-17 09:09:50,Montage 6
CityLine-0285,Freins,2026-09-17 09:02:25,2026-09-17 09:14:50,Montage 5
CityLine-0284,Contrôle final,2026-09-17 09:09:50,2026-09-17 09:16:33,Contrôle 7
CityLine-0285,Accessoires,2026-09-17 09:14:50,2026-09-17 09:23:22,Montage 6
CityLine-0284,Expédition,2026-09-17 09:16:33,2026-09-17 09:21:33,Expédition
CityLine-0286,Freins,2026-09-17 09:17:12,2026-09-17 09:28:07,Montage 5
CityLine-0287,Transmission,2026-09-17 09:17:12,2026-09-17 09:38:58,Montage 4
CityLine-0288,Cadre et peinture,2026-09-17 09:22:08,2026-09-17 09:31:42,Peinture 1
CityLine-0285,Contrôle final,2026-09-17 09:23:22,2026-09-17 09:31:32,Contrôle 7
CityLine-0286,Accessoires,2026-09-17 09:28:07,2026-09-17 09:36:27,Montage 6
CityLine-0285,Expédition,2026-09-17 09:31:32,2026-09-17 09:36:32,Expédition
CityLine-0288,Fourche et direction,2026-09-17 09:31:42,2026-09-17 09:41:47,Montage 2
CityLine-0289,Cadre et peinture,2026-09-17 09:31:42,2026-09-17 09:40:46,Peinture 1
CityLine-0286,Contrôle final,2026-09-17 09:36:27,2026-09-17 09:41:34,Contrôle 7
CityLine-0287,Freins,2026-09-17 09:38:58,2026-09-17 09:50:27,Montage 5
CityLine-0290,Cadre et peinture,2026-09-17 09:40:46,2026-09-17 09:50:44,Peinture 1
CityLine-0286,Retouche peinture,2026-09-17 09:41:34,2026-09-17 09:59:43,Retouche 8
CityLine-0288,Roues,2026-09-17 09:41:47,2026-09-17 09:54:01,Montage 3
CityLine-0289,Fourche et direction,2026-09-17 09:41:47,2026-09-17 09:50:36,Montage 2
CityLine-0287,Accessoires,2026-09-17 09:50:27,2026-09-17 10:02:48,Montage 6
CityLine-0290,Fourche et direction,2026-09-17 09:50:44,2026-09-17 09:57:21,Montage 2
CityLine-0291,Cadre et peinture,2026-09-17 09:50:44,2026-09-17 09:59:21,Peinture 1
CityLine-0288,Transmission,2026-09-17 09:54:01,2026-09-17 10:10:39,Montage 4
CityLine-0289,Roues,2026-09-17 09:54:01,2026-09-17 10:07:04,Montage 3
CityLine-0291,Fourche et direction,2026-09-17 09:59:21,2026-09-17 10:07:58,Montage 2
CityLine-0292,Cadre et peinture,2026-09-17 09:59:21,2026-09-17 10:10:52,Peinture 1
CityLine-0286,Contrôle final,2026-09-17 09:59:43,2026-09-17 10:06:16,Contrôle 7
CityLine-0286,Expédition,2026-09-17 10:06:16,2026-09-17 10:11:16,Expédition
CityLine-0287,Contrôle final,2026-09-17 10:06:16,2026-09-17 10:13:18,Contrôle 7
CityLine-0290,Roues,2026-09-17 10:07:04,2026-09-17 10:18:25,Montage 3
CityLine-0288,Freins,2026-09-17 10:10:39,2026-09-17 10:22:15,Montage 5
CityLine-0289,Transmission,2026-09-17 10:10:39,2026-09-17 10:30:57,Montage 4
CityLine-0292,Fourche et direction,2026-09-17 10:10:52,2026-09-17 10:20:14,Montage 2
CityLine-0293,Cadre et peinture,2026-09-17 10:10:52,2026-09-17 10:20:39,Peinture 1
CityLine-0287,Expédition,2026-09-17 10:13:18,2026-09-17 10:18:18,Expédition
CityLine-0291,Roues,2026-09-17 10:18:25,2026-09-17 10:26:41,Montage 3
CityLine-0293,Fourche et direction,2026-09-17 10:20:39,2026-09-17 10:28:36,Montage 2
CityLine-0294,Changement de couleur,2026-09-17 10:20:39,2026-09-17 11:05:39,Peinture 1
CityLine-0288,Accessoires,2026-09-17 10:22:15,2026-09-17 10:29:47,Montage 6
CityLine-0292,Roues,2026-09-17 10:26:41,2026-09-17 10:32:25,Montage 3
CityLine-0288,Contrôle final,2026-09-17 10:29:47,2026-09-17 10:37:07,Contrôle 7
CityLine-0289,Freins,2026-09-17 10:30:57,2026-09-17 10:42:41,Montage 5
CityLine-0290,Transmission,2026-09-17 10:30:57,2026-09-17 10:53:04,Montage 4
CityLine-0293,Roues,2026-09-17 10:32:25,2026-09-17 10:44:12,Montage 3
CityLine-0288,Expédition,2026-09-17 10:37:07,2026-09-17 10:42:07,Expédition
CityLine-0289,Accessoires,2026-09-17 10:42:41,2026-09-17 10:50:32,Montage 6
CityLine-0289,Contrôle final,2026-09-17 10:50:32,2026-09-17 10:57:09,Contrôle 7
CityLine-0290,Freins,2026-09-17 10:53:04,2026-09-17 11:09:07,Montage 5
CityLine-0291,Transmission,2026-09-17 10:53:04,2026-09-17 11:13:25,Montage 4
CityLine-0289,Expédition,2026-09-17 10:57:09,2026-09-17 11:02:09,Expédition
CityLine-0294,Cadre et peinture,2026-09-17 11:05:39,2026-09-17 11:16:12,Peinture 1
CityLine-0290,Accessoires,2026-09-17 11:09:07,2026-09-17 11:19:24,Montage 6
CityLine-0291,Freins,2026-09-17 11:13:25,2026-09-17 11:25:18,Montage 5
CityLine-0292,Transmission,2026-09-17 11:13:25,2026-09-17 11:32:21,Montage 4
CityLine-0294,Fourche et direction,2026-09-17 11:16:12,2026-09-17 11:25:14,Montage 2
CityLine-0295,Cadre et peinture,2026-09-17 11:16:12,2026-09-17 11:28:10,Peinture 1
CityLine-0290,Contrôle final,2026-09-17 11:19:24,2026-09-17 11:25:09,Contrôle 7
CityLine-0290,Expédition,2026-09-17 11:25:09,2026-09-17 11:30:09,Expédition
CityLine-0294,Roues,2026-09-17 11:25:14,2026-09-17 11:40:15,Montage 3
CityLine-0291,Accessoires,2026-09-17 11:25:18,2026-09-17 11:34:57,Montage 6
CityLine-0295,Fourche et direction,2026-09-17 11:28:10,2026-09-17 11:33:40,Montage 2
CityLine-0296,Cadre et peinture,2026-09-17 11:28:10,2026-09-17 11:37:20,Peinture 1
CityLine-0292,Freins,2026-09-17 11:32:21,2026-09-17 11:44:07,Montage 5
CityLine-0293,Transmission,2026-09-17 11:32:21,2026-09-17 11:54:03,Montage 4
CityLine-0291,Contrôle final,2026-09-17 11:34:57,2026-09-17 11:40:55,Contrôle 7
CityLine-0296,Fourche et direction,2026-09-17 11:37:20,2026-09-17 11:44:50,Montage 2
CityLine-0297,Cadre et peinture,2026-09-17 11:37:20,2026-09-17 11:46:48,Peinture 1
CityLine-0295,Roues,2026-09-17 11:40:15,2026-09-17 11:51:21,Montage 3
CityLine-0291,Expédition,2026-09-17 11:40:55,2026-09-17 11:45:55,Expédition
CityLine-0292,Accessoires,2026-09-17 11:44:07,2026-09-17 11:51:50,Montage 6
CityLine-0297,Fourche et direction,2026-09-17 11:46:48,2026-09-17 11:53:29,Montage 2
CityLine-0298,Cadre et peinture,2026-09-17 11:46:48,2026-09-17 11:56:10,Peinture 1
CityLine-0296,Roues,2026-09-17 11:51:21,2026-09-17 12:02:23,Montage 3
CityLine-0292,Contrôle final,2026-09-17 11:51:50,2026-09-17 11:59:03,Contrôle 7
CityLine-0293,Freins,2026-09-17 11:54:03,2026-09-17 12:05:03,Montage 5
CityLine-0294,Transmission,2026-09-17 11:54:03,2026-09-17 12:12:00,Montage 4
CityLine-0298,Fourche et direction,2026-09-17 11:56:10,2026-09-17 12:05:12,Montage 2
CityLine-0299,Cadre et peinture,2026-09-17 11:56:10,2026-09-17 12:06:04,Peinture 1
CityLine-0292,Expédition,2026-09-17 11:59:03,2026-09-17 12:04:03,Expédition
CityLine-0297,Roues,2026-09-17 12:02:23,2026-09-17 12:14:12,Montage 3
CityLine-0293,Accessoires,2026-09-17 12:05:03,2026-09-17 12:16:11,Montage 6
CityLine-0299,Fourche et direction,2026-09-17 12:06:04,2026-09-17 12:14:37,Montage 2
CityLine-0300,Changement de couleur,2026-09-17 12:06:04,2026-09-17 12:51:04,Peinture 1
CityLine-0294,Freins,2026-09-17 12:12:00,2026-09-17 12:22:23,Montage 5
CityLine-0295,Transmission,2026-09-17 12:12:00,2026-09-17 12:29:43,Montage 4
CityLine-0298,Roues,2026-09-17 12:14:12,2026-09-17 12:24:53,Montage 3
CityLine-0293,Contrôle final,2026-09-17 12:16:11,2026-09-17 12:21:33,Contrôle 7
CityLine-0293,Expédition,2026-09-17 12:21:33,2026-09-17 12:26:33,Expédition
CityLine-0294,Accessoires,2026-09-17 12:22:23,2026-09-17 12:33:02,Montage 6
CityLine-0299,Roues,2026-09-17 12:24:53,2026-09-17 12:36:53,Montage 3
CityLine-0295,Freins,2026-09-17 12:29:43,2026-09-17 12:39:25,Montage 5
CityLine-0296,Transmission,2026-09-17 12:29:43,2026-09-17 12:52:33,Montage 4
CityLine-0294,Contrôle final,2026-09-17 12:33:02,2026-09-17 12:40:06,Contrôle 7
CityLine-0295,Accessoires,2026-09-17 12:39:25,2026-09-17 12:45:47,Montage 6
CityLine-0294,Expédition,2026-09-17 12:40:06,2026-09-17 12:45:06,Expédition
CityLine-0295,Contrôle final,2026-09-17 12:45:47,2026-09-17 12:52:42,Contrôle 7
CityLine-0300,Cadre et peinture,2026-09-17 12:51:04,2026-09-17 13:02:48,Peinture 1
CityLine-0296,Freins,2026-09-17 12:52:33,2026-09-17 13:04:29,Montage 5
CityLine-0297,Transmission,2026-09-17 12:52:33,2026-09-17 13:10:06,Montage 4
CityLine-0295,Expédition,2026-09-17 12:52:42,2026-09-17 12:57:42,Expédition
CityLine-0300,Fourche et direction,2026-09-17 13:02:48,2026-09-17 13:11:45,Montage 2
CityLine-0296,Accessoires,2026-09-17 13:04:29,2026-09-17 13:16:31,Montage 6
CityLine-0297,Freins,2026-09-17 13:10:06,2026-09-17 13:23:04,Montage 5
CityLine-0298,Transmission,2026-09-17 13:10:06,2026-09-17 13:27:41,Montage 4
CityLine-0300,Roues,2026-09-17 13:11:45,2026-09-17 13:22:27,Montage 3
CityLine-0296,Contrôle final,2026-09-17 13:16:31,2026-09-17 13:25:05,Contrôle 7
CityLine-0297,Accessoires,2026-09-17 13:23:04,2026-09-17 13:32:33,Montage 6
CityLine-0296,Expédition,2026-09-17 13:25:05,2026-09-17 13:30:05,Expédition
CityLine-0298,Freins,2026-09-17 13:27:41,2026-09-17 13:41:34,Montage 5
CityLine-0299,Transmission,2026-09-17 13:27:41,2026-09-17 13:50:48,Montage 4
CityLine-0297,Contrôle final,2026-09-17 13:32:33,2026-09-17 13:39:46,Contrôle 7
CityLine-0297,Expédition,2026-09-17 13:39:46,2026-09-17 13:44:46,Expédition
CityLine-0298,Accessoires,2026-09-17 13:41:34,2026-09-17 13:51:21,Montage 6
CityLine-0299,Freins,2026-09-17 13:50:48,2026-09-17 14:01:43,Montage 5
CityLine-0300,Transmission,2026-09-17 13:50:48,2026-09-17 14:07:40,Montage 4
CityLine-0298,Contrôle final,2026-09-17 13:51:21,2026-09-17 13:56:30,Contrôle 7
CityLine-0298,Expédition,2026-09-17 13:56:30,2026-09-17 14:01:30,Expédition
CityLine-0299,Accessoires,2026-09-17 14:01:43,2026-09-17 14:10:14,Montage 6
CityLine-0300,Freins,2026-09-17 14:07:40,2026-09-17 14:21:15,Montage 5
CityLine-0299,Contrôle final,2026-09-17 14:10:14,2026-09-17 14:17:57,Contrôle 7
CityLine-0299,Expédition,2026-09-17 14:17:57,2026-09-17 14:22:57,Expédition
CityLine-0300,Accessoires,2026-09-17 14:21:15,2026-09-17 14:30:57,Montage 6
CityLine-0300,Contrôle final,2026-09-17 14:30:57,2026-09-17 14:38:27,Contrôle 7
CityLine-0300,Expédition,2026-09-17 14:38:27,2026-09-17 14:43:27,Expédition
